filepath,skater,camera,jump_type,attempt_number,group_id,is_combination,is_target_class,split,file_size_bytes,mp4_header_ok
skater_A/cam_1/Axel_1.mp4,A,1,Axel,1,A_Axel_1,False,True,test,2490664,True
skater_A/cam_1/Axel_10.mp4,A,1,Axel,10,A_Axel_10,False,True,test,2537900,True
skater_A/cam_1/Axel_2.mp4,A,1,Axel,2,A_Axel_2,False,True,train,3085273,True
skater_A/cam_1/Axel_3.mp4,A,1,Axel,3,A_Axel_3,False,True,train,2589403,True
skater_A/cam_1/Axel_4.mp4,A,1,Axel,4,A_Axel_4,False,True,val,2555386,True
skater_A/cam_1/Axel_5.mp4,A,1,Axel,5,A_Axel_5,False,True,train,2779002,True
skater_A/cam_1/Axel_6.mp4,A,1,Axel,6,A_Axel_6,False,True,train,3003848,True
skater_A/cam_1/Axel_7.mp4,A,1,Axel,7,A_Axel_7,False,True,train,2482482,True
skater_A/cam_1/Axel_8.mp4,A,1,Axel,8,A_Axel_8,False,True,train,3029817,True
skater_A/cam_1/Axel_9.mp4,A,1,Axel,9,A_Axel_9,False,True,train,2585090,True
skater_A/cam_1/Flip_1.mp4,A,1,Flip,1,A_Flip_1,False,True,val,3106338,True
skater_A/cam_1/Flip_10.mp4,A,1,Flip,10,A_Flip_10,False,True,train,2763082,True
skater_A/cam_1/Flip_2.mp4,A,1,Flip,2,A_Flip_2,False,True,train,3120907,True
skater_A/cam_1/Flip_3.mp4,A,1,Flip,3,A_Flip_3,False,True,train,2723351,True
skater_A/cam_1/Flip_4.mp4,A,1,Flip,4,A_Flip_4,False,True,train,3050010,True
skater_A/cam_1/Flip_5.mp4,A,1,Flip,5,A_Flip_5,False,True,train,3076593,True
skater_A/cam_1/Flip_6.mp4,A,1,Flip,6,A_Flip_6,False,True,val,2962041,True
skater_A/cam_1/Flip_7.mp4,A,1,Flip,7,A_Flip_7,False,True,train,3046103,True
skater_A/cam_1/Flip_8.mp4,A,1,Flip,8,A_Flip_8,False,True,train,2999943,True
skater_A/cam_1/Flip_9.mp4,A,1,Flip,9,A_Flip_9,False,True,test,2912566,True
skater_A/cam_1/Loop_1.mp4,A,1,Loop,1,A_Loop_1,False,True,train,2839721,True
skater_A/cam_1/Loop_10.mp4,A,1,Loop,10,A_Loop_10,False,True,train,2546834,True
skater_A/cam_1/Loop_2.mp4,A,1,Loop,2,A_Loop_2,False,True,train,2629838,True
skater_A/cam_1/Loop_3.mp4,A,1,Loop,3,A_Loop_3,False,True,test,2768047,True
skater_A/cam_1/Loop_4.mp4,A,1,Loop,4,A_Loop_4,False,True,train,3166867,True
skater_A/cam_1/Loop_5.mp4,A,1,Loop,5,A_Loop_5,False,True,train,3108274,True
skater_A/cam_1/Loop_6.mp4,A,1,Loop,6,A_Loop_6,False,True,val,2560744,True
skater_A/cam_1/Loop_7.mp4,A,1,Loop,7,A_Loop_7,False,True,train,2750523,True
skater_A/cam_1/Loop_8.mp4,A,1,Loop,8,A_Loop_8,False,True,test,3010655,True
skater_A/cam_1/Loop_9.mp4,A,1,Loop,9,A_Loop_9,False,True,train,3030076,True
skater_A/cam_1/Lutz_1.mp4,A,1,Lutz,1,A_Lutz_1,False,True,train,3250052,True
skater_A/cam_1/Lutz_10.mp4,A,1,Lutz,10,A_Lutz_10,False,True,train,2603823,True
skater_A/cam_1/Lutz_2.mp4,A,1,Lutz,2,A_Lutz_2,False,True,train,2498934,True
skater_A/cam_1/Lutz_3.mp4,A,1,Lutz,3,A_Lutz_3,False,True,train,2528627,True
skater_A/cam_1/Lutz_4.mp4,A,1,Lutz,4,A_Lutz_4,False,True,val,2624657,True
skater_A/cam_1/Lutz_5.mp4,A,1,Lutz,5,A_Lutz_5,False,True,val,3051124,True
skater_A/cam_1/Lutz_6.mp4,A,1,Lutz,6,A_Lutz_6,False,True,test,3013756,True
skater_A/cam_1/Lutz_7.mp4,A,1,Lutz,7,A_Lutz_7,False,True,train,2816999,True
skater_A/cam_1/Lutz_8.mp4,A,1,Lutz,8,A_Lutz_8,False,True,train,3144104,True
skater_A/cam_1/Lutz_9.mp4,A,1,Lutz,9,A_Lutz_9,False,True,train,2921677,True
skater_A/cam_1/Salchow_1.mp4,A,1,Salchow,1,A_Salchow_1,False,True,train,2862926,True
skater_A/cam_1/Salchow_10.mp4,A,1,Salchow,10,A_Salchow_10,False,True,test,3023338,True
skater_A/cam_1/Salchow_2.mp4,A,1,Salchow,2,A_Salchow_2,False,True,train,2575050,True
skater_A/cam_1/Salchow_3.mp4,A,1,Salchow,3,A_Salchow_3,False,True,train,2696891,True
skater_A/cam_1/Salchow_4.mp4,A,1,Salchow,4,A_Salchow_4,False,True,train,3073683,True
skater_A/cam_1/Salchow_5.mp4,A,1,Salchow,5,A_Salchow_5,False,True,test,2835332,True
skater_A/cam_1/Salchow_6.mp4,A,1,Salchow,6,A_Salchow_6,False,True,train,2790985,True
skater_A/cam_1/Salchow_7.mp4,A,1,Salchow,7,A_Salchow_7,False,True,train,2850281,True
skater_A/cam_1/Salchow_8.mp4,A,1,Salchow,8,A_Salchow_8,False,True,val,3060391,True
skater_A/cam_1/Salchow_9.mp4,A,1,Salchow,9,A_Salchow_9,False,True,train,2722586,True
skater_A/cam_1/Toeloop_1.mp4,A,1,Toeloop,1,A_Toeloop_1,False,True,train,2822976,True
skater_A/cam_1/Toeloop_10.mp4,A,1,Toeloop,10,A_Toeloop_10,False,True,val,2854411,True
skater_A/cam_1/Toeloop_2.mp4,A,1,Toeloop,2,A_Toeloop_2,False,True,train,2783277,True
skater_A/cam_1/Toeloop_3.mp4,A,1,Toeloop,3,A_Toeloop_3,False,True,train,3174040,True
skater_A/cam_1/Toeloop_4.mp4,A,1,Toeloop,4,A_Toeloop_4,False,True,val,2885523,True
skater_A/cam_1/Toeloop_5.mp4,A,1,Toeloop,5,A_Toeloop_5,False,True,train,2654230,True
skater_A/cam_1/Toeloop_6.mp4,A,1,Toeloop,6,A_Toeloop_6,False,True,test,3096756,True
skater_A/cam_1/Toeloop_7.mp4,A,1,Toeloop,7,A_Toeloop_7,False,True,train,2757503,True
skater_A/cam_1/Toeloop_8.mp4,A,1,Toeloop,8,A_Toeloop_8,False,True,train,2896868,True
skater_A/cam_1/Toeloop_9.mp4,A,1,Toeloop,9,A_Toeloop_9,False,True,train,2876035,True
skater_A/cam_10/Axel_1.mp4,A,10,Axel,1,A_Axel_1,False,True,test,2122126,True
skater_A/cam_10/Axel_10.mp4,A,10,Axel,10,A_Axel_10,False,True,test,2454100,True
skater_A/cam_10/Axel_2.mp4,A,10,Axel,2,A_Axel_2,False,True,train,2633420,True
skater_A/cam_10/Axel_3.mp4,A,10,Axel,3,A_Axel_3,False,True,train,2527045,True
skater_A/cam_10/Axel_4.mp4,A,10,Axel,4,A_Axel_4,False,True,val,2043023,True
skater_A/cam_10/Axel_5.mp4,A,10,Axel,5,A_Axel_5,False,True,train,2735706,True
skater_A/cam_10/Axel_6.mp4,A,10,Axel,6,A_Axel_6,False,True,train,2400947,True
skater_A/cam_10/Axel_7.mp4,A,10,Axel,7,A_Axel_7,False,True,train,2225373,True
skater_A/cam_10/Axel_8.mp4,A,10,Axel,8,A_Axel_8,False,True,train,2699568,True
skater_A/cam_10/Axel_9.mp4,A,10,Axel,9,A_Axel_9,False,True,train,2087059,True
skater_A/cam_10/Flip_1.mp4,A,10,Flip,1,A_Flip_1,False,True,val,2876136,True
skater_A/cam_10/Flip_10.mp4,A,10,Flip,10,A_Flip_10,False,True,train,2710341,True
skater_A/cam_10/Flip_2.mp4,A,10,Flip,2,A_Flip_2,False,True,train,2599668,True
skater_A/cam_10/Flip_3.mp4,A,10,Flip,3,A_Flip_3,False,True,train,2825052,True
skater_A/cam_10/Flip_4.mp4,A,10,Flip,4,A_Flip_4,False,True,train,2689627,True
skater_A/cam_10/Flip_5.mp4,A,10,Flip,5,A_Flip_5,False,True,train,2740747,True
skater_A/cam_10/Flip_6.mp4,A,10,Flip,6,A_Flip_6,False,True,val,2784137,True
skater_A/cam_10/Flip_7.mp4,A,10,Flip,7,A_Flip_7,False,True,train,2846096,True
skater_A/cam_10/Flip_8.mp4,A,10,Flip,8,A_Flip_8,False,True,train,2866410,True
skater_A/cam_10/Flip_9.mp4,A,10,Flip,9,A_Flip_9,False,True,test,2411056,True
skater_A/cam_10/Loop_1.mp4,A,10,Loop,1,A_Loop_1,False,True,train,2349437,True
skater_A/cam_10/Loop_10.mp4,A,10,Loop,10,A_Loop_10,False,True,train,2404071,True
skater_A/cam_10/Loop_2.mp4,A,10,Loop,2,A_Loop_2,False,True,train,2169366,True
skater_A/cam_10/Loop_3.mp4,A,10,Loop,3,A_Loop_3,False,True,test,2280558,True
skater_A/cam_10/Loop_4.mp4,A,10,Loop,4,A_Loop_4,False,True,train,2925894,True
skater_A/cam_10/Loop_5.mp4,A,10,Loop,5,A_Loop_5,False,True,train,2711251,True
skater_A/cam_10/Loop_6.mp4,A,10,Loop,6,A_Loop_6,False,True,val,1970716,True
skater_A/cam_10/Loop_7.mp4,A,10,Loop,7,A_Loop_7,False,True,train,2126032,True
skater_A/cam_10/Loop_8.mp4,A,10,Loop,8,A_Loop_8,False,True,test,2563043,True
skater_A/cam_10/Loop_9.mp4,A,10,Loop,9,A_Loop_9,False,True,train,2824522,True
skater_A/cam_10/Lutz_1.mp4,A,10,Lutz,1,A_Lutz_1,False,True,train,2736164,True
skater_A/cam_10/Lutz_10.mp4,A,10,Lutz,10,A_Lutz_10,False,True,train,2558645,True
skater_A/cam_10/Lutz_2.mp4,A,10,Lutz,2,A_Lutz_2,False,True,train,2336314,True
skater_A/cam_10/Lutz_3.mp4,A,10,Lutz,3,A_Lutz_3,False,True,train,2537126,True
skater_A/cam_10/Lutz_4.mp4,A,10,Lutz,4,A_Lutz_4,False,True,val,2451295,True
skater_A/cam_10/Lutz_5.mp4,A,10,Lutz,5,A_Lutz_5,False,True,val,2772622,True
skater_A/cam_10/Lutz_6.mp4,A,10,Lutz,6,A_Lutz_6,False,True,test,2902013,True
skater_A/cam_10/Lutz_7.mp4,A,10,Lutz,7,A_Lutz_7,False,True,train,2531789,True
skater_A/cam_10/Lutz_8.mp4,A,10,Lutz,8,A_Lutz_8,False,True,train,2878600,True
skater_A/cam_10/Lutz_9.mp4,A,10,Lutz,9,A_Lutz_9,False,True,train,2342709,True
skater_A/cam_10/Salchow_1.mp4,A,10,Salchow,1,A_Salchow_1,False,True,train,2350965,True
skater_A/cam_10/Salchow_10.mp4,A,10,Salchow,10,A_Salchow_10,False,True,test,2549042,True
skater_A/cam_10/Salchow_2.mp4,A,10,Salchow,2,A_Salchow_2,False,True,train,2326679,True
skater_A/cam_10/Salchow_3.mp4,A,10,Salchow,3,A_Salchow_3,False,True,train,2207739,True
skater_A/cam_10/Salchow_4.mp4,A,10,Salchow,4,A_Salchow_4,False,True,train,2834681,True
skater_A/cam_10/Salchow_5.mp4,A,10,Salchow,5,A_Salchow_5,False,True,test,2323135,True
skater_A/cam_10/Salchow_6.mp4,A,10,Salchow,6,A_Salchow_6,False,True,train,2541716,True
skater_A/cam_10/Salchow_7.mp4,A,10,Salchow,7,A_Salchow_7,False,True,train,2315620,True
skater_A/cam_10/Salchow_8.mp4,A,10,Salchow,8,A_Salchow_8,False,True,val,2828473,True
skater_A/cam_10/Salchow_9.mp4,A,10,Salchow,9,A_Salchow_9,False,True,train,2574288,True
skater_A/cam_10/Toeloop_1.mp4,A,10,Toeloop,1,A_Toeloop_1,False,True,train,2820666,True
skater_A/cam_10/Toeloop_10.mp4,A,10,Toeloop,10,A_Toeloop_10,False,True,val,2550458,True
skater_A/cam_10/Toeloop_2.mp4,A,10,Toeloop,2,A_Toeloop_2,False,True,train,2200726,True
skater_A/cam_10/Toeloop_3.mp4,A,10,Toeloop,3,A_Toeloop_3,False,True,train,2757764,True
skater_A/cam_10/Toeloop_4.mp4,A,10,Toeloop,4,A_Toeloop_4,False,True,val,2451137,True
skater_A/cam_10/Toeloop_5.mp4,A,10,Toeloop,5,A_Toeloop_5,False,True,train,2172721,True
skater_A/cam_10/Toeloop_6.mp4,A,10,Toeloop,6,A_Toeloop_6,False,True,test,2840209,True
skater_A/cam_10/Toeloop_7.mp4,A,10,Toeloop,7,A_Toeloop_7,False,True,train,2197447,True
skater_A/cam_10/Toeloop_8.mp4,A,10,Toeloop,8,A_Toeloop_8,False,True,train,2656658,True
skater_A/cam_10/Toeloop_9.mp4,A,10,Toeloop,9,A_Toeloop_9,False,True,train,2735403,True
skater_A/cam_11/Axel_1.mp4,A,11,Axel,1,A_Axel_1,False,True,test,2515187,True
skater_A/cam_11/Axel_10.mp4,A,11,Axel,10,A_Axel_10,False,True,test,2867200,True
skater_A/cam_11/Axel_2.mp4,A,11,Axel,2,A_Axel_2,False,True,train,3020791,True
skater_A/cam_11/Axel_3.mp4,A,11,Axel,3,A_Axel_3,False,True,train,2924716,True
skater_A/cam_11/Axel_4.mp4,A,11,Axel,4,A_Axel_4,False,True,val,2453560,True
skater_A/cam_11/Axel_5.mp4,A,11,Axel,5,A_Axel_5,False,True,train,3155967,True
skater_A/cam_11/Axel_6.mp4,A,11,Axel,6,A_Axel_6,False,True,train,2788934,True
skater_A/cam_11/Axel_7.mp4,A,11,Axel,7,A_Axel_7,False,True,train,2525648,True
skater_A/cam_11/Axel_8.mp4,A,11,Axel,8,A_Axel_8,False,True,train,3070808,True
skater_A/cam_11/Axel_9.mp4,A,11,Axel,9,A_Axel_9,False,True,train,2381536,True
skater_A/cam_11/Flip_1.mp4,A,11,Flip,1,A_Flip_1,False,True,val,3290394,True
skater_A/cam_11/Flip_10.mp4,A,11,Flip,10,A_Flip_10,False,True,train,2973054,True
skater_A/cam_11/Flip_2.mp4,A,11,Flip,2,A_Flip_2,False,True,train,3007027,True
skater_A/cam_11/Flip_3.mp4,A,11,Flip,3,A_Flip_3,False,True,train,3121457,True
skater_A/cam_11/Flip_4.mp4,A,11,Flip,4,A_Flip_4,False,True,train,3101495,True
skater_A/cam_11/Flip_5.mp4,A,11,Flip,5,A_Flip_5,False,True,train,3198085,True
skater_A/cam_11/Flip_6.mp4,A,11,Flip,6,A_Flip_6,False,True,val,3301572,True
skater_A/cam_11/Flip_7.mp4,A,11,Flip,7,A_Flip_7,False,True,train,3264206,True
skater_A/cam_11/Flip_8.mp4,A,11,Flip,8,A_Flip_8,False,True,train,3330069,True
skater_A/cam_11/Flip_9.mp4,A,11,Flip,9,A_Flip_9,False,True,test,2800806,True
skater_A/cam_11/Loop_1.mp4,A,11,Loop,1,A_Loop_1,False,True,train,2777190,True
skater_A/cam_11/Loop_10.mp4,A,11,Loop,10,A_Loop_10,False,True,train,2744974,True
skater_A/cam_11/Loop_2.mp4,A,11,Loop,2,A_Loop_2,False,True,train,2510971,True
skater_A/cam_11/Loop_3.mp4,A,11,Loop,3,A_Loop_3,False,True,test,2670965,True
skater_A/cam_11/Loop_4.mp4,A,11,Loop,4,A_Loop_4,False,True,train,3371510,True
skater_A/cam_11/Loop_5.mp4,A,11,Loop,5,A_Loop_5,False,True,train,3125111,True
skater_A/cam_11/Loop_6.mp4,A,11,Loop,6,A_Loop_6,False,True,val,2477563,True
skater_A/cam_11/Loop_7.mp4,A,11,Loop,7,A_Loop_7,False,True,train,2482777,True
skater_A/cam_11/Loop_8.mp4,A,11,Loop,8,A_Loop_8,False,True,test,2930193,True
skater_A/cam_11/Loop_9.mp4,A,11,Loop,9,A_Loop_9,False,True,train,3239633,True
skater_A/cam_11/Lutz_1.mp4,A,11,Lutz,1,A_Lutz_1,False,True,train,3236235,True
skater_A/cam_11/Lutz_10.mp4,A,11,Lutz,10,A_Lutz_10,False,True,train,2878569,True
skater_A/cam_11/Lutz_2.mp4,A,11,Lutz,2,A_Lutz_2,False,True,train,2692967,True
skater_A/cam_11/Lutz_3.mp4,A,11,Lutz,3,A_Lutz_3,False,True,train,2877370,True
skater_A/cam_11/Lutz_4.mp4,A,11,Lutz,4,A_Lutz_4,False,True,val,2801385,True
skater_A/cam_11/Lutz_5.mp4,A,11,Lutz,5,A_Lutz_5,False,True,val,3224928,True
skater_A/cam_11/Lutz_6.mp4,A,11,Lutz,6,A_Lutz_6,False,True,test,3253362,True
skater_A/cam_11/Lutz_7.mp4,A,11,Lutz,7,A_Lutz_7,False,True,train,2959582,True
skater_A/cam_11/Lutz_8.mp4,A,11,Lutz,8,A_Lutz_8,False,True,train,3339439,True
skater_A/cam_11/Lutz_9.mp4,A,11,Lutz,9,A_Lutz_9,False,True,train,2766535,True
skater_A/cam_11/Salchow_1.mp4,A,11,Salchow,1,A_Salchow_1,False,True,train,2767399,True
skater_A/cam_11/Salchow_10.mp4,A,11,Salchow,10,A_Salchow_10,False,True,test,2916024,True
skater_A/cam_11/Salchow_2.mp4,A,11,Salchow,2,A_Salchow_2,False,True,train,2751354,True
skater_A/cam_11/Salchow_3.mp4,A,11,Salchow,3,A_Salchow_3,False,True,train,2537610,True
skater_A/cam_11/Salchow_4.mp4,A,11,Salchow,4,A_Salchow_4,False,True,train,3312086,True
skater_A/cam_11/Salchow_5.mp4,A,11,Salchow,5,A_Salchow_5,False,True,test,2768486,True
skater_A/cam_11/Salchow_6.mp4,A,11,Salchow,6,A_Salchow_6,False,True,train,2991329,True
skater_A/cam_11/Salchow_7.mp4,A,11,Salchow,7,A_Salchow_7,False,True,train,2725897,True
skater_A/cam_11/Salchow_8.mp4,A,11,Salchow,8,A_Salchow_8,False,True,val,3181328,True
skater_A/cam_11/Salchow_9.mp4,A,11,Salchow,9,A_Salchow_9,False,True,train,2993905,True
skater_A/cam_11/Toeloop_1.mp4,A,11,Toeloop,1,A_Toeloop_1,False,True,train,3283563,True
skater_A/cam_11/Toeloop_10.mp4,A,11,Toeloop,10,A_Toeloop_10,False,True,val,2907138,True
skater_A/cam_11/Toeloop_2.mp4,A,11,Toeloop,2,A_Toeloop_2,False,True,train,2598148,True
skater_A/cam_11/Toeloop_3.mp4,A,11,Toeloop,3,A_Toeloop_3,False,True,train,3116688,True
skater_A/cam_11/Toeloop_4.mp4,A,11,Toeloop,4,A_Toeloop_4,False,True,val,2912235,True
skater_A/cam_11/Toeloop_5.mp4,A,11,Toeloop,5,A_Toeloop_5,False,True,train,2431465,True
skater_A/cam_11/Toeloop_6.mp4,A,11,Toeloop,6,A_Toeloop_6,False,True,test,3188493,True
skater_A/cam_11/Toeloop_7.mp4,A,11,Toeloop,7,A_Toeloop_7,False,True,train,2543579,True
skater_A/cam_11/Toeloop_8.mp4,A,11,Toeloop,8,A_Toeloop_8,False,True,train,3233488,True
skater_A/cam_11/Toeloop_9.mp4,A,11,Toeloop,9,A_Toeloop_9,False,True,train,3178510,True
skater_A/cam_12/Axel_1.mp4,A,12,Axel,1,A_Axel_1,False,True,test,2722093,True
skater_A/cam_12/Axel_10.mp4,A,12,Axel,10,A_Axel_10,False,True,test,3070000,True
skater_A/cam_12/Axel_2.mp4,A,12,Axel,2,A_Axel_2,False,True,train,3192027,True
skater_A/cam_12/Axel_3.mp4,A,12,Axel,3,A_Axel_3,False,True,train,3035635,True
skater_A/cam_12/Axel_4.mp4,A,12,Axel,4,A_Axel_4,False,True,val,2602529,True
skater_A/cam_12/Axel_5.mp4,A,12,Axel,5,A_Axel_5,False,True,train,3260868,True
skater_A/cam_12/Axel_6.mp4,A,12,Axel,6,A_Axel_6,False,True,train,2946215,True
skater_A/cam_12/Axel_7.mp4,A,12,Axel,7,A_Axel_7,False,True,train,2706030,True
skater_A/cam_12/Axel_8.mp4,A,12,Axel,8,A_Axel_8,False,True,train,3174638,True
skater_A/cam_12/Axel_9.mp4,A,12,Axel,9,A_Axel_9,False,True,train,2600382,True
skater_A/cam_12/Flip_1.mp4,A,12,Flip,1,A_Flip_1,False,True,val,3487216,True
skater_A/cam_12/Flip_10.mp4,A,12,Flip,10,A_Flip_10,False,True,train,3149075,True
skater_A/cam_12/Flip_2.mp4,A,12,Flip,2,A_Flip_2,False,True,train,3201511,True
skater_A/cam_12/Flip_3.mp4,A,12,Flip,3,A_Flip_3,False,True,train,3281548,True
skater_A/cam_12/Flip_4.mp4,A,12,Flip,4,A_Flip_4,False,True,train,3222485,True
skater_A/cam_12/Flip_5.mp4,A,12,Flip,5,A_Flip_5,False,True,train,3235442,True
skater_A/cam_12/Flip_6.mp4,A,12,Flip,6,A_Flip_6,False,True,val,3467473,True
skater_A/cam_12/Flip_7.mp4,A,12,Flip,7,A_Flip_7,False,True,train,3434129,True
skater_A/cam_12/Flip_8.mp4,A,12,Flip,8,A_Flip_8,False,True,train,3436650,True
skater_A/cam_12/Flip_9.mp4,A,12,Flip,9,A_Flip_9,False,True,test,2944058,True
skater_A/cam_12/Loop_1.mp4,A,12,Loop,1,A_Loop_1,False,True,train,2871679,True
skater_A/cam_12/Loop_10.mp4,A,12,Loop,10,A_Loop_10,False,True,train,2813058,True
skater_A/cam_12/Loop_2.mp4,A,12,Loop,2,A_Loop_2,False,True,train,2588576,True
skater_A/cam_12/Loop_3.mp4,A,12,Loop,3,A_Loop_3,False,True,test,2822491,True
skater_A/cam_12/Loop_4.mp4,A,12,Loop,4,A_Loop_4,False,True,train,3410100,True
skater_A/cam_12/Loop_5.mp4,A,12,Loop,5,A_Loop_5,False,True,train,3239760,True
skater_A/cam_12/Loop_6.mp4,A,12,Loop,6,A_Loop_6,False,True,val,2558027,True
skater_A/cam_12/Loop_7.mp4,A,12,Loop,7,A_Loop_7,False,True,train,2601602,True
skater_A/cam_12/Loop_8.mp4,A,12,Loop,8,A_Loop_8,False,True,test,3114491,True
skater_A/cam_12/Loop_9.mp4,A,12,Loop,9,A_Loop_9,False,True,train,3376199,True
skater_A/cam_12/Lutz_1.mp4,A,12,Lutz,1,A_Lutz_1,False,True,train,3352021,True
skater_A/cam_12/Lutz_10.mp4,A,12,Lutz,10,A_Lutz_10,False,True,train,3183201,True
skater_A/cam_12/Lutz_2.mp4,A,12,Lutz,2,A_Lutz_2,False,True,train,3022408,True
skater_A/cam_12/Lutz_3.mp4,A,12,Lutz,3,A_Lutz_3,False,True,train,2960695,True
skater_A/cam_12/Lutz_4.mp4,A,12,Lutz,4,A_Lutz_4,False,True,val,2921353,True
skater_A/cam_12/Lutz_5.mp4,A,12,Lutz,5,A_Lutz_5,False,True,val,3315959,True
skater_A/cam_12/Lutz_6.mp4,A,12,Lutz,6,A_Lutz_6,False,True,test,3399535,True
skater_A/cam_12/Lutz_7.mp4,A,12,Lutz,7,A_Lutz_7,False,True,train,3047164,True
skater_A/cam_12/Lutz_8.mp4,A,12,Lutz,8,A_Lutz_8,False,True,train,3390760,True
skater_A/cam_12/Lutz_9.mp4,A,12,Lutz,9,A_Lutz_9,False,True,train,2903760,True
skater_A/cam_12/Salchow_1.mp4,A,12,Salchow,1,A_Salchow_1,False,True,train,2867685,True
skater_A/cam_12/Salchow_10.mp4,A,12,Salchow,10,A_Salchow_10,False,True,test,3207247,True
skater_A/cam_12/Salchow_2.mp4,A,12,Salchow,2,A_Salchow_2,False,True,train,2868199,True
skater_A/cam_12/Salchow_3.mp4,A,12,Salchow,3,A_Salchow_3,False,True,train,2678961,True
skater_A/cam_12/Salchow_4.mp4,A,12,Salchow,4,A_Salchow_4,False,True,train,3408004,True
skater_A/cam_12/Salchow_5.mp4,A,12,Salchow,5,A_Salchow_5,False,True,test,2848837,True
skater_A/cam_12/Salchow_6.mp4,A,12,Salchow,6,A_Salchow_6,False,True,train,3137475,True
skater_A/cam_12/Salchow_7.mp4,A,12,Salchow,7,A_Salchow_7,False,True,train,2851296,True
skater_A/cam_12/Salchow_8.mp4,A,12,Salchow,8,A_Salchow_8,False,True,val,3326018,True
skater_A/cam_12/Salchow_9.mp4,A,12,Salchow,9,A_Salchow_9,False,True,train,3164035,True
skater_A/cam_12/Toeloop_1.mp4,A,12,Toeloop,1,A_Toeloop_1,False,True,train,3354722,True
skater_A/cam_12/Toeloop_10.mp4,A,12,Toeloop,10,A_Toeloop_10,False,True,val,2967738,True
skater_A/cam_12/Toeloop_2.mp4,A,12,Toeloop,2,A_Toeloop_2,False,True,train,2715474,True
skater_A/cam_12/Toeloop_3.mp4,A,12,Toeloop,3,A_Toeloop_3,False,True,train,3325219,True
skater_A/cam_12/Toeloop_4.mp4,A,12,Toeloop,4,A_Toeloop_4,False,True,val,2935440,True
skater_A/cam_12/Toeloop_5.mp4,A,12,Toeloop,5,A_Toeloop_5,False,True,train,2666647,True
skater_A/cam_12/Toeloop_6.mp4,A,12,Toeloop,6,A_Toeloop_6,False,True,test,3287161,True
skater_A/cam_12/Toeloop_7.mp4,A,12,Toeloop,7,A_Toeloop_7,False,True,train,2733416,True
skater_A/cam_12/Toeloop_8.mp4,A,12,Toeloop,8,A_Toeloop_8,False,True,train,3391257,True
skater_A/cam_12/Toeloop_9.mp4,A,12,Toeloop,9,A_Toeloop_9,False,True,train,3268220,True
skater_A/cam_2/Axel_1.mp4,A,2,Axel,1,A_Axel_1,False,True,test,2288477,True
skater_A/cam_2/Axel_10.mp4,A,2,Axel,10,A_Axel_10,False,True,test,2286384,True
skater_A/cam_2/Axel_2.mp4,A,2,Axel,2,A_Axel_2,False,True,train,3086684,True
skater_A/cam_2/Axel_3.mp4,A,2,Axel,3,A_Axel_3,False,True,train,2540631,True
skater_A/cam_2/Axel_4.mp4,A,2,Axel,4,A_Axel_4,False,True,val,2418993,True
skater_A/cam_2/Axel_5.mp4,A,2,Axel,5,A_Axel_5,False,True,train,2673479,True
skater_A/cam_2/Axel_6.mp4,A,2,Axel,6,A_Axel_6,False,True,train,2913590,True
skater_A/cam_2/Axel_7.mp4,A,2,Axel,7,A_Axel_7,False,True,train,2424648,True
skater_A/cam_2/Axel_8.mp4,A,2,Axel,8,A_Axel_8,False,True,train,3115283,True
skater_A/cam_2/Axel_9.mp4,A,2,Axel,9,A_Axel_9,False,True,train,2443186,True
skater_A/cam_2/Flip_1.mp4,A,2,Flip,1,A_Flip_1,False,True,val,3228101,True
skater_A/cam_2/Flip_10.mp4,A,2,Flip,10,A_Flip_10,False,True,train,2627612,True
skater_A/cam_2/Flip_2.mp4,A,2,Flip,2,A_Flip_2,False,True,train,3138771,True
skater_A/cam_2/Flip_3.mp4,A,2,Flip,3,A_Flip_3,False,True,train,2673360,True
skater_A/cam_2/Flip_4.mp4,A,2,Flip,4,A_Flip_4,False,True,train,2969746,True
skater_A/cam_2/Flip_5.mp4,A,2,Flip,5,A_Flip_5,False,True,train,3097440,True
skater_A/cam_2/Flip_6.mp4,A,2,Flip,6,A_Flip_6,False,True,val,3115029,True
skater_A/cam_2/Flip_7.mp4,A,2,Flip,7,A_Flip_7,False,True,train,3104961,True
skater_A/cam_2/Flip_8.mp4,A,2,Flip,8,A_Flip_8,False,True,train,3079873,True
skater_A/cam_2/Flip_9.mp4,A,2,Flip,9,A_Flip_9,False,True,test,2766749,True
skater_A/cam_2/Loop_1.mp4,A,2,Loop,1,A_Loop_1,False,True,train,2852751,True
skater_A/cam_2/Loop_10.mp4,A,2,Loop,10,A_Loop_10,False,True,train,2466739,True
skater_A/cam_2/Loop_2.mp4,A,2,Loop,2,A_Loop_2,False,True,train,2469502,True
skater_A/cam_2/Loop_3.mp4,A,2,Loop,3,A_Loop_3,False,True,test,2735588,True
skater_A/cam_2/Loop_4.mp4,A,2,Loop,4,A_Loop_4,False,True,train,3117023,True
skater_A/cam_2/Loop_5.mp4,A,2,Loop,5,A_Loop_5,False,True,train,2956228,True
skater_A/cam_2/Loop_6.mp4,A,2,Loop,6,A_Loop_6,False,True,val,2457246,True
skater_A/cam_2/Loop_7.mp4,A,2,Loop,7,A_Loop_7,False,True,train,2603099,True
skater_A/cam_2/Loop_8.mp4,A,2,Loop,8,A_Loop_8,False,True,test,2896198,True
skater_A/cam_2/Loop_9.mp4,A,2,Loop,9,A_Loop_9,False,True,train,3086270,True
skater_A/cam_2/Lutz_1.mp4,A,2,Lutz,1,A_Lutz_1,False,True,train,3202676,True
skater_A/cam_2/Lutz_10.mp4,A,2,Lutz,10,A_Lutz_10,False,True,train,2578861,True
skater_A/cam_2/Lutz_2.mp4,A,2,Lutz,2,A_Lutz_2,False,True,train,2394618,True
skater_A/cam_2/Lutz_3.mp4,A,2,Lutz,3,A_Lutz_3,False,True,train,2420506,True
skater_A/cam_2/Lutz_4.mp4,A,2,Lutz,4,A_Lutz_4,False,True,val,2482278,True
skater_A/cam_2/Lutz_5.mp4,A,2,Lutz,5,A_Lutz_5,False,True,val,3182054,True
skater_A/cam_2/Lutz_6.mp4,A,2,Lutz,6,A_Lutz_6,False,True,test,3169515,True
skater_A/cam_2/Lutz_7.mp4,A,2,Lutz,7,A_Lutz_7,False,True,train,2718476,True
skater_A/cam_2/Lutz_8.mp4,A,2,Lutz,8,A_Lutz_8,False,True,train,3228205,True
skater_A/cam_2/Lutz_9.mp4,A,2,Lutz,9,A_Lutz_9,False,True,train,2882823,True
skater_A/cam_2/Salchow_1.mp4,A,2,Salchow,1,A_Salchow_1,False,True,train,2790692,True
skater_A/cam_2/Salchow_10.mp4,A,2,Salchow,10,A_Salchow_10,False,True,test,2979245,True
skater_A/cam_2/Salchow_2.mp4,A,2,Salchow,2,A_Salchow_2,False,True,train,2463551,True
skater_A/cam_2/Salchow_3.mp4,A,2,Salchow,3,A_Salchow_3,False,True,train,2593030,True
skater_A/cam_2/Salchow_4.mp4,A,2,Salchow,4,A_Salchow_4,False,True,train,3188834,True
skater_A/cam_2/Salchow_5.mp4,A,2,Salchow,5,A_Salchow_5,False,True,test,2796748,True
skater_A/cam_2/Salchow_6.mp4,A,2,Salchow,6,A_Salchow_6,False,True,train,2693587,True
skater_A/cam_2/Salchow_7.mp4,A,2,Salchow,7,A_Salchow_7,False,True,train,2848340,True
skater_A/cam_2/Salchow_8.mp4,A,2,Salchow,8,A_Salchow_8,False,True,val,3205800,True
skater_A/cam_2/Salchow_9.mp4,A,2,Salchow,9,A_Salchow_9,False,True,train,2674770,True
skater_A/cam_2/Toeloop_1.mp4,A,2,Toeloop,1,A_Toeloop_1,False,True,train,2797472,True
skater_A/cam_2/Toeloop_10.mp4,A,2,Toeloop,10,A_Toeloop_10,False,True,val,2869537,True
skater_A/cam_2/Toeloop_2.mp4,A,2,Toeloop,2,A_Toeloop_2,False,True,train,2723950,True
skater_A/cam_2/Toeloop_3.mp4,A,2,Toeloop,3,A_Toeloop_3,False,True,train,3067974,True
skater_A/cam_2/Toeloop_4.mp4,A,2,Toeloop,4,A_Toeloop_4,False,True,val,2928961,True
skater_A/cam_2/Toeloop_5.mp4,A,2,Toeloop,5,A_Toeloop_5,False,True,train,2522260,True
skater_A/cam_2/Toeloop_6.mp4,A,2,Toeloop,6,A_Toeloop_6,False,True,test,3079213,True
skater_A/cam_2/Toeloop_7.mp4,A,2,Toeloop,7,A_Toeloop_7,False,True,train,2630201,True
skater_A/cam_2/Toeloop_8.mp4,A,2,Toeloop,8,A_Toeloop_8,False,True,train,3063316,True
skater_A/cam_2/Toeloop_9.mp4,A,2,Toeloop,9,A_Toeloop_9,False,True,train,2736126,True
skater_A/cam_3/Axel_1.mp4,A,3,Axel,1,A_Axel_1,False,True,test,2424876,True
skater_A/cam_3/Axel_10.mp4,A,3,Axel,10,A_Axel_10,False,True,test,2411944,True
skater_A/cam_3/Axel_2.mp4,A,3,Axel,2,A_Axel_2,False,True,train,3556060,True
skater_A/cam_3/Axel_3.mp4,A,3,Axel,3,A_Axel_3,False,True,train,2561161,True
skater_A/cam_3/Axel_4.mp4,A,3,Axel,4,A_Axel_4,False,True,val,2479187,True
skater_A/cam_3/Axel_5.mp4,A,3,Axel,5,A_Axel_5,False,True,train,2691483,True
skater_A/cam_3/Axel_6.mp4,A,3,Axel,6,A_Axel_6,False,True,train,3079018,True
skater_A/cam_3/Axel_7.mp4,A,3,Axel,7,A_Axel_7,False,True,train,2385753,True
skater_A/cam_3/Axel_8.mp4,A,3,Axel,8,A_Axel_8,False,True,train,2979603,True
skater_A/cam_3/Axel_9.mp4,A,3,Axel,9,A_Axel_9,False,True,train,2601528,True
skater_A/cam_3/Flip_1.mp4,A,3,Flip,1,A_Flip_1,False,True,val,2938388,True
skater_A/cam_3/Flip_10.mp4,A,3,Flip,10,A_Flip_10,False,True,train,2612040,True
skater_A/cam_3/Flip_2.mp4,A,3,Flip,2,A_Flip_2,False,True,train,3033653,True
skater_A/cam_3/Flip_3.mp4,A,3,Flip,3,A_Flip_3,False,True,train,2832568,True
skater_A/cam_3/Flip_4.mp4,A,3,Flip,4,A_Flip_4,False,True,train,2978830,True
skater_A/cam_3/Flip_5.mp4,A,3,Flip,5,A_Flip_5,False,True,train,3032824,True
skater_A/cam_3/Flip_6.mp4,A,3,Flip,6,A_Flip_6,False,True,val,3057161,True
skater_A/cam_3/Flip_7.mp4,A,3,Flip,7,A_Flip_7,False,True,train,3070408,True
skater_A/cam_3/Flip_8.mp4,A,3,Flip,8,A_Flip_8,False,True,train,3007300,True
skater_A/cam_3/Flip_9.mp4,A,3,Flip,9,A_Flip_9,False,True,test,2960247,True
skater_A/cam_3/Loop_1.mp4,A,3,Loop,1,A_Loop_1,False,True,train,2785409,True
skater_A/cam_3/Loop_10.mp4,A,3,Loop,10,A_Loop_10,False,True,train,2467291,True
skater_A/cam_3/Loop_2.mp4,A,3,Loop,2,A_Loop_2,False,True,train,2448156,True
skater_A/cam_3/Loop_3.mp4,A,3,Loop,3,A_Loop_3,False,True,test,2794558,True
skater_A/cam_3/Loop_4.mp4,A,3,Loop,4,A_Loop_4,False,True,train,2994857,True
skater_A/cam_3/Loop_5.mp4,A,3,Loop,5,A_Loop_5,False,True,train,2961464,True
skater_A/cam_3/Loop_6.mp4,A,3,Loop,6,A_Loop_6,False,True,val,2431657,True
skater_A/cam_3/Loop_7.mp4,A,3,Loop,7,A_Loop_7,False,True,train,2607891,True
skater_A/cam_3/Loop_8.mp4,A,3,Loop,8,A_Loop_8,False,True,test,2798728,True
skater_A/cam_3/Loop_9.mp4,A,3,Loop,9,A_Loop_9,False,True,train,2973829,True
skater_A/cam_3/Lutz_1.mp4,A,3,Lutz,1,A_Lutz_1,False,True,train,2916060,True
skater_A/cam_3/Lutz_10.mp4,A,3,Lutz,10,A_Lutz_10,False,True,train,2753235,True
skater_A/cam_3/Lutz_2.mp4,A,3,Lutz,2,A_Lutz_2,False,True,train,2381879,True
skater_A/cam_3/Lutz_3.mp4,A,3,Lutz,3,A_Lutz_3,False,True,train,2586441,True
skater_A/cam_3/Lutz_4.mp4,A,3,Lutz,4,A_Lutz_4,False,True,val,2436988,True
skater_A/cam_3/Lutz_5.mp4,A,3,Lutz,5,A_Lutz_5,False,True,val,3104278,True
skater_A/cam_3/Lutz_6.mp4,A,3,Lutz,6,A_Lutz_6,False,True,test,3108648,True
skater_A/cam_3/Lutz_7.mp4,A,3,Lutz,7,A_Lutz_7,False,True,train,2770380,True
skater_A/cam_3/Lutz_8.mp4,A,3,Lutz,8,A_Lutz_8,False,True,train,3664905,True
skater_A/cam_3/Lutz_9.mp4,A,3,Lutz,9,A_Lutz_9,False,True,train,2894129,True
skater_A/cam_3/Salchow_1.mp4,A,3,Salchow,1,A_Salchow_1,False,True,train,2792598,True
skater_A/cam_3/Salchow_10.mp4,A,3,Salchow,10,A_Salchow_10,False,True,test,2813639,True
skater_A/cam_3/Salchow_2.mp4,A,3,Salchow,2,A_Salchow_2,False,True,train,2454521,True
skater_A/cam_3/Salchow_3.mp4,A,3,Salchow,3,A_Salchow_3,False,True,train,2715843,True
skater_A/cam_3/Salchow_4.mp4,A,3,Salchow,4,A_Salchow_4,False,True,train,3165735,True
skater_A/cam_3/Salchow_5.mp4,A,3,Salchow,5,A_Salchow_5,False,True,test,2771270,True
skater_A/cam_3/Salchow_6.mp4,A,3,Salchow,6,A_Salchow_6,False,True,train,2763131,True
skater_A/cam_3/Salchow_7.mp4,A,3,Salchow,7,A_Salchow_7,False,True,train,2842698,True
skater_A/cam_3/Salchow_8.mp4,A,3,Salchow,8,A_Salchow_8,False,True,val,3163695,True
skater_A/cam_3/Salchow_9.mp4,A,3,Salchow,9,A_Salchow_9,False,True,train,2709637,True
skater_A/cam_3/Toeloop_1.mp4,A,3,Toeloop,1,A_Toeloop_1,False,True,train,2786126,True
skater_A/cam_3/Toeloop_10.mp4,A,3,Toeloop,10,A_Toeloop_10,False,True,val,2986054,True
skater_A/cam_3/Toeloop_2.mp4,A,3,Toeloop,2,A_Toeloop_2,False,True,train,2710765,True
skater_A/cam_3/Toeloop_3.mp4,A,3,Toeloop,3,A_Toeloop_3,False,True,train,2945287,True
skater_A/cam_3/Toeloop_4.mp4,A,3,Toeloop,4,A_Toeloop_4,False,True,val,2831388,True
skater_A/cam_3/Toeloop_5.mp4,A,3,Toeloop,5,A_Toeloop_5,False,True,train,2672180,True
skater_A/cam_3/Toeloop_6.mp4,A,3,Toeloop,6,A_Toeloop_6,False,True,test,3064162,True
skater_A/cam_3/Toeloop_7.mp4,A,3,Toeloop,7,A_Toeloop_7,False,True,train,2685554,True
skater_A/cam_3/Toeloop_8.mp4,A,3,Toeloop,8,A_Toeloop_8,False,True,train,2876438,True
skater_A/cam_3/Toeloop_9.mp4,A,3,Toeloop,9,A_Toeloop_9,False,True,train,2776019,True
skater_A/cam_4/Axel_1.mp4,A,4,Axel,1,A_Axel_1,False,True,test,2341104,True
skater_A/cam_4/Axel_10.mp4,A,4,Axel,10,A_Axel_10,False,True,test,2402856,True
skater_A/cam_4/Axel_2.mp4,A,4,Axel,2,A_Axel_2,False,True,train,3098520,True
skater_A/cam_4/Axel_3.mp4,A,4,Axel,3,A_Axel_3,False,True,train,2602424,True
skater_A/cam_4/Axel_4.mp4,A,4,Axel,4,A_Axel_4,False,True,val,2401180,True
skater_A/cam_4/Axel_5.mp4,A,4,Axel,5,A_Axel_5,False,True,train,2781594,True
skater_A/cam_4/Axel_6.mp4,A,4,Axel,6,A_Axel_6,False,True,train,2913188,True
skater_A/cam_4/Axel_7.mp4,A,4,Axel,7,A_Axel_7,False,True,train,2333060,True
skater_A/cam_4/Axel_8.mp4,A,4,Axel,8,A_Axel_8,False,True,train,3013915,True
skater_A/cam_4/Axel_9.mp4,A,4,Axel,9,A_Axel_9,False,True,train,2404938,True
skater_A/cam_4/Flip_1.mp4,A,4,Flip,1,A_Flip_1,False,True,val,3184836,True
skater_A/cam_4/Flip_10.mp4,A,4,Flip,10,A_Flip_10,False,True,train,2956312,True
skater_A/cam_4/Flip_2.mp4,A,4,Flip,2,A_Flip_2,False,True,train,3085001,True
skater_A/cam_4/Flip_3.mp4,A,4,Flip,3,A_Flip_3,False,True,train,2868149,True
skater_A/cam_4/Flip_4.mp4,A,4,Flip,4,A_Flip_4,False,True,train,2843050,True
skater_A/cam_4/Flip_5.mp4,A,4,Flip,5,A_Flip_5,False,True,train,3036370,True
skater_A/cam_4/Flip_6.mp4,A,4,Flip,6,A_Flip_6,False,True,val,3233876,True
skater_A/cam_4/Flip_7.mp4,A,4,Flip,7,A_Flip_7,False,True,train,3183344,True
skater_A/cam_4/Flip_8.mp4,A,4,Flip,8,A_Flip_8,False,True,train,3074551,True
skater_A/cam_4/Flip_9.mp4,A,4,Flip,9,A_Flip_9,False,True,test,2614461,True
skater_A/cam_4/Loop_1.mp4,A,4,Loop,1,A_Loop_1,False,True,train,2689575,True
skater_A/cam_4/Loop_10.mp4,A,4,Loop,10,A_Loop_10,False,True,train,2416935,True
skater_A/cam_4/Loop_2.mp4,A,4,Loop,2,A_Loop_2,False,True,train,2346746,True
skater_A/cam_4/Loop_3.mp4,A,4,Loop,3,A_Loop_3,False,True,test,2560575,True
skater_A/cam_4/Loop_4.mp4,A,4,Loop,4,A_Loop_4,False,True,train,3126882,True
skater_A/cam_4/Loop_5.mp4,A,4,Loop,5,A_Loop_5,False,True,train,2915269,True
skater_A/cam_4/Loop_6.mp4,A,4,Loop,6,A_Loop_6,False,True,val,2281881,True
skater_A/cam_4/Loop_7.mp4,A,4,Loop,7,A_Loop_7,False,True,train,2325674,True
skater_A/cam_4/Loop_8.mp4,A,4,Loop,8,A_Loop_8,False,True,test,2759418,True
skater_A/cam_4/Loop_9.mp4,A,4,Loop,9,A_Loop_9,False,True,train,3026106,True
skater_A/cam_4/Lutz_1.mp4,A,4,Lutz,1,A_Lutz_1,False,True,train,2855126,True
skater_A/cam_4/Lutz_10.mp4,A,4,Lutz,10,A_Lutz_10,False,True,train,2602930,True
skater_A/cam_4/Lutz_2.mp4,A,4,Lutz,2,A_Lutz_2,False,True,train,2184194,True
skater_A/cam_4/Lutz_3.mp4,A,4,Lutz,3,A_Lutz_3,False,True,train,2487998,True
skater_A/cam_4/Lutz_4.mp4,A,4,Lutz,4,A_Lutz_4,False,True,val,2363282,True
skater_A/cam_4/Lutz_5.mp4,A,4,Lutz,5,A_Lutz_5,False,True,val,3062397,True
skater_A/cam_4/Lutz_6.mp4,A,4,Lutz,6,A_Lutz_6,False,True,test,3157788,True
skater_A/cam_4/Lutz_7.mp4,A,4,Lutz,7,A_Lutz_7,False,True,train,2712400,True
skater_A/cam_4/Lutz_8.mp4,A,4,Lutz,8,A_Lutz_8,False,True,train,3119313,True
skater_A/cam_4/Lutz_9.mp4,A,4,Lutz,9,A_Lutz_9,False,True,train,2775503,True
skater_A/cam_4/Salchow_1.mp4,A,4,Salchow,1,A_Salchow_1,False,True,train,2660097,True
skater_A/cam_4/Salchow_10.mp4,A,4,Salchow,10,A_Salchow_10,False,True,test,3022214,True
skater_A/cam_4/Salchow_2.mp4,A,4,Salchow,2,A_Salchow_2,False,True,train,2366574,True
skater_A/cam_4/Salchow_3.mp4,A,4,Salchow,3,A_Salchow_3,False,True,train,2500747,True
skater_A/cam_4/Salchow_4.mp4,A,4,Salchow,4,A_Salchow_4,False,True,train,3159471,True
skater_A/cam_4/Salchow_5.mp4,A,4,Salchow,5,A_Salchow_5,False,True,test,2699818,True
skater_A/cam_4/Salchow_6.mp4,A,4,Salchow,6,A_Salchow_6,False,True,train,2711154,True
skater_A/cam_4/Salchow_7.mp4,A,4,Salchow,7,A_Salchow_7,False,True,train,2805469,True
skater_A/cam_4/Salchow_8.mp4,A,4,Salchow,8,A_Salchow_8,False,True,val,3169010,True
skater_A/cam_4/Salchow_9.mp4,A,4,Salchow,9,A_Salchow_9,False,True,train,2709207,True
skater_A/cam_4/Toeloop_1.mp4,A,4,Toeloop,1,A_Toeloop_1,False,True,train,2952429,True
skater_A/cam_4/Toeloop_10.mp4,A,4,Toeloop,10,A_Toeloop_10,False,True,val,3013014,True
skater_A/cam_4/Toeloop_2.mp4,A,4,Toeloop,2,A_Toeloop_2,False,True,train,2607105,True
skater_A/cam_4/Toeloop_3.mp4,A,4,Toeloop,3,A_Toeloop_3,False,True,train,2899657,True
skater_A/cam_4/Toeloop_4.mp4,A,4,Toeloop,4,A_Toeloop_4,False,True,val,2805353,True
skater_A/cam_4/Toeloop_5.mp4,A,4,Toeloop,5,A_Toeloop_5,False,True,train,2403691,True
skater_A/cam_4/Toeloop_6.mp4,A,4,Toeloop,6,A_Toeloop_6,False,True,test,3054364,True
skater_A/cam_4/Toeloop_7.mp4,A,4,Toeloop,7,A_Toeloop_7,False,True,train,2575649,True
skater_A/cam_4/Toeloop_8.mp4,A,4,Toeloop,8,A_Toeloop_8,False,True,train,2981572,True
skater_A/cam_4/Toeloop_9.mp4,A,4,Toeloop,9,A_Toeloop_9,False,True,train,2806311,True
skater_A/cam_5/Axel_1.mp4,A,5,Axel,1,A_Axel_1,False,True,test,2331390,True
skater_A/cam_5/Axel_10.mp4,A,5,Axel,10,A_Axel_10,False,True,test,2515504,True
skater_A/cam_5/Axel_2.mp4,A,5,Axel,2,A_Axel_2,False,True,train,3262335,True
skater_A/cam_5/Axel_3.mp4,A,5,Axel,3,A_Axel_3,False,True,train,2589198,True
skater_A/cam_5/Axel_4.mp4,A,5,Axel,4,A_Axel_4,False,True,val,2435912,True
skater_A/cam_5/Axel_5.mp4,A,5,Axel,5,A_Axel_5,False,True,train,2761103,True
skater_A/cam_5/Axel_6.mp4,A,5,Axel,6,A_Axel_6,False,True,train,2833114,True
skater_A/cam_5/Axel_7.mp4,A,5,Axel,7,A_Axel_7,False,True,train,2365031,True
skater_A/cam_5/Axel_8.mp4,A,5,Axel,8,A_Axel_8,False,True,train,2889482,True
skater_A/cam_5/Axel_9.mp4,A,5,Axel,9,A_Axel_9,False,True,train,2413954,True
skater_A/cam_5/Flip_1.mp4,A,5,Flip,1,A_Flip_1,False,True,val,2865311,True
skater_A/cam_5/Flip_10.mp4,A,5,Flip,10,A_Flip_10,False,True,train,2893670,True
skater_A/cam_5/Flip_2.mp4,A,5,Flip,2,A_Flip_2,False,True,train,2789613,True
skater_A/cam_5/Flip_3.mp4,A,5,Flip,3,A_Flip_3,False,True,train,2764968,True
skater_A/cam_5/Flip_4.mp4,A,5,Flip,4,A_Flip_4,False,True,train,2825480,True
skater_A/cam_5/Flip_5.mp4,A,5,Flip,5,A_Flip_5,False,True,train,2812678,True
skater_A/cam_5/Flip_6.mp4,A,5,Flip,6,A_Flip_6,False,True,val,2941007,True
skater_A/cam_5/Flip_7.mp4,A,5,Flip,7,A_Flip_7,False,True,train,2949013,True
skater_A/cam_5/Flip_8.mp4,A,5,Flip,8,A_Flip_8,False,True,train,3003128,True
skater_A/cam_5/Flip_9.mp4,A,5,Flip,9,A_Flip_9,False,True,test,2618295,True
skater_A/cam_5/Loop_1.mp4,A,5,Loop,1,A_Loop_1,False,True,train,2579636,True
skater_A/cam_5/Loop_10.mp4,A,5,Loop,10,A_Loop_10,False,True,train,2368758,True
skater_A/cam_5/Loop_2.mp4,A,5,Loop,2,A_Loop_2,False,True,train,2285700,True
skater_A/cam_5/Loop_3.mp4,A,5,Loop,3,A_Loop_3,False,True,test,2544731,True
skater_A/cam_5/Loop_4.mp4,A,5,Loop,4,A_Loop_4,False,True,train,2919491,True
skater_A/cam_5/Loop_5.mp4,A,5,Loop,5,A_Loop_5,False,True,train,2784141,True
skater_A/cam_5/Loop_6.mp4,A,5,Loop,6,A_Loop_6,False,True,val,2214291,True
skater_A/cam_5/Loop_7.mp4,A,5,Loop,7,A_Loop_7,False,True,train,2367860,True
skater_A/cam_5/Loop_8.mp4,A,5,Loop,8,A_Loop_8,False,True,test,2645240,True
skater_A/cam_5/Loop_9.mp4,A,5,Loop,9,A_Loop_9,False,True,train,3153486,True
skater_A/cam_5/Lutz_1.mp4,A,5,Lutz,1,A_Lutz_1,False,True,train,2859648,True
skater_A/cam_5/Lutz_10.mp4,A,5,Lutz,10,A_Lutz_10,False,True,train,2566611,True
skater_A/cam_5/Lutz_2.mp4,A,5,Lutz,2,A_Lutz_2,False,True,train,2301207,True
skater_A/cam_5/Lutz_3.mp4,A,5,Lutz,3,A_Lutz_3,False,True,train,2482883,True
skater_A/cam_5/Lutz_4.mp4,A,5,Lutz,4,A_Lutz_4,False,True,val,2356788,True
skater_A/cam_5/Lutz_5.mp4,A,5,Lutz,5,A_Lutz_5,False,True,val,3071316,True
skater_A/cam_5/Lutz_6.mp4,A,5,Lutz,6,A_Lutz_6,False,True,test,2957697,True
skater_A/cam_5/Lutz_7.mp4,A,5,Lutz,7,A_Lutz_7,False,True,train,2575386,True
skater_A/cam_5/Lutz_8.mp4,A,5,Lutz,8,A_Lutz_8,False,True,train,2985197,True
skater_A/cam_5/Lutz_9.mp4,A,5,Lutz,9,A_Lutz_9,False,True,train,2690400,True
skater_A/cam_5/Salchow_1.mp4,A,5,Salchow,1,A_Salchow_1,False,True,train,2542803,True
skater_A/cam_5/Salchow_10.mp4,A,5,Salchow,10,A_Salchow_10,False,True,test,2848906,True
skater_A/cam_5/Salchow_2.mp4,A,5,Salchow,2,A_Salchow_2,False,True,train,2445801,True
skater_A/cam_5/Salchow_3.mp4,A,5,Salchow,3,A_Salchow_3,False,True,train,2499840,True
skater_A/cam_5/Salchow_4.mp4,A,5,Salchow,4,A_Salchow_4,False,True,train,3028825,True
skater_A/cam_5/Salchow_5.mp4,A,5,Salchow,5,A_Salchow_5,False,True,test,2629764,True
skater_A/cam_5/Salchow_6.mp4,A,5,Salchow,6,A_Salchow_6,False,True,train,2647688,True
skater_A/cam_5/Salchow_7.mp4,A,5,Salchow,7,A_Salchow_7,False,True,train,2720196,True
skater_A/cam_5/Salchow_8.mp4,A,5,Salchow,8,A_Salchow_8,False,True,val,2998147,True
skater_A/cam_5/Salchow_9.mp4,A,5,Salchow,9,A_Salchow_9,False,True,train,2663506,True
skater_A/cam_5/Toeloop_1.mp4,A,5,Toeloop,1,A_Toeloop_1,False,True,train,2762735,True
skater_A/cam_5/Toeloop_10.mp4,A,5,Toeloop,10,A_Toeloop_10,False,True,val,2855614,True
skater_A/cam_5/Toeloop_2.mp4,A,5,Toeloop,2,A_Toeloop_2,False,True,train,2394527,True
skater_A/cam_5/Toeloop_3.mp4,A,5,Toeloop,3,A_Toeloop_3,False,True,train,2768508,True
skater_A/cam_5/Toeloop_4.mp4,A,5,Toeloop,4,A_Toeloop_4,False,True,val,2625042,True
skater_A/cam_5/Toeloop_5.mp4,A,5,Toeloop,5,A_Toeloop_5,False,True,train,2285631,True
skater_A/cam_5/Toeloop_6.mp4,A,5,Toeloop,6,A_Toeloop_6,False,True,test,2845224,True
skater_A/cam_5/Toeloop_7.mp4,A,5,Toeloop,7,A_Toeloop_7,False,True,train,2501895,True
skater_A/cam_5/Toeloop_8.mp4,A,5,Toeloop,8,A_Toeloop_8,False,True,train,3034426,True
skater_A/cam_5/Toeloop_9.mp4,A,5,Toeloop,9,A_Toeloop_9,False,True,train,2715830,True
skater_A/cam_6/Axel_1.mp4,A,6,Axel,1,A_Axel_1,False,True,test,2589756,True
skater_A/cam_6/Axel_10.mp4,A,6,Axel,10,A_Axel_10,False,True,test,2808320,True
skater_A/cam_6/Axel_2.mp4,A,6,Axel,2,A_Axel_2,False,True,train,3142188,True
skater_A/cam_6/Axel_3.mp4,A,6,Axel,3,A_Axel_3,False,True,train,2839969,True
skater_A/cam_6/Axel_4.mp4,A,6,Axel,4,A_Axel_4,False,True,val,2690532,True
skater_A/cam_6/Axel_5.mp4,A,6,Axel,5,A_Axel_5,False,True,train,3028452,True
skater_A/cam_6/Axel_6.mp4,A,6,Axel,6,A_Axel_6,False,True,train,3095577,True
skater_A/cam_6/Axel_7.mp4,A,6,Axel,7,A_Axel_7,False,True,train,2644498,True
skater_A/cam_6/Axel_8.mp4,A,6,Axel,8,A_Axel_8,False,True,train,3157280,True
skater_A/cam_6/Axel_9.mp4,A,6,Axel,9,A_Axel_9,False,True,train,2685748,True
skater_A/cam_6/Flip_1.mp4,A,6,Flip,1,A_Flip_1,False,True,val,3077985,True
skater_A/cam_6/Flip_10.mp4,A,6,Flip,10,A_Flip_10,False,True,train,3101805,True
skater_A/cam_6/Flip_2.mp4,A,6,Flip,2,A_Flip_2,False,True,train,3391968,True
skater_A/cam_6/Flip_3.mp4,A,6,Flip,3,A_Flip_3,False,True,train,2990686,True
skater_A/cam_6/Flip_4.mp4,A,6,Flip,4,A_Flip_4,False,True,train,3082997,True
skater_A/cam_6/Flip_5.mp4,A,6,Flip,5,A_Flip_5,False,True,train,3147690,True
skater_A/cam_6/Flip_6.mp4,A,6,Flip,6,A_Flip_6,False,True,val,3568091,True
skater_A/cam_6/Flip_7.mp4,A,6,Flip,7,A_Flip_7,False,True,train,3222915,True
skater_A/cam_6/Flip_8.mp4,A,6,Flip,8,A_Flip_8,False,True,train,3088219,True
skater_A/cam_6/Flip_9.mp4,A,6,Flip,9,A_Flip_9,False,True,test,2858131,True
skater_A/cam_6/Loop_1.mp4,A,6,Loop,1,A_Loop_1,False,True,train,2908716,True
skater_A/cam_6/Loop_10.mp4,A,6,Loop,10,A_Loop_10,False,True,train,2596692,True
skater_A/cam_6/Loop_2.mp4,A,6,Loop,2,A_Loop_2,False,True,train,2564485,True
skater_A/cam_6/Loop_3.mp4,A,6,Loop,3,A_Loop_3,False,True,test,2830563,True
skater_A/cam_6/Loop_4.mp4,A,6,Loop,4,A_Loop_4,False,True,train,3262010,True
skater_A/cam_6/Loop_5.mp4,A,6,Loop,5,A_Loop_5,False,True,train,3091500,True
skater_A/cam_6/Loop_6.mp4,A,6,Loop,6,A_Loop_6,False,True,val,2556041,True
skater_A/cam_6/Loop_7.mp4,A,6,Loop,7,A_Loop_7,False,True,train,2604649,True
skater_A/cam_6/Loop_8.mp4,A,6,Loop,8,A_Loop_8,False,True,test,2933188,True
skater_A/cam_6/Loop_9.mp4,A,6,Loop,9,A_Loop_9,False,True,train,3181524,True
skater_A/cam_6/Lutz_1.mp4,A,6,Lutz,1,A_Lutz_1,False,True,train,3000232,True
skater_A/cam_6/Lutz_10.mp4,A,6,Lutz,10,A_Lutz_10,False,True,train,2908746,True
skater_A/cam_6/Lutz_2.mp4,A,6,Lutz,2,A_Lutz_2,False,True,train,2479950,True
skater_A/cam_6/Lutz_3.mp4,A,6,Lutz,3,A_Lutz_3,False,True,train,2648564,True
skater_A/cam_6/Lutz_4.mp4,A,6,Lutz,4,A_Lutz_4,False,True,val,2618084,True
skater_A/cam_6/Lutz_5.mp4,A,6,Lutz,5,A_Lutz_5,False,True,val,3225914,True
skater_A/cam_6/Lutz_6.mp4,A,6,Lutz,6,A_Lutz_6,False,True,test,3541416,True
skater_A/cam_6/Lutz_7.mp4,A,6,Lutz,7,A_Lutz_7,False,True,train,2968660,True
skater_A/cam_6/Lutz_8.mp4,A,6,Lutz,8,A_Lutz_8,False,True,train,3553779,True
skater_A/cam_6/Lutz_9.mp4,A,6,Lutz,9,A_Lutz_9,False,True,train,2953486,True
skater_A/cam_6/Salchow_1.mp4,A,6,Salchow,1,A_Salchow_1,False,True,train,2822015,True
skater_A/cam_6/Salchow_10.mp4,A,6,Salchow,10,A_Salchow_10,False,True,test,3334527,True
skater_A/cam_6/Salchow_2.mp4,A,6,Salchow,2,A_Salchow_2,False,True,train,2670031,True
skater_A/cam_6/Salchow_3.mp4,A,6,Salchow,3,A_Salchow_3,False,True,train,2804253,True
skater_A/cam_6/Salchow_4.mp4,A,6,Salchow,4,A_Salchow_4,False,True,train,3560916,True
skater_A/cam_6/Salchow_5.mp4,A,6,Salchow,5,A_Salchow_5,False,True,test,2882884,True
skater_A/cam_6/Salchow_6.mp4,A,6,Salchow,6,A_Salchow_6,False,True,train,2988610,True
skater_A/cam_6/Salchow_7.mp4,A,6,Salchow,7,A_Salchow_7,False,True,train,2979918,True
skater_A/cam_6/Salchow_8.mp4,A,6,Salchow,8,A_Salchow_8,False,True,val,3196799,True
skater_A/cam_6/Salchow_9.mp4,A,6,Salchow,9,A_Salchow_9,False,True,train,2970190,True
skater_A/cam_6/Toeloop_1.mp4,A,6,Toeloop,1,A_Toeloop_1,False,True,train,3065297,True
skater_A/cam_6/Toeloop_10.mp4,A,6,Toeloop,10,A_Toeloop_10,False,True,val,2944329,True
skater_A/cam_6/Toeloop_2.mp4,A,6,Toeloop,2,A_Toeloop_2,False,True,train,2754794,True
skater_A/cam_6/Toeloop_3.mp4,A,6,Toeloop,3,A_Toeloop_3,False,True,train,3097774,True
skater_A/cam_6/Toeloop_4.mp4,A,6,Toeloop,4,A_Toeloop_4,False,True,val,2958958,True
skater_A/cam_6/Toeloop_5.mp4,A,6,Toeloop,5,A_Toeloop_5,False,True,train,2677714,True
skater_A/cam_6/Toeloop_6.mp4,A,6,Toeloop,6,A_Toeloop_6,False,True,test,3156216,True
skater_A/cam_6/Toeloop_7.mp4,A,6,Toeloop,7,A_Toeloop_7,False,True,train,2794063,True
skater_A/cam_6/Toeloop_8.mp4,A,6,Toeloop,8,A_Toeloop_8,False,True,train,2950286,True
skater_A/cam_6/Toeloop_9.mp4,A,6,Toeloop,9,A_Toeloop_9,False,True,train,3041199,True
skater_A/cam_7/Axel_1.mp4,A,7,Axel,1,A_Axel_1,False,True,test,2363091,True
skater_A/cam_7/Axel_10.mp4,A,7,Axel,10,A_Axel_10,False,True,test,2607402,True
skater_A/cam_7/Axel_2.mp4,A,7,Axel,2,A_Axel_2,False,True,train,2891857,True
skater_A/cam_7/Axel_3.mp4,A,7,Axel,3,A_Axel_3,False,True,train,2694973,True
skater_A/cam_7/Axel_4.mp4,A,7,Axel,4,A_Axel_4,False,True,val,2449176,True
skater_A/cam_7/Axel_5.mp4,A,7,Axel,5,A_Axel_5,False,True,train,2894987,True
skater_A/cam_7/Axel_6.mp4,A,7,Axel,6,A_Axel_6,False,True,train,2775016,True
skater_A/cam_7/Axel_7.mp4,A,7,Axel,7,A_Axel_7,False,True,train,2385616,True
skater_A/cam_7/Axel_8.mp4,A,7,Axel,8,A_Axel_8,False,True,train,2975986,True
skater_A/cam_7/Axel_9.mp4,A,7,Axel,9,A_Axel_9,False,True,train,2327496,True
skater_A/cam_7/Flip_1.mp4,A,7,Flip,1,A_Flip_1,False,True,val,2985881,True
skater_A/cam_7/Flip_10.mp4,A,7,Flip,10,A_Flip_10,False,True,train,2815636,True
skater_A/cam_7/Flip_2.mp4,A,7,Flip,2,A_Flip_2,False,True,train,2804649,True
skater_A/cam_7/Flip_3.mp4,A,7,Flip,3,A_Flip_3,False,True,train,2851391,True
skater_A/cam_7/Flip_4.mp4,A,7,Flip,4,A_Flip_4,False,True,train,2865511,True
skater_A/cam_7/Flip_5.mp4,A,7,Flip,5,A_Flip_5,False,True,train,2895401,True
skater_A/cam_7/Flip_6.mp4,A,7,Flip,6,A_Flip_6,False,True,val,2987829,True
skater_A/cam_7/Flip_7.mp4,A,7,Flip,7,A_Flip_7,False,True,train,3067563,True
skater_A/cam_7/Flip_8.mp4,A,7,Flip,8,A_Flip_8,False,True,train,2910004,True
skater_A/cam_7/Flip_9.mp4,A,7,Flip,9,A_Flip_9,False,True,test,2631810,True
skater_A/cam_7/Loop_1.mp4,A,7,Loop,1,A_Loop_1,False,True,train,2612125,True
skater_A/cam_7/Loop_10.mp4,A,7,Loop,10,A_Loop_10,False,True,train,2491030,True
skater_A/cam_7/Loop_2.mp4,A,7,Loop,2,A_Loop_2,False,True,train,2357824,True
skater_A/cam_7/Loop_3.mp4,A,7,Loop,3,A_Loop_3,False,True,test,2543070,True
skater_A/cam_7/Loop_4.mp4,A,7,Loop,4,A_Loop_4,False,True,train,3034531,True
skater_A/cam_7/Loop_5.mp4,A,7,Loop,5,A_Loop_5,False,True,train,2860726,True
skater_A/cam_7/Loop_6.mp4,A,7,Loop,6,A_Loop_6,False,True,val,2297089,True
skater_A/cam_7/Loop_7.mp4,A,7,Loop,7,A_Loop_7,False,True,train,2342666,True
skater_A/cam_7/Loop_8.mp4,A,7,Loop,8,A_Loop_8,False,True,test,2752159,True
skater_A/cam_7/Loop_9.mp4,A,7,Loop,9,A_Loop_9,False,True,train,2949657,True
skater_A/cam_7/Lutz_1.mp4,A,7,Lutz,1,A_Lutz_1,False,True,train,2935358,True
skater_A/cam_7/Lutz_10.mp4,A,7,Lutz,10,A_Lutz_10,False,True,train,2575700,True
skater_A/cam_7/Lutz_2.mp4,A,7,Lutz,2,A_Lutz_2,False,True,train,2352753,True
skater_A/cam_7/Lutz_3.mp4,A,7,Lutz,3,A_Lutz_3,False,True,train,2503386,True
skater_A/cam_7/Lutz_4.mp4,A,7,Lutz,4,A_Lutz_4,False,True,val,2501568,True
skater_A/cam_7/Lutz_5.mp4,A,7,Lutz,5,A_Lutz_5,False,True,val,2999727,True
skater_A/cam_7/Lutz_6.mp4,A,7,Lutz,6,A_Lutz_6,False,True,test,2936652,True
skater_A/cam_7/Lutz_7.mp4,A,7,Lutz,7,A_Lutz_7,False,True,train,2672939,True
skater_A/cam_7/Lutz_8.mp4,A,7,Lutz,8,A_Lutz_8,False,True,train,3005308,True
skater_A/cam_7/Lutz_9.mp4,A,7,Lutz,9,A_Lutz_9,False,True,train,2605618,True
skater_A/cam_7/Salchow_1.mp4,A,7,Salchow,1,A_Salchow_1,False,True,train,2601842,True
skater_A/cam_7/Salchow_10.mp4,A,7,Salchow,10,A_Salchow_10,False,True,test,2744992,True
skater_A/cam_7/Salchow_2.mp4,A,7,Salchow,2,A_Salchow_2,False,True,train,2482155,True
skater_A/cam_7/Salchow_3.mp4,A,7,Salchow,3,A_Salchow_3,False,True,train,2359108,True
skater_A/cam_7/Salchow_4.mp4,A,7,Salchow,4,A_Salchow_4,False,True,train,3043928,True
skater_A/cam_7/Salchow_5.mp4,A,7,Salchow,5,A_Salchow_5,False,True,test,2643261,True
skater_A/cam_7/Salchow_6.mp4,A,7,Salchow,6,A_Salchow_6,False,True,train,2697371,True
skater_A/cam_7/Salchow_7.mp4,A,7,Salchow,7,A_Salchow_7,False,True,train,2650313,True
skater_A/cam_7/Salchow_8.mp4,A,7,Salchow,8,A_Salchow_8,False,True,val,2983038,True
skater_A/cam_7/Salchow_9.mp4,A,7,Salchow,9,A_Salchow_9,False,True,train,2788139,True
skater_A/cam_7/Toeloop_1.mp4,A,7,Toeloop,1,A_Toeloop_1,False,True,train,2888825,True
skater_A/cam_7/Toeloop_10.mp4,A,7,Toeloop,10,A_Toeloop_10,False,True,val,2757564,True
skater_A/cam_7/Toeloop_2.mp4,A,7,Toeloop,2,A_Toeloop_2,False,True,train,2416526,True
skater_A/cam_7/Toeloop_3.mp4,A,7,Toeloop,3,A_Toeloop_3,False,True,train,2922671,True
skater_A/cam_7/Toeloop_4.mp4,A,7,Toeloop,4,A_Toeloop_4,False,True,val,2668094,True
skater_A/cam_7/Toeloop_5.mp4,A,7,Toeloop,5,A_Toeloop_5,False,True,train,2375896,True
skater_A/cam_7/Toeloop_6.mp4,A,7,Toeloop,6,A_Toeloop_6,False,True,test,2950204,True
skater_A/cam_7/Toeloop_7.mp4,A,7,Toeloop,7,A_Toeloop_7,False,True,train,2431603,True
skater_A/cam_7/Toeloop_8.mp4,A,7,Toeloop,8,A_Toeloop_8,False,True,train,2778227,True
skater_A/cam_7/Toeloop_9.mp4,A,7,Toeloop,9,A_Toeloop_9,False,True,train,2885980,True
skater_A/cam_8/Axel_1.mp4,A,8,Axel,1,A_Axel_1,False,True,test,1863608,True
skater_A/cam_8/Axel_10.mp4,A,8,Axel,10,A_Axel_10,False,True,test,2390574,True
skater_A/cam_8/Axel_2.mp4,A,8,Axel,2,A_Axel_2,False,True,train,2607143,True
skater_A/cam_8/Axel_3.mp4,A,8,Axel,3,A_Axel_3,False,True,train,2277043,True
skater_A/cam_8/Axel_4.mp4,A,8,Axel,4,A_Axel_4,False,True,val,1970855,True
skater_A/cam_8/Axel_5.mp4,A,8,Axel,5,A_Axel_5,False,True,train,2487126,True
skater_A/cam_8/Axel_6.mp4,A,8,Axel,6,A_Axel_6,False,True,train,2386191,True
skater_A/cam_8/Axel_7.mp4,A,8,Axel,7,A_Axel_7,False,True,train,1893008,True
skater_A/cam_8/Axel_8.mp4,A,8,Axel,8,A_Axel_8,False,True,train,2608231,True
skater_A/cam_8/Axel_9.mp4,A,8,Axel,9,A_Axel_9,False,True,train,1825597,True
skater_A/cam_8/Flip_1.mp4,A,8,Flip,1,A_Flip_1,False,True,val,2743214,True
skater_A/cam_8/Flip_10.mp4,A,8,Flip,10,A_Flip_10,False,True,train,2445256,True
skater_A/cam_8/Flip_2.mp4,A,8,Flip,2,A_Flip_2,False,True,train,2527750,True
skater_A/cam_8/Flip_3.mp4,A,8,Flip,3,A_Flip_3,False,True,train,2511556,True
skater_A/cam_8/Flip_4.mp4,A,8,Flip,4,A_Flip_4,False,True,train,2526078,True
skater_A/cam_8/Flip_5.mp4,A,8,Flip,5,A_Flip_5,False,True,train,2614353,True
skater_A/cam_8/Flip_6.mp4,A,8,Flip,6,A_Flip_6,False,True,val,2784123,True
skater_A/cam_8/Flip_7.mp4,A,8,Flip,7,A_Flip_7,False,True,train,2731126,True
skater_A/cam_8/Flip_8.mp4,A,8,Flip,8,A_Flip_8,False,True,train,2654619,True
skater_A/cam_8/Flip_9.mp4,A,8,Flip,9,A_Flip_9,False,True,test,2222022,True
skater_A/cam_8/Loop_1.mp4,A,8,Loop,1,A_Loop_1,False,True,train,2209770,True
skater_A/cam_8/Loop_10.mp4,A,8,Loop,10,A_Loop_10,False,True,train,2089017,True
skater_A/cam_8/Loop_2.mp4,A,8,Loop,2,A_Loop_2,False,True,train,1838253,True
skater_A/cam_8/Loop_3.mp4,A,8,Loop,3,A_Loop_3,False,True,test,2137020,True
skater_A/cam_8/Loop_4.mp4,A,8,Loop,4,A_Loop_4,False,True,train,2769217,True
skater_A/cam_8/Loop_5.mp4,A,8,Loop,5,A_Loop_5,False,True,train,2579463,True
skater_A/cam_8/Loop_6.mp4,A,8,Loop,6,A_Loop_6,False,True,val,1782252,True
skater_A/cam_8/Loop_7.mp4,A,8,Loop,7,A_Loop_7,False,True,train,1915621,True
skater_A/cam_8/Loop_8.mp4,A,8,Loop,8,A_Loop_8,False,True,test,2442375,True
skater_A/cam_8/Loop_9.mp4,A,8,Loop,9,A_Loop_9,False,True,train,2737208,True
skater_A/cam_8/Lutz_1.mp4,A,8,Lutz,1,A_Lutz_1,False,True,train,2627811,True
skater_A/cam_8/Lutz_10.mp4,A,8,Lutz,10,A_Lutz_10,False,True,train,2369689,True
skater_A/cam_8/Lutz_2.mp4,A,8,Lutz,2,A_Lutz_2,False,True,train,2087805,True
skater_A/cam_8/Lutz_3.mp4,A,8,Lutz,3,A_Lutz_3,False,True,train,2177598,True
skater_A/cam_8/Lutz_4.mp4,A,8,Lutz,4,A_Lutz_4,False,True,val,2161484,True
skater_A/cam_8/Lutz_5.mp4,A,8,Lutz,5,A_Lutz_5,False,True,val,2754363,True
skater_A/cam_8/Lutz_6.mp4,A,8,Lutz,6,A_Lutz_6,False,True,test,2714920,True
skater_A/cam_8/Lutz_7.mp4,A,8,Lutz,7,A_Lutz_7,False,True,train,2337752,True
skater_A/cam_8/Lutz_8.mp4,A,8,Lutz,8,A_Lutz_8,False,True,train,2795678,True
skater_A/cam_8/Lutz_9.mp4,A,8,Lutz,9,A_Lutz_9,False,True,train,2282760,True
skater_A/cam_8/Salchow_1.mp4,A,8,Salchow,1,A_Salchow_1,False,True,train,2208686,True
skater_A/cam_8/Salchow_10.mp4,A,8,Salchow,10,A_Salchow_10,False,True,test,2508214,True
skater_A/cam_8/Salchow_2.mp4,A,8,Salchow,2,A_Salchow_2,False,True,train,2153664,True
skater_A/cam_8/Salchow_3.mp4,A,8,Salchow,3,A_Salchow_3,False,True,train,1884796,True
skater_A/cam_8/Salchow_4.mp4,A,8,Salchow,4,A_Salchow_4,False,True,train,2779680,True
skater_A/cam_8/Salchow_5.mp4,A,8,Salchow,5,A_Salchow_5,False,True,test,2226920,True
skater_A/cam_8/Salchow_6.mp4,A,8,Salchow,6,A_Salchow_6,False,True,train,2375632,True
skater_A/cam_8/Salchow_7.mp4,A,8,Salchow,7,A_Salchow_7,False,True,train,2227544,True
skater_A/cam_8/Salchow_8.mp4,A,8,Salchow,8,A_Salchow_8,False,True,val,2738809,True
skater_A/cam_8/Salchow_9.mp4,A,8,Salchow,9,A_Salchow_9,False,True,train,2345153,True
skater_A/cam_8/Toeloop_1.mp4,A,8,Toeloop,1,A_Toeloop_1,False,True,train,2659276,True
skater_A/cam_8/Toeloop_10.mp4,A,8,Toeloop,10,A_Toeloop_10,False,True,val,2456989,True
skater_A/cam_8/Toeloop_2.mp4,A,8,Toeloop,2,A_Toeloop_2,False,True,train,1980889,True
skater_A/cam_8/Toeloop_3.mp4,A,8,Toeloop,3,A_Toeloop_3,False,True,train,2574182,True
skater_A/cam_8/Toeloop_4.mp4,A,8,Toeloop,4,A_Toeloop_4,False,True,val,2336697,True
skater_A/cam_8/Toeloop_5.mp4,A,8,Toeloop,5,A_Toeloop_5,False,True,train,1984543,True
skater_A/cam_8/Toeloop_6.mp4,A,8,Toeloop,6,A_Toeloop_6,False,True,test,2709823,True
skater_A/cam_8/Toeloop_7.mp4,A,8,Toeloop,7,A_Toeloop_7,False,True,train,2014215,True
skater_A/cam_8/Toeloop_8.mp4,A,8,Toeloop,8,A_Toeloop_8,False,True,train,2572127,True
skater_A/cam_8/Toeloop_9.mp4,A,8,Toeloop,9,A_Toeloop_9,False,True,train,2537610,True
skater_A/cam_9/Axel_1.mp4,A,9,Axel,1,A_Axel_1,False,True,test,2203780,True
skater_A/cam_9/Axel_10.mp4,A,9,Axel,10,A_Axel_10,False,True,test,2359011,True
skater_A/cam_9/Axel_2.mp4,A,9,Axel,2,A_Axel_2,False,True,train,2788154,True
skater_A/cam_9/Axel_3.mp4,A,9,Axel,3,A_Axel_3,False,True,train,2570153,True
skater_A/cam_9/Axel_4.mp4,A,9,Axel,4,A_Axel_4,False,True,val,2242646,True
skater_A/cam_9/Axel_5.mp4,A,9,Axel,5,A_Axel_5,False,True,train,2755187,True
skater_A/cam_9/Axel_6.mp4,A,9,Axel,6,A_Axel_6,False,True,train,2624241,True
skater_A/cam_9/Axel_7.mp4,A,9,Axel,7,A_Axel_7,False,True,train,2276256,True
skater_A/cam_9/Axel_8.mp4,A,9,Axel,8,A_Axel_8,False,True,train,2869619,True
skater_A/cam_9/Axel_9.mp4,A,9,Axel,9,A_Axel_9,False,True,train,2186944,True
skater_A/cam_9/Flip_1.mp4,A,9,Flip,1,A_Flip_1,False,True,val,2864703,True
skater_A/cam_9/Flip_10.mp4,A,9,Flip,10,A_Flip_10,False,True,train,2591752,True
skater_A/cam_9/Flip_2.mp4,A,9,Flip,2,A_Flip_2,False,True,train,2721469,True
skater_A/cam_9/Flip_3.mp4,A,9,Flip,3,A_Flip_3,False,True,train,2743563,True
skater_A/cam_9/Flip_4.mp4,A,9,Flip,4,A_Flip_4,False,True,train,2743152,True
skater_A/cam_9/Flip_5.mp4,A,9,Flip,5,A_Flip_5,False,True,train,2838149,True
skater_A/cam_9/Flip_6.mp4,A,9,Flip,6,A_Flip_6,False,True,val,2901091,True
skater_A/cam_9/Flip_7.mp4,A,9,Flip,7,A_Flip_7,False,True,train,2982461,True
skater_A/cam_9/Flip_8.mp4,A,9,Flip,8,A_Flip_8,False,True,train,2828408,True
skater_A/cam_9/Flip_9.mp4,A,9,Flip,9,A_Flip_9,False,True,test,2533902,True
skater_A/cam_9/Loop_1.mp4,A,9,Loop,1,A_Loop_1,False,True,train,2553318,True
skater_A/cam_9/Loop_10.mp4,A,9,Loop,10,A_Loop_10,False,True,train,2421455,True
skater_A/cam_9/Loop_2.mp4,A,9,Loop,2,A_Loop_2,False,True,train,2202576,True
skater_A/cam_9/Loop_3.mp4,A,9,Loop,3,A_Loop_3,False,True,test,2461350,True
skater_A/cam_9/Loop_4.mp4,A,9,Loop,4,A_Loop_4,False,True,train,2985438,True
skater_A/cam_9/Loop_5.mp4,A,9,Loop,5,A_Loop_5,False,True,train,2781131,True
skater_A/cam_9/Loop_6.mp4,A,9,Loop,6,A_Loop_6,False,True,val,2138985,True
skater_A/cam_9/Loop_7.mp4,A,9,Loop,7,A_Loop_7,False,True,train,2249832,True
skater_A/cam_9/Loop_8.mp4,A,9,Loop,8,A_Loop_8,False,True,test,2662237,True
skater_A/cam_9/Loop_9.mp4,A,9,Loop,9,A_Loop_9,False,True,train,2853916,True
skater_A/cam_9/Lutz_1.mp4,A,9,Lutz,1,A_Lutz_1,False,True,train,2861214,True
skater_A/cam_9/Lutz_10.mp4,A,9,Lutz,10,A_Lutz_10,False,True,train,2557748,True
skater_A/cam_9/Lutz_2.mp4,A,9,Lutz,2,A_Lutz_2,False,True,train,2266571,True
skater_A/cam_9/Lutz_3.mp4,A,9,Lutz,3,A_Lutz_3,False,True,train,2334063,True
skater_A/cam_9/Lutz_4.mp4,A,9,Lutz,4,A_Lutz_4,False,True,val,2339695,True
skater_A/cam_9/Lutz_5.mp4,A,9,Lutz,5,A_Lutz_5,False,True,val,2866470,True
skater_A/cam_9/Lutz_6.mp4,A,9,Lutz,6,A_Lutz_6,False,True,test,2846915,True
skater_A/cam_9/Lutz_7.mp4,A,9,Lutz,7,A_Lutz_7,False,True,train,2604771,True
skater_A/cam_9/Lutz_8.mp4,A,9,Lutz,8,A_Lutz_8,False,True,train,3018193,True
skater_A/cam_9/Lutz_9.mp4,A,9,Lutz,9,A_Lutz_9,False,True,train,2519701,True
skater_A/cam_9/Salchow_1.mp4,A,9,Salchow,1,A_Salchow_1,False,True,train,2478955,True
skater_A/cam_9/Salchow_10.mp4,A,9,Salchow,10,A_Salchow_10,False,True,test,2764338,True
skater_A/cam_9/Salchow_2.mp4,A,9,Salchow,2,A_Salchow_2,False,True,train,2374750,True
skater_A/cam_9/Salchow_3.mp4,A,9,Salchow,3,A_Salchow_3,False,True,train,2245100,True
skater_A/cam_9/Salchow_4.mp4,A,9,Salchow,4,A_Salchow_4,False,True,train,2901246,True
skater_A/cam_9/Salchow_5.mp4,A,9,Salchow,5,A_Salchow_5,False,True,test,2485483,True
skater_A/cam_9/Salchow_6.mp4,A,9,Salchow,6,A_Salchow_6,False,True,train,2652533,True
skater_A/cam_9/Salchow_7.mp4,A,9,Salchow,7,A_Salchow_7,False,True,train,2498922,True
skater_A/cam_9/Salchow_8.mp4,A,9,Salchow,8,A_Salchow_8,False,True,val,2978352,True
skater_A/cam_9/Salchow_9.mp4,A,9,Salchow,9,A_Salchow_9,False,True,train,2646739,True
skater_A/cam_9/Toeloop_1.mp4,A,9,Toeloop,1,A_Toeloop_1,False,True,train,2782613,True
skater_A/cam_9/Toeloop_10.mp4,A,9,Toeloop,10,A_Toeloop_10,False,True,val,2583277,True
skater_A/cam_9/Toeloop_2.mp4,A,9,Toeloop,2,A_Toeloop_2,False,True,train,2265320,True
skater_A/cam_9/Toeloop_3.mp4,A,9,Toeloop,3,A_Toeloop_3,False,True,train,2771562,True
skater_A/cam_9/Toeloop_4.mp4,A,9,Toeloop,4,A_Toeloop_4,False,True,val,2558683,True
skater_A/cam_9/Toeloop_5.mp4,A,9,Toeloop,5,A_Toeloop_5,False,True,train,2188291,True
skater_A/cam_9/Toeloop_6.mp4,A,9,Toeloop,6,A_Toeloop_6,False,True,test,2839677,True
skater_A/cam_9/Toeloop_7.mp4,A,9,Toeloop,7,A_Toeloop_7,False,True,train,2348274,True
skater_A/cam_9/Toeloop_8.mp4,A,9,Toeloop,8,A_Toeloop_8,False,True,train,2798577,True
skater_A/cam_9/Toeloop_9.mp4,A,9,Toeloop,9,A_Toeloop_9,False,True,train,2750113,True
skater_B/cam_1/Axel_1.mp4,B,1,Axel,1,B_Axel_1,False,True,test,2725742,True
skater_B/cam_1/Axel_10.mp4,B,1,Axel,10,B_Axel_10,False,True,test,2545166,True
skater_B/cam_1/Axel_2.mp4,B,1,Axel,2,B_Axel_2,False,True,train,2738976,True
skater_B/cam_1/Axel_3.mp4,B,1,Axel,3,B_Axel_3,False,True,val,2614728,True
skater_B/cam_1/Axel_4.mp4,B,1,Axel,4,B_Axel_4,False,True,train,2706143,True
skater_B/cam_1/Axel_5.mp4,B,1,Axel,5,B_Axel_5,False,True,train,2880147,True
skater_B/cam_1/Axel_6.mp4,B,1,Axel,6,B_Axel_6,False,True,train,2888295,True
skater_B/cam_1/Axel_7.mp4,B,1,Axel,7,B_Axel_7,False,True,train,2941485,True
skater_B/cam_1/Axel_8.mp4,B,1,Axel,8,B_Axel_8,False,True,train,2974414,True
skater_B/cam_1/Axel_9.mp4,B,1,Axel,9,B_Axel_9,False,True,train,2546978,True
skater_B/cam_1/Flip_1.mp4,B,1,Flip,1,B_Flip_1,False,True,train,3049103,True
skater_B/cam_1/Flip_10.mp4,B,1,Flip,10,B_Flip_10,False,True,train,2962183,True
skater_B/cam_1/Flip_2.mp4,B,1,Flip,2,B_Flip_2,False,True,train,2811636,True
skater_B/cam_1/Flip_3.mp4,B,1,Flip,3,B_Flip_3,False,True,train,2804214,True
skater_B/cam_1/Flip_4.mp4,B,1,Flip,4,B_Flip_4,False,True,test,3125579,True
skater_B/cam_1/Flip_5.mp4,B,1,Flip,5,B_Flip_5,False,True,val,3101831,True
skater_B/cam_1/Flip_6.mp4,B,1,Flip,6,B_Flip_6,False,True,train,2811405,True
skater_B/cam_1/Flip_7.mp4,B,1,Flip,7,B_Flip_7,False,True,val,2898563,True
skater_B/cam_1/Flip_8.mp4,B,1,Flip,8,B_Flip_8,False,True,train,3052415,True
skater_B/cam_1/Flip_9.mp4,B,1,Flip,9,B_Flip_9,False,True,train,2989062,True
skater_B/cam_1/Loop_1.mp4,B,1,Loop,1,B_Loop_1,False,True,train,2793660,True
skater_B/cam_1/Loop_10.mp4,B,1,Loop,10,B_Loop_10,False,True,test,3034762,True
skater_B/cam_1/Loop_2.mp4,B,1,Loop,2,B_Loop_2,False,True,test,2895559,True
skater_B/cam_1/Loop_3.mp4,B,1,Loop,3,B_Loop_3,False,True,val,2992724,True
skater_B/cam_1/Loop_4.mp4,B,1,Loop,4,B_Loop_4,False,True,train,3098229,True
skater_B/cam_1/Loop_5.mp4,B,1,Loop,5,B_Loop_5,False,True,train,2719236,True
skater_B/cam_1/Loop_6.mp4,B,1,Loop,6,B_Loop_6,False,True,train,2537321,True
skater_B/cam_1/Loop_7.mp4,B,1,Loop,7,B_Loop_7,False,True,train,2559048,True
skater_B/cam_1/Loop_8.mp4,B,1,Loop,8,B_Loop_8,False,True,train,2636488,True
skater_B/cam_1/Loop_9.mp4,B,1,Loop,9,B_Loop_9,False,True,train,2960977,True
skater_B/cam_1/Lutz_1.mp4,B,1,Lutz,1,B_Lutz_1,False,True,val,2974954,True
skater_B/cam_1/Lutz_10.mp4,B,1,Lutz,10,B_Lutz_10,False,True,train,2896131,True
skater_B/cam_1/Lutz_2.mp4,B,1,Lutz,2,B_Lutz_2,False,True,train,2511938,True
skater_B/cam_1/Lutz_3.mp4,B,1,Lutz,3,B_Lutz_3,False,True,val,3017074,True
skater_B/cam_1/Lutz_4.mp4,B,1,Lutz,4,B_Lutz_4,False,True,train,2691445,True
skater_B/cam_1/Lutz_5.mp4,B,1,Lutz,5,B_Lutz_5,False,True,test,2773290,True
skater_B/cam_1/Lutz_6.mp4,B,1,Lutz,6,B_Lutz_6,False,True,train,2882941,True
skater_B/cam_1/Lutz_7.mp4,B,1,Lutz,7,B_Lutz_7,False,True,train,2776768,True
skater_B/cam_1/Lutz_8.mp4,B,1,Lutz,8,B_Lutz_8,False,True,train,2896023,True
skater_B/cam_1/Lutz_9.mp4,B,1,Lutz,9,B_Lutz_9,False,True,train,3001085,True
skater_B/cam_1/Salchow_1.mp4,B,1,Salchow,1,B_Salchow_1,False,True,train,2477289,True
skater_B/cam_1/Salchow_10.mp4,B,1,Salchow,10,B_Salchow_10,False,True,train,2654838,True
skater_B/cam_1/Salchow_2.mp4,B,1,Salchow,2,B_Salchow_2,False,True,train,2710959,True
skater_B/cam_1/Salchow_3.mp4,B,1,Salchow,3,B_Salchow_3,False,True,test,2733268,True
skater_B/cam_1/Salchow_4.mp4,B,1,Salchow,4,B_Salchow_4,False,True,train,2851376,True
skater_B/cam_1/Salchow_5.mp4,B,1,Salchow,5,B_Salchow_5,False,True,test,2788848,True
skater_B/cam_1/Salchow_6.mp4,B,1,Salchow,6,B_Salchow_6,False,True,train,2755517,True
skater_B/cam_1/Salchow_7.mp4,B,1,Salchow,7,B_Salchow_7,False,True,train,2874871,True
skater_B/cam_1/Salchow_8.mp4,B,1,Salchow,8,B_Salchow_8,False,True,train,2796900,True
skater_B/cam_1/Salchow_9.mp4,B,1,Salchow,9,B_Salchow_9,False,True,val,2902197,True
skater_B/cam_1/Toeloop_1.mp4,B,1,Toeloop,1,B_Toeloop_1,False,True,train,3052132,True
skater_B/cam_1/Toeloop_10.mp4,B,1,Toeloop,10,B_Toeloop_10,False,True,train,2891756,True
skater_B/cam_1/Toeloop_2.mp4,B,1,Toeloop,2,B_Toeloop_2,False,True,test,2971314,True
skater_B/cam_1/Toeloop_3.mp4,B,1,Toeloop,3,B_Toeloop_3,False,True,val,2970096,True
skater_B/cam_1/Toeloop_4.mp4,B,1,Toeloop,4,B_Toeloop_4,False,True,val,2570518,True
skater_B/cam_1/Toeloop_5.mp4,B,1,Toeloop,5,B_Toeloop_5,False,True,train,2671083,True
skater_B/cam_1/Toeloop_6.mp4,B,1,Toeloop,6,B_Toeloop_6,False,True,train,2562198,True
skater_B/cam_1/Toeloop_7.mp4,B,1,Toeloop,7,B_Toeloop_7,False,True,train,2825349,True
skater_B/cam_1/Toeloop_8.mp4,B,1,Toeloop,8,B_Toeloop_8,False,True,train,2887600,True
skater_B/cam_1/Toeloop_9.mp4,B,1,Toeloop,9,B_Toeloop_9,False,True,train,2912522,True
skater_B/cam_10/Axel_1.mp4,B,10,Axel,1,B_Axel_1,False,True,test,2023582,True
skater_B/cam_10/Axel_10.mp4,B,10,Axel,10,B_Axel_10,False,True,test,2230935,True
skater_B/cam_10/Axel_2.mp4,B,10,Axel,2,B_Axel_2,False,True,train,2354142,True
skater_B/cam_10/Axel_3.mp4,B,10,Axel,3,B_Axel_3,False,True,val,2241944,True
skater_B/cam_10/Axel_4.mp4,B,10,Axel,4,B_Axel_4,False,True,train,2188164,True
skater_B/cam_10/Axel_5.mp4,B,10,Axel,5,B_Axel_5,False,True,train,2586266,True
skater_B/cam_10/Axel_6.mp4,B,10,Axel,6,B_Axel_6,False,True,train,2389536,True
skater_B/cam_10/Axel_7.mp4,B,10,Axel,7,B_Axel_7,False,True,train,2545334,True
skater_B/cam_10/Axel_8.mp4,B,10,Axel,8,B_Axel_8,False,True,train,2498304,True
skater_B/cam_10/Axel_9.mp4,B,10,Axel,9,B_Axel_9,False,True,train,2088307,True
skater_B/cam_10/Flip_1.mp4,B,10,Flip,1,B_Flip_1,False,True,train,2542674,True
skater_B/cam_10/Flip_10.mp4,B,10,Flip,10,B_Flip_10,False,True,train,2850669,True
skater_B/cam_10/Flip_2.mp4,B,10,Flip,2,B_Flip_2,False,True,train,2296591,True
skater_B/cam_10/Flip_3.mp4,B,10,Flip,3,B_Flip_3,False,True,train,2296184,True
skater_B/cam_10/Flip_4.mp4,B,10,Flip,4,B_Flip_4,False,True,test,2890218,True
skater_B/cam_10/Flip_5.mp4,B,10,Flip,5,B_Flip_5,False,True,val,2952167,True
skater_B/cam_10/Flip_6.mp4,B,10,Flip,6,B_Flip_6,False,True,train,2662821,True
skater_B/cam_10/Flip_7.mp4,B,10,Flip,7,B_Flip_7,False,True,val,2606750,True
skater_B/cam_10/Flip_8.mp4,B,10,Flip,8,B_Flip_8,False,True,train,2874318,True
skater_B/cam_10/Flip_9.mp4,B,10,Flip,9,B_Flip_9,False,True,train,2849383,True
skater_B/cam_10/Loop_1.mp4,B,10,Loop,1,B_Loop_1,False,True,train,2685275,True
skater_B/cam_10/Loop_10.mp4,B,10,Loop,10,B_Loop_10,False,True,test,2860198,True
skater_B/cam_10/Loop_2.mp4,B,10,Loop,2,B_Loop_2,False,True,test,2847284,True
skater_B/cam_10/Loop_3.mp4,B,10,Loop,3,B_Loop_3,False,True,val,2762456,True
skater_B/cam_10/Loop_4.mp4,B,10,Loop,4,B_Loop_4,False,True,train,2801586,True
skater_B/cam_10/Loop_5.mp4,B,10,Loop,5,B_Loop_5,False,True,train,2651149,True
skater_B/cam_10/Loop_6.mp4,B,10,Loop,6,B_Loop_6,False,True,train,2408741,True
skater_B/cam_10/Loop_7.mp4,B,10,Loop,7,B_Loop_7,False,True,train,2218300,True
skater_B/cam_10/Loop_8.mp4,B,10,Loop,8,B_Loop_8,False,True,train,2150257,True
skater_B/cam_10/Loop_9.mp4,B,10,Loop,9,B_Loop_9,False,True,train,2419301,True
skater_B/cam_10/Lutz_1.mp4,B,10,Lutz,1,B_Lutz_1,False,True,val,2852080,True
skater_B/cam_10/Lutz_10.mp4,B,10,Lutz,10,B_Lutz_10,False,True,train,2417655,True
skater_B/cam_10/Lutz_2.mp4,B,10,Lutz,2,B_Lutz_2,False,True,train,2059082,True
skater_B/cam_10/Lutz_3.mp4,B,10,Lutz,3,B_Lutz_3,False,True,val,2655664,True
skater_B/cam_10/Lutz_4.mp4,B,10,Lutz,4,B_Lutz_4,False,True,train,2021049,True
skater_B/cam_10/Lutz_5.mp4,B,10,Lutz,5,B_Lutz_5,False,True,test,2461062,True
skater_B/cam_10/Lutz_6.mp4,B,10,Lutz,6,B_Lutz_6,False,True,train,2920632,True
skater_B/cam_10/Lutz_7.mp4,B,10,Lutz,7,B_Lutz_7,False,True,train,2448674,True
skater_B/cam_10/Lutz_8.mp4,B,10,Lutz,8,B_Lutz_8,False,True,train,2677884,True
skater_B/cam_10/Lutz_9.mp4,B,10,Lutz,9,B_Lutz_9,False,True,train,2592433,True
skater_B/cam_10/Salchow_1.mp4,B,10,Salchow,1,B_Salchow_1,False,True,train,2322584,True
skater_B/cam_10/Salchow_10.mp4,B,10,Salchow,10,B_Salchow_10,False,True,train,2645302,True
skater_B/cam_10/Salchow_2.mp4,B,10,Salchow,2,B_Salchow_2,False,True,train,2188611,True
skater_B/cam_10/Salchow_3.mp4,B,10,Salchow,3,B_Salchow_3,False,True,test,2852671,True
skater_B/cam_10/Salchow_4.mp4,B,10,Salchow,4,B_Salchow_4,False,True,train,2443050,True
skater_B/cam_10/Salchow_5.mp4,B,10,Salchow,5,B_Salchow_5,False,True,test,2690425,True
skater_B/cam_10/Salchow_6.mp4,B,10,Salchow,6,B_Salchow_6,False,True,train,2243448,True
skater_B/cam_10/Salchow_7.mp4,B,10,Salchow,7,B_Salchow_7,False,True,train,2795456,True
skater_B/cam_10/Salchow_8.mp4,B,10,Salchow,8,B_Salchow_8,False,True,train,2485328,True
skater_B/cam_10/Salchow_9.mp4,B,10,Salchow,9,B_Salchow_9,False,True,val,2763252,True
skater_B/cam_10/Toeloop_1.mp4,B,10,Toeloop,1,B_Toeloop_1,False,True,train,2804392,True
skater_B/cam_10/Toeloop_10.mp4,B,10,Toeloop,10,B_Toeloop_10,False,True,train,2538571,True
skater_B/cam_10/Toeloop_2.mp4,B,10,Toeloop,2,B_Toeloop_2,False,True,test,2716997,True
skater_B/cam_10/Toeloop_3.mp4,B,10,Toeloop,3,B_Toeloop_3,False,True,val,2868397,True
skater_B/cam_10/Toeloop_4.mp4,B,10,Toeloop,4,B_Toeloop_4,False,True,val,2186636,True
skater_B/cam_10/Toeloop_5.mp4,B,10,Toeloop,5,B_Toeloop_5,False,True,train,2690552,True
skater_B/cam_10/Toeloop_6.mp4,B,10,Toeloop,6,B_Toeloop_6,False,True,train,2553598,True
skater_B/cam_10/Toeloop_7.mp4,B,10,Toeloop,7,B_Toeloop_7,False,True,train,2320265,True
skater_B/cam_10/Toeloop_8.mp4,B,10,Toeloop,8,B_Toeloop_8,False,True,train,2317850,True
skater_B/cam_10/Toeloop_9.mp4,B,10,Toeloop,9,B_Toeloop_9,False,True,train,2550458,True
skater_B/cam_11/Axel_1.mp4,B,11,Axel,1,B_Axel_1,False,True,test,2457867,True
skater_B/cam_11/Axel_10.mp4,B,11,Axel,10,B_Axel_10,False,True,test,2431598,True
skater_B/cam_11/Axel_2.mp4,B,11,Axel,2,B_Axel_2,False,True,train,2831906,True
skater_B/cam_11/Axel_3.mp4,B,11,Axel,3,B_Axel_3,False,True,val,2602835,True
skater_B/cam_11/Axel_4.mp4,B,11,Axel,4,B_Axel_4,False,True,train,2587208,True
skater_B/cam_11/Axel_5.mp4,B,11,Axel,5,B_Axel_5,False,True,train,2981616,True
skater_B/cam_11/Axel_6.mp4,B,11,Axel,6,B_Axel_6,False,True,train,2680873,True
skater_B/cam_11/Axel_7.mp4,B,11,Axel,7,B_Axel_7,False,True,train,2887522,True
skater_B/cam_11/Axel_8.mp4,B,11,Axel,8,B_Axel_8,False,True,train,2901175,True
skater_B/cam_11/Axel_9.mp4,B,11,Axel,9,B_Axel_9,False,True,train,2451083,True
skater_B/cam_11/Flip_1.mp4,B,11,Flip,1,B_Flip_1,False,True,train,3016632,True
skater_B/cam_11/Flip_10.mp4,B,11,Flip,10,B_Flip_10,False,True,train,3408407,True
skater_B/cam_11/Flip_2.mp4,B,11,Flip,2,B_Flip_2,False,True,train,2641520,True
skater_B/cam_11/Flip_3.mp4,B,11,Flip,3,B_Flip_3,False,True,train,2709173,True
skater_B/cam_11/Flip_4.mp4,B,11,Flip,4,B_Flip_4,False,True,test,3320798,True
skater_B/cam_11/Flip_5.mp4,B,11,Flip,5,B_Flip_5,False,True,val,3406136,True
skater_B/cam_11/Flip_6.mp4,B,11,Flip,6,B_Flip_6,False,True,train,3131577,True
skater_B/cam_11/Flip_7.mp4,B,11,Flip,7,B_Flip_7,False,True,val,3145325,True
skater_B/cam_11/Flip_8.mp4,B,11,Flip,8,B_Flip_8,False,True,train,3356669,True
skater_B/cam_11/Flip_9.mp4,B,11,Flip,9,B_Flip_9,False,True,train,3270011,True
skater_B/cam_11/Loop_1.mp4,B,11,Loop,1,B_Loop_1,False,True,train,3186714,True
skater_B/cam_11/Loop_10.mp4,B,11,Loop,10,B_Loop_10,False,True,test,3307516,True
skater_B/cam_11/Loop_2.mp4,B,11,Loop,2,B_Loop_2,False,True,test,3257966,True
skater_B/cam_11/Loop_3.mp4,B,11,Loop,3,B_Loop_3,False,True,val,3107861,True
skater_B/cam_11/Loop_4.mp4,B,11,Loop,4,B_Loop_4,False,True,train,3277383,True
skater_B/cam_11/Loop_5.mp4,B,11,Loop,5,B_Loop_5,False,True,train,3118439,True
skater_B/cam_11/Loop_6.mp4,B,11,Loop,6,B_Loop_6,False,True,train,2804632,True
skater_B/cam_11/Loop_7.mp4,B,11,Loop,7,B_Loop_7,False,True,train,2568387,True
skater_B/cam_11/Loop_8.mp4,B,11,Loop,8,B_Loop_8,False,True,train,2497009,True
skater_B/cam_11/Loop_9.mp4,B,11,Loop,9,B_Loop_9,False,True,train,2796957,True
skater_B/cam_11/Lutz_1.mp4,B,11,Lutz,1,B_Lutz_1,False,True,val,3203256,True
skater_B/cam_11/Lutz_10.mp4,B,11,Lutz,10,B_Lutz_10,False,True,train,2878676,True
skater_B/cam_11/Lutz_2.mp4,B,11,Lutz,2,B_Lutz_2,False,True,train,2464230,True
skater_B/cam_11/Lutz_3.mp4,B,11,Lutz,3,B_Lutz_3,False,True,val,3040218,True
skater_B/cam_11/Lutz_4.mp4,B,11,Lutz,4,B_Lutz_4,False,True,train,2548083,True
skater_B/cam_11/Lutz_5.mp4,B,11,Lutz,5,B_Lutz_5,False,True,test,2835021,True
skater_B/cam_11/Lutz_6.mp4,B,11,Lutz,6,B_Lutz_6,False,True,train,3347777,True
skater_B/cam_11/Lutz_7.mp4,B,11,Lutz,7,B_Lutz_7,False,True,train,2891841,True
skater_B/cam_11/Lutz_8.mp4,B,11,Lutz,8,B_Lutz_8,False,True,train,3054604,True
skater_B/cam_11/Lutz_9.mp4,B,11,Lutz,9,B_Lutz_9,False,True,train,3041535,True
skater_B/cam_11/Salchow_1.mp4,B,11,Salchow,1,B_Salchow_1,False,True,train,2682589,True
skater_B/cam_11/Salchow_10.mp4,B,11,Salchow,10,B_Salchow_10,False,True,train,3064308,True
skater_B/cam_11/Salchow_2.mp4,B,11,Salchow,2,B_Salchow_2,False,True,train,2604289,True
skater_B/cam_11/Salchow_3.mp4,B,11,Salchow,3,B_Salchow_3,False,True,test,3241721,True
skater_B/cam_11/Salchow_4.mp4,B,11,Salchow,4,B_Salchow_4,False,True,train,2874623,True
skater_B/cam_11/Salchow_5.mp4,B,11,Salchow,5,B_Salchow_5,False,True,test,3107903,True
skater_B/cam_11/Salchow_6.mp4,B,11,Salchow,6,B_Salchow_6,False,True,train,2639711,True
skater_B/cam_11/Salchow_7.mp4,B,11,Salchow,7,B_Salchow_7,False,True,train,3411768,True
skater_B/cam_11/Salchow_8.mp4,B,11,Salchow,8,B_Salchow_8,False,True,train,2941092,True
skater_B/cam_11/Salchow_9.mp4,B,11,Salchow,9,B_Salchow_9,False,True,val,3305090,True
skater_B/cam_11/Toeloop_1.mp4,B,11,Toeloop,1,B_Toeloop_1,False,True,train,3327726,True
skater_B/cam_11/Toeloop_10.mp4,B,11,Toeloop,10,B_Toeloop_10,False,True,train,2947490,True
skater_B/cam_11/Toeloop_2.mp4,B,11,Toeloop,2,B_Toeloop_2,False,True,test,3130302,True
skater_B/cam_11/Toeloop_3.mp4,B,11,Toeloop,3,B_Toeloop_3,False,True,val,3288867,True
skater_B/cam_11/Toeloop_4.mp4,B,11,Toeloop,4,B_Toeloop_4,False,True,val,2605804,True
skater_B/cam_11/Toeloop_5.mp4,B,11,Toeloop,5,B_Toeloop_5,False,True,train,3001592,True
skater_B/cam_11/Toeloop_6.mp4,B,11,Toeloop,6,B_Toeloop_6,False,True,train,2950308,True
skater_B/cam_11/Toeloop_7.mp4,B,11,Toeloop,7,B_Toeloop_7,False,True,train,2645307,True
skater_B/cam_11/Toeloop_8.mp4,B,11,Toeloop,8,B_Toeloop_8,False,True,train,2785881,True
skater_B/cam_11/Toeloop_9.mp4,B,11,Toeloop,9,B_Toeloop_9,False,True,train,2977627,True
skater_B/cam_12/Axel_1.mp4,B,12,Axel,1,B_Axel_1,False,True,test,2662619,True
skater_B/cam_12/Axel_10.mp4,B,12,Axel,10,B_Axel_10,False,True,test,2690378,True
skater_B/cam_12/Axel_2.mp4,B,12,Axel,2,B_Axel_2,False,True,train,2932390,True
skater_B/cam_12/Axel_3.mp4,B,12,Axel,3,B_Axel_3,False,True,val,2738306,True
skater_B/cam_12/Axel_4.mp4,B,12,Axel,4,B_Axel_4,False,True,train,2793188,True
skater_B/cam_12/Axel_5.mp4,B,12,Axel,5,B_Axel_5,False,True,train,3153803,True
skater_B/cam_12/Axel_6.mp4,B,12,Axel,6,B_Axel_6,False,True,train,2856470,True
skater_B/cam_12/Axel_7.mp4,B,12,Axel,7,B_Axel_7,False,True,train,3180152,True
skater_B/cam_12/Axel_8.mp4,B,12,Axel,8,B_Axel_8,False,True,train,3042439,True
skater_B/cam_12/Axel_9.mp4,B,12,Axel,9,B_Axel_9,False,True,train,2652448,True
skater_B/cam_12/Flip_1.mp4,B,12,Flip,1,B_Flip_1,False,True,train,3082720,True
skater_B/cam_12/Flip_10.mp4,B,12,Flip,10,B_Flip_10,False,True,train,3480403,True
skater_B/cam_12/Flip_2.mp4,B,12,Flip,2,B_Flip_2,False,True,train,2738544,True
skater_B/cam_12/Flip_3.mp4,B,12,Flip,3,B_Flip_3,False,True,train,2860002,True
skater_B/cam_12/Flip_4.mp4,B,12,Flip,4,B_Flip_4,False,True,test,3338633,True
skater_B/cam_12/Flip_5.mp4,B,12,Flip,5,B_Flip_5,False,True,val,3462107,True
skater_B/cam_12/Flip_6.mp4,B,12,Flip,6,B_Flip_6,False,True,train,3174303,True
skater_B/cam_12/Flip_7.mp4,B,12,Flip,7,B_Flip_7,False,True,val,3200669,True
skater_B/cam_12/Flip_8.mp4,B,12,Flip,8,B_Flip_8,False,True,train,3434321,True
skater_B/cam_12/Flip_9.mp4,B,12,Flip,9,B_Flip_9,False,True,train,3409732,True
skater_B/cam_12/Loop_1.mp4,B,12,Loop,1,B_Loop_1,False,True,train,3278505,True
skater_B/cam_12/Loop_10.mp4,B,12,Loop,10,B_Loop_10,False,True,test,3483953,True
skater_B/cam_12/Loop_2.mp4,B,12,Loop,2,B_Loop_2,False,True,test,3402792,True
skater_B/cam_12/Loop_3.mp4,B,12,Loop,3,B_Loop_3,False,True,val,3154964,True
skater_B/cam_12/Loop_4.mp4,B,12,Loop,4,B_Loop_4,False,True,train,3297650,True
skater_B/cam_12/Loop_5.mp4,B,12,Loop,5,B_Loop_5,False,True,train,3154925,True
skater_B/cam_12/Loop_6.mp4,B,12,Loop,6,B_Loop_6,False,True,train,2857958,True
skater_B/cam_12/Loop_7.mp4,B,12,Loop,7,B_Loop_7,False,True,train,2667648,True
skater_B/cam_12/Loop_8.mp4,B,12,Loop,8,B_Loop_8,False,True,train,2664321,True
skater_B/cam_12/Loop_9.mp4,B,12,Loop,9,B_Loop_9,False,True,train,2864221,True
skater_B/cam_12/Lutz_1.mp4,B,12,Lutz,1,B_Lutz_1,False,True,val,3344790,True
skater_B/cam_12/Lutz_10.mp4,B,12,Lutz,10,B_Lutz_10,False,True,train,2990910,True
skater_B/cam_12/Lutz_2.mp4,B,12,Lutz,2,B_Lutz_2,False,True,train,2611195,True
skater_B/cam_12/Lutz_3.mp4,B,12,Lutz,3,B_Lutz_3,False,True,val,3098631,True
skater_B/cam_12/Lutz_4.mp4,B,12,Lutz,4,B_Lutz_4,False,True,train,2685908,True
skater_B/cam_12/Lutz_5.mp4,B,12,Lutz,5,B_Lutz_5,False,True,test,2912388,True
skater_B/cam_12/Lutz_6.mp4,B,12,Lutz,6,B_Lutz_6,False,True,train,3523675,True
skater_B/cam_12/Lutz_7.mp4,B,12,Lutz,7,B_Lutz_7,False,True,train,2992191,True
skater_B/cam_12/Lutz_8.mp4,B,12,Lutz,8,B_Lutz_8,False,True,train,3111414,True
skater_B/cam_12/Lutz_9.mp4,B,12,Lutz,9,B_Lutz_9,False,True,train,3061784,True
skater_B/cam_12/Salchow_1.mp4,B,12,Salchow,1,B_Salchow_1,False,True,train,2755457,True
skater_B/cam_12/Salchow_10.mp4,B,12,Salchow,10,B_Salchow_10,False,True,train,3102362,True
skater_B/cam_12/Salchow_2.mp4,B,12,Salchow,2,B_Salchow_2,False,True,train,2718385,True
skater_B/cam_12/Salchow_3.mp4,B,12,Salchow,3,B_Salchow_3,False,True,test,3400036,True
skater_B/cam_12/Salchow_4.mp4,B,12,Salchow,4,B_Salchow_4,False,True,train,2938964,True
skater_B/cam_12/Salchow_5.mp4,B,12,Salchow,5,B_Salchow_5,False,True,test,3145779,True
skater_B/cam_12/Salchow_6.mp4,B,12,Salchow,6,B_Salchow_6,False,True,train,2707153,True
skater_B/cam_12/Salchow_7.mp4,B,12,Salchow,7,B_Salchow_7,False,True,train,3393543,True
skater_B/cam_12/Salchow_8.mp4,B,12,Salchow,8,B_Salchow_8,False,True,train,3017633,True
skater_B/cam_12/Salchow_9.mp4,B,12,Salchow,9,B_Salchow_9,False,True,val,3352956,True
skater_B/cam_12/Toeloop_1.mp4,B,12,Toeloop,1,B_Toeloop_1,False,True,train,3355913,True
skater_B/cam_12/Toeloop_10.mp4,B,12,Toeloop,10,B_Toeloop_10,False,True,train,3031701,True
skater_B/cam_12/Toeloop_2.mp4,B,12,Toeloop,2,B_Toeloop_2,False,True,test,3224014,True
skater_B/cam_12/Toeloop_3.mp4,B,12,Toeloop,3,B_Toeloop_3,False,True,val,3417245,True
skater_B/cam_12/Toeloop_4.mp4,B,12,Toeloop,4,B_Toeloop_4,False,True,val,2701269,True
skater_B/cam_12/Toeloop_5.mp4,B,12,Toeloop,5,B_Toeloop_5,False,True,train,3014972,True
skater_B/cam_12/Toeloop_6.mp4,B,12,Toeloop,6,B_Toeloop_6,False,True,train,3033048,True
skater_B/cam_12/Toeloop_7.mp4,B,12,Toeloop,7,B_Toeloop_7,False,True,train,2801829,True
skater_B/cam_12/Toeloop_8.mp4,B,12,Toeloop,8,B_Toeloop_8,False,True,train,2889845,True
skater_B/cam_12/Toeloop_9.mp4,B,12,Toeloop,9,B_Toeloop_9,False,True,train,3049729,True
skater_B/cam_2/Axel_1.mp4,B,2,Axel,1,B_Axel_1,False,True,test,2446439,True
skater_B/cam_2/Axel_10.mp4,B,2,Axel,10,B_Axel_10,False,True,test,2406376,True
skater_B/cam_2/Axel_2.mp4,B,2,Axel,2,B_Axel_2,False,True,train,2612070,True
skater_B/cam_2/Axel_3.mp4,B,2,Axel,3,B_Axel_3,False,True,val,2467041,True
skater_B/cam_2/Axel_4.mp4,B,2,Axel,4,B_Axel_4,False,True,train,2612359,True
skater_B/cam_2/Axel_5.mp4,B,2,Axel,5,B_Axel_5,False,True,train,3089021,True
skater_B/cam_2/Axel_6.mp4,B,2,Axel,6,B_Axel_6,False,True,train,2859699,True
skater_B/cam_2/Axel_7.mp4,B,2,Axel,7,B_Axel_7,False,True,train,2965455,True
skater_B/cam_2/Axel_8.mp4,B,2,Axel,8,B_Axel_8,False,True,train,3002425,True
skater_B/cam_2/Axel_9.mp4,B,2,Axel,9,B_Axel_9,False,True,train,2473106,True
skater_B/cam_2/Flip_1.mp4,B,2,Flip,1,B_Flip_1,False,True,train,3032631,True
skater_B/cam_2/Flip_10.mp4,B,2,Flip,10,B_Flip_10,False,True,train,2946424,True
skater_B/cam_2/Flip_2.mp4,B,2,Flip,2,B_Flip_2,False,True,train,2837874,True
skater_B/cam_2/Flip_3.mp4,B,2,Flip,3,B_Flip_3,False,True,train,2711095,True
skater_B/cam_2/Flip_4.mp4,B,2,Flip,4,B_Flip_4,False,True,test,3089054,True
skater_B/cam_2/Flip_5.mp4,B,2,Flip,5,B_Flip_5,False,True,val,3016968,True
skater_B/cam_2/Flip_6.mp4,B,2,Flip,6,B_Flip_6,False,True,train,2655555,True
skater_B/cam_2/Flip_7.mp4,B,2,Flip,7,B_Flip_7,False,True,val,2809988,True
skater_B/cam_2/Flip_8.mp4,B,2,Flip,8,B_Flip_8,False,True,train,3026076,True
skater_B/cam_2/Flip_9.mp4,B,2,Flip,9,B_Flip_9,False,True,train,2981557,True
skater_B/cam_2/Loop_1.mp4,B,2,Loop,1,B_Loop_1,False,True,train,2712540,True
skater_B/cam_2/Loop_10.mp4,B,2,Loop,10,B_Loop_10,False,True,test,2969317,True
skater_B/cam_2/Loop_2.mp4,B,2,Loop,2,B_Loop_2,False,True,test,2994818,True
skater_B/cam_2/Loop_3.mp4,B,2,Loop,3,B_Loop_3,False,True,val,2959499,True
skater_B/cam_2/Loop_4.mp4,B,2,Loop,4,B_Loop_4,False,True,train,2968356,True
skater_B/cam_2/Loop_5.mp4,B,2,Loop,5,B_Loop_5,False,True,train,2634985,True
skater_B/cam_2/Loop_6.mp4,B,2,Loop,6,B_Loop_6,False,True,train,2457667,True
skater_B/cam_2/Loop_7.mp4,B,2,Loop,7,B_Loop_7,False,True,train,2436526,True
skater_B/cam_2/Loop_8.mp4,B,2,Loop,8,B_Loop_8,False,True,train,2566159,True
skater_B/cam_2/Loop_9.mp4,B,2,Loop,9,B_Loop_9,False,True,train,2900683,True
skater_B/cam_2/Lutz_1.mp4,B,2,Lutz,1,B_Lutz_1,False,True,val,3032426,True
skater_B/cam_2/Lutz_10.mp4,B,2,Lutz,10,B_Lutz_10,False,True,train,2964845,True
skater_B/cam_2/Lutz_2.mp4,B,2,Lutz,2,B_Lutz_2,False,True,train,2293623,True
skater_B/cam_2/Lutz_3.mp4,B,2,Lutz,3,B_Lutz_3,False,True,val,3090112,True
skater_B/cam_2/Lutz_4.mp4,B,2,Lutz,4,B_Lutz_4,False,True,train,2575570,True
skater_B/cam_2/Lutz_5.mp4,B,2,Lutz,5,B_Lutz_5,False,True,test,2670088,True
skater_B/cam_2/Lutz_6.mp4,B,2,Lutz,6,B_Lutz_6,False,True,train,2955449,True
skater_B/cam_2/Lutz_7.mp4,B,2,Lutz,7,B_Lutz_7,False,True,train,2618646,True
skater_B/cam_2/Lutz_8.mp4,B,2,Lutz,8,B_Lutz_8,False,True,train,2864976,True
skater_B/cam_2/Lutz_9.mp4,B,2,Lutz,9,B_Lutz_9,False,True,train,2934878,True
skater_B/cam_2/Salchow_1.mp4,B,2,Salchow,1,B_Salchow_1,False,True,train,2349484,True
skater_B/cam_2/Salchow_10.mp4,B,2,Salchow,10,B_Salchow_10,False,True,train,2522135,True
skater_B/cam_2/Salchow_2.mp4,B,2,Salchow,2,B_Salchow_2,False,True,train,2622798,True
skater_B/cam_2/Salchow_3.mp4,B,2,Salchow,3,B_Salchow_3,False,True,test,2692223,True
skater_B/cam_2/Salchow_4.mp4,B,2,Salchow,4,B_Salchow_4,False,True,train,2769419,True
skater_B/cam_2/Salchow_5.mp4,B,2,Salchow,5,B_Salchow_5,False,True,test,2696444,True
skater_B/cam_2/Salchow_6.mp4,B,2,Salchow,6,B_Salchow_6,False,True,train,2685050,True
skater_B/cam_2/Salchow_7.mp4,B,2,Salchow,7,B_Salchow_7,False,True,train,2818859,True
skater_B/cam_2/Salchow_8.mp4,B,2,Salchow,8,B_Salchow_8,False,True,train,2651311,True
skater_B/cam_2/Salchow_9.mp4,B,2,Salchow,9,B_Salchow_9,False,True,val,3070621,True
skater_B/cam_2/Toeloop_1.mp4,B,2,Toeloop,1,B_Toeloop_1,False,True,train,2990675,True
skater_B/cam_2/Toeloop_10.mp4,B,2,Toeloop,10,B_Toeloop_10,False,True,train,2808881,True
skater_B/cam_2/Toeloop_2.mp4,B,2,Toeloop,2,B_Toeloop_2,False,True,test,2852188,True
skater_B/cam_2/Toeloop_3.mp4,B,2,Toeloop,3,B_Toeloop_3,False,True,val,2960445,True
skater_B/cam_2/Toeloop_4.mp4,B,2,Toeloop,4,B_Toeloop_4,False,True,val,2502600,True
skater_B/cam_2/Toeloop_5.mp4,B,2,Toeloop,5,B_Toeloop_5,False,True,train,2637303,True
skater_B/cam_2/Toeloop_6.mp4,B,2,Toeloop,6,B_Toeloop_6,False,True,train,2484078,True
skater_B/cam_2/Toeloop_7.mp4,B,2,Toeloop,7,B_Toeloop_7,False,True,train,2892128,True
skater_B/cam_2/Toeloop_8.mp4,B,2,Toeloop,8,B_Toeloop_8,False,True,train,2842753,True
skater_B/cam_2/Toeloop_9.mp4,B,2,Toeloop,9,B_Toeloop_9,False,True,train,2805924,True
skater_B/cam_3/Axel_1.mp4,B,3,Axel,1,B_Axel_1,False,True,test,2608082,True
skater_B/cam_3/Axel_10.mp4,B,3,Axel,10,B_Axel_10,False,True,test,2473574,True
skater_B/cam_3/Axel_2.mp4,B,3,Axel,2,B_Axel_2,False,True,train,2615713,True
skater_B/cam_3/Axel_3.mp4,B,3,Axel,3,B_Axel_3,False,True,val,2473687,True
skater_B/cam_3/Axel_4.mp4,B,3,Axel,4,B_Axel_4,False,True,train,2614643,True
skater_B/cam_3/Axel_5.mp4,B,3,Axel,5,B_Axel_5,False,True,train,2959469,True
skater_B/cam_3/Axel_6.mp4,B,3,Axel,6,B_Axel_6,False,True,train,2794040,True
skater_B/cam_3/Axel_7.mp4,B,3,Axel,7,B_Axel_7,False,True,train,2651603,True
skater_B/cam_3/Axel_8.mp4,B,3,Axel,8,B_Axel_8,False,True,train,2916489,True
skater_B/cam_3/Axel_9.mp4,B,3,Axel,9,B_Axel_9,False,True,train,2457548,True
skater_B/cam_3/Flip_1.mp4,B,3,Flip,1,B_Flip_1,False,True,train,2913363,True
skater_B/cam_3/Flip_10.mp4,B,3,Flip,10,B_Flip_10,False,True,train,2873619,True
skater_B/cam_3/Flip_2.mp4,B,3,Flip,2,B_Flip_2,False,True,train,2957667,True
skater_B/cam_3/Flip_3.mp4,B,3,Flip,3,B_Flip_3,False,True,train,2685692,True
skater_B/cam_3/Flip_4.mp4,B,3,Flip,4,B_Flip_4,False,True,test,3021687,True
skater_B/cam_3/Flip_5.mp4,B,3,Flip,5,B_Flip_5,False,True,val,2905679,True
skater_B/cam_3/Flip_6.mp4,B,3,Flip,6,B_Flip_6,False,True,train,2676203,True
skater_B/cam_3/Flip_7.mp4,B,3,Flip,7,B_Flip_7,False,True,val,2718646,True
skater_B/cam_3/Flip_8.mp4,B,3,Flip,8,B_Flip_8,False,True,train,2866462,True
skater_B/cam_3/Flip_9.mp4,B,3,Flip,9,B_Flip_9,False,True,train,2823588,True
skater_B/cam_3/Loop_1.mp4,B,3,Loop,1,B_Loop_1,False,True,train,2686963,True
skater_B/cam_3/Loop_10.mp4,B,3,Loop,10,B_Loop_10,False,True,test,2857433,True
skater_B/cam_3/Loop_2.mp4,B,3,Loop,2,B_Loop_2,False,True,test,2853084,True
skater_B/cam_3/Loop_3.mp4,B,3,Loop,3,B_Loop_3,False,True,val,2854651,True
skater_B/cam_3/Loop_4.mp4,B,3,Loop,4,B_Loop_4,False,True,train,2842470,True
skater_B/cam_3/Loop_5.mp4,B,3,Loop,5,B_Loop_5,False,True,train,2605646,True
skater_B/cam_3/Loop_6.mp4,B,3,Loop,6,B_Loop_6,False,True,train,2411166,True
skater_B/cam_3/Loop_7.mp4,B,3,Loop,7,B_Loop_7,False,True,train,2439837,True
skater_B/cam_3/Loop_8.mp4,B,3,Loop,8,B_Loop_8,False,True,train,2573011,True
skater_B/cam_3/Loop_9.mp4,B,3,Loop,9,B_Loop_9,False,True,train,2852081,True
skater_B/cam_3/Lutz_1.mp4,B,3,Lutz,1,B_Lutz_1,False,True,val,3002441,True
skater_B/cam_3/Lutz_10.mp4,B,3,Lutz,10,B_Lutz_10,False,True,train,2851039,True
skater_B/cam_3/Lutz_2.mp4,B,3,Lutz,2,B_Lutz_2,False,True,train,2353696,True
skater_B/cam_3/Lutz_3.mp4,B,3,Lutz,3,B_Lutz_3,False,True,val,3274791,True
skater_B/cam_3/Lutz_4.mp4,B,3,Lutz,4,B_Lutz_4,False,True,train,2632950,True
skater_B/cam_3/Lutz_5.mp4,B,3,Lutz,5,B_Lutz_5,False,True,test,2665334,True
skater_B/cam_3/Lutz_6.mp4,B,3,Lutz,6,B_Lutz_6,False,True,train,2878124,True
skater_B/cam_3/Lutz_7.mp4,B,3,Lutz,7,B_Lutz_7,False,True,train,2686948,True
skater_B/cam_3/Lutz_8.mp4,B,3,Lutz,8,B_Lutz_8,False,True,train,2810691,True
skater_B/cam_3/Lutz_9.mp4,B,3,Lutz,9,B_Lutz_9,False,True,train,2786868,True
skater_B/cam_3/Salchow_1.mp4,B,3,Salchow,1,B_Salchow_1,False,True,train,2292938,True
skater_B/cam_3/Salchow_10.mp4,B,3,Salchow,10,B_Salchow_10,False,True,train,2467886,True
skater_B/cam_3/Salchow_2.mp4,B,3,Salchow,2,B_Salchow_2,False,True,train,2723275,True
skater_B/cam_3/Salchow_3.mp4,B,3,Salchow,3,B_Salchow_3,False,True,test,2703874,True
skater_B/cam_3/Salchow_4.mp4,B,3,Salchow,4,B_Salchow_4,False,True,train,2777502,True
skater_B/cam_3/Salchow_5.mp4,B,3,Salchow,5,B_Salchow_5,False,True,test,2604633,True
skater_B/cam_3/Salchow_6.mp4,B,3,Salchow,6,B_Salchow_6,False,True,train,2663867,True
skater_B/cam_3/Salchow_7.mp4,B,3,Salchow,7,B_Salchow_7,False,True,train,2801225,True
skater_B/cam_3/Salchow_8.mp4,B,3,Salchow,8,B_Salchow_8,False,True,train,2618064,True
skater_B/cam_3/Salchow_9.mp4,B,3,Salchow,9,B_Salchow_9,False,True,val,2889865,True
skater_B/cam_3/Toeloop_1.mp4,B,3,Toeloop,1,B_Toeloop_1,False,True,train,3072081,True
skater_B/cam_3/Toeloop_10.mp4,B,3,Toeloop,10,B_Toeloop_10,False,True,train,2773237,True
skater_B/cam_3/Toeloop_2.mp4,B,3,Toeloop,2,B_Toeloop_2,False,True,test,2835813,True
skater_B/cam_3/Toeloop_3.mp4,B,3,Toeloop,3,B_Toeloop_3,False,True,val,2817568,True
skater_B/cam_3/Toeloop_4.mp4,B,3,Toeloop,4,B_Toeloop_4,False,True,val,2505774,True
skater_B/cam_3/Toeloop_5.mp4,B,3,Toeloop,5,B_Toeloop_5,False,True,train,2570494,True
skater_B/cam_3/Toeloop_6.mp4,B,3,Toeloop,6,B_Toeloop_6,False,True,train,2496998,True
skater_B/cam_3/Toeloop_7.mp4,B,3,Toeloop,7,B_Toeloop_7,False,True,train,2676732,True
skater_B/cam_3/Toeloop_8.mp4,B,3,Toeloop,8,B_Toeloop_8,False,True,train,2754833,True
skater_B/cam_3/Toeloop_9.mp4,B,3,Toeloop,9,B_Toeloop_9,False,True,train,2796021,True
skater_B/cam_4/Axel_1.mp4,B,4,Axel,1,B_Axel_1,False,True,test,2308830,True
skater_B/cam_4/Axel_10.mp4,B,4,Axel,10,B_Axel_10,False,True,test,2306241,True
skater_B/cam_4/Axel_2.mp4,B,4,Axel,2,B_Axel_2,False,True,train,2437975,True
skater_B/cam_4/Axel_3.mp4,B,4,Axel,3,B_Axel_3,False,True,val,2147938,True
skater_B/cam_4/Axel_4.mp4,B,4,Axel,4,B_Axel_4,False,True,train,2476472,True
skater_B/cam_4/Axel_5.mp4,B,4,Axel,5,B_Axel_5,False,True,train,2994849,True
skater_B/cam_4/Axel_6.mp4,B,4,Axel,6,B_Axel_6,False,True,train,2654668,True
skater_B/cam_4/Axel_7.mp4,B,4,Axel,7,B_Axel_7,False,True,train,2827310,True
skater_B/cam_4/Axel_8.mp4,B,4,Axel,8,B_Axel_8,False,True,train,2864443,True
skater_B/cam_4/Axel_9.mp4,B,4,Axel,9,B_Axel_9,False,True,train,2307414,True
skater_B/cam_4/Flip_1.mp4,B,4,Flip,1,B_Flip_1,False,True,train,2794272,True
skater_B/cam_4/Flip_10.mp4,B,4,Flip,10,B_Flip_10,False,True,train,2937321,True
skater_B/cam_4/Flip_2.mp4,B,4,Flip,2,B_Flip_2,False,True,train,2569069,True
skater_B/cam_4/Flip_3.mp4,B,4,Flip,3,B_Flip_3,False,True,train,2562171,True
skater_B/cam_4/Flip_4.mp4,B,4,Flip,4,B_Flip_4,False,True,test,2987505,True
skater_B/cam_4/Flip_5.mp4,B,4,Flip,5,B_Flip_5,False,True,val,3049124,True
skater_B/cam_4/Flip_6.mp4,B,4,Flip,6,B_Flip_6,False,True,train,2623229,True
skater_B/cam_4/Flip_7.mp4,B,4,Flip,7,B_Flip_7,False,True,val,2731038,True
skater_B/cam_4/Flip_8.mp4,B,4,Flip,8,B_Flip_8,False,True,train,2943784,True
skater_B/cam_4/Flip_9.mp4,B,4,Flip,9,B_Flip_9,False,True,train,2900883,True
skater_B/cam_4/Loop_1.mp4,B,4,Loop,1,B_Loop_1,False,True,train,2756953,True
skater_B/cam_4/Loop_10.mp4,B,4,Loop,10,B_Loop_10,False,True,test,2972417,True
skater_B/cam_4/Loop_2.mp4,B,4,Loop,2,B_Loop_2,False,True,test,2995591,True
skater_B/cam_4/Loop_3.mp4,B,4,Loop,3,B_Loop_3,False,True,val,2859830,True
skater_B/cam_4/Loop_4.mp4,B,4,Loop,4,B_Loop_4,False,True,train,2895465,True
skater_B/cam_4/Loop_5.mp4,B,4,Loop,5,B_Loop_5,False,True,train,2624333,True
skater_B/cam_4/Loop_6.mp4,B,4,Loop,6,B_Loop_6,False,True,train,2350229,True
skater_B/cam_4/Loop_7.mp4,B,4,Loop,7,B_Loop_7,False,True,train,2381076,True
skater_B/cam_4/Loop_8.mp4,B,4,Loop,8,B_Loop_8,False,True,train,2370186,True
skater_B/cam_4/Loop_9.mp4,B,4,Loop,9,B_Loop_9,False,True,train,2797438,True
skater_B/cam_4/Lutz_1.mp4,B,4,Lutz,1,B_Lutz_1,False,True,val,2994298,True
skater_B/cam_4/Lutz_10.mp4,B,4,Lutz,10,B_Lutz_10,False,True,train,2792976,True
skater_B/cam_4/Lutz_2.mp4,B,4,Lutz,2,B_Lutz_2,False,True,train,2206171,True
skater_B/cam_4/Lutz_3.mp4,B,4,Lutz,3,B_Lutz_3,False,True,val,3193474,True
skater_B/cam_4/Lutz_4.mp4,B,4,Lutz,4,B_Lutz_4,False,True,train,2396925,True
skater_B/cam_4/Lutz_5.mp4,B,4,Lutz,5,B_Lutz_5,False,True,test,2598566,True
skater_B/cam_4/Lutz_6.mp4,B,4,Lutz,6,B_Lutz_6,False,True,train,2991823,True
skater_B/cam_4/Lutz_7.mp4,B,4,Lutz,7,B_Lutz_7,False,True,train,2574289,True
skater_B/cam_4/Lutz_8.mp4,B,4,Lutz,8,B_Lutz_8,False,True,train,2787863,True
skater_B/cam_4/Lutz_9.mp4,B,4,Lutz,9,B_Lutz_9,False,True,train,2837442,True
skater_B/cam_4/Salchow_1.mp4,B,4,Salchow,1,B_Salchow_1,False,True,train,2272256,True
skater_B/cam_4/Salchow_10.mp4,B,4,Salchow,10,B_Salchow_10,False,True,train,2523654,True
skater_B/cam_4/Salchow_2.mp4,B,4,Salchow,2,B_Salchow_2,False,True,train,2388478,True
skater_B/cam_4/Salchow_3.mp4,B,4,Salchow,3,B_Salchow_3,False,True,test,2758848,True
skater_B/cam_4/Salchow_4.mp4,B,4,Salchow,4,B_Salchow_4,False,True,train,2675007,True
skater_B/cam_4/Salchow_5.mp4,B,4,Salchow,5,B_Salchow_5,False,True,test,2624392,True
skater_B/cam_4/Salchow_6.mp4,B,4,Salchow,6,B_Salchow_6,False,True,train,2413837,True
skater_B/cam_4/Salchow_7.mp4,B,4,Salchow,7,B_Salchow_7,False,True,train,2846368,True
skater_B/cam_4/Salchow_8.mp4,B,4,Salchow,8,B_Salchow_8,False,True,train,2586500,True
skater_B/cam_4/Salchow_9.mp4,B,4,Salchow,9,B_Salchow_9,False,True,val,2992309,True
skater_B/cam_4/Toeloop_1.mp4,B,4,Toeloop,1,B_Toeloop_1,False,True,train,2843957,True
skater_B/cam_4/Toeloop_10.mp4,B,4,Toeloop,10,B_Toeloop_10,False,True,train,2731473,True
skater_B/cam_4/Toeloop_2.mp4,B,4,Toeloop,2,B_Toeloop_2,False,True,test,2720024,True
skater_B/cam_4/Toeloop_3.mp4,B,4,Toeloop,3,B_Toeloop_3,False,True,val,2868151,True
skater_B/cam_4/Toeloop_4.mp4,B,4,Toeloop,4,B_Toeloop_4,False,True,val,2286338,True
skater_B/cam_4/Toeloop_5.mp4,B,4,Toeloop,5,B_Toeloop_5,False,True,train,2476877,True
skater_B/cam_4/Toeloop_6.mp4,B,4,Toeloop,6,B_Toeloop_6,False,True,train,2513977,True
skater_B/cam_4/Toeloop_7.mp4,B,4,Toeloop,7,B_Toeloop_7,False,True,train,2566273,True
skater_B/cam_4/Toeloop_8.mp4,B,4,Toeloop,8,B_Toeloop_8,False,True,train,2622493,True
skater_B/cam_4/Toeloop_9.mp4,B,4,Toeloop,9,B_Toeloop_9,False,True,train,2717412,True
skater_B/cam_5/Axel_1.mp4,B,5,Axel,1,B_Axel_1,False,True,test,2242673,True
skater_B/cam_5/Axel_10.mp4,B,5,Axel,10,B_Axel_10,False,True,test,2235980,True
skater_B/cam_5/Axel_2.mp4,B,5,Axel,2,B_Axel_2,False,True,train,2447772,True
skater_B/cam_5/Axel_3.mp4,B,5,Axel,3,B_Axel_3,False,True,val,2221793,True
skater_B/cam_5/Axel_4.mp4,B,5,Axel,4,B_Axel_4,False,True,train,2402839,True
skater_B/cam_5/Axel_5.mp4,B,5,Axel,5,B_Axel_5,False,True,train,2802120,True
skater_B/cam_5/Axel_6.mp4,B,5,Axel,6,B_Axel_6,False,True,train,2622508,True
skater_B/cam_5/Axel_7.mp4,B,5,Axel,7,B_Axel_7,False,True,train,3095121,True
skater_B/cam_5/Axel_8.mp4,B,5,Axel,8,B_Axel_8,False,True,train,2749051,True
skater_B/cam_5/Axel_9.mp4,B,5,Axel,9,B_Axel_9,False,True,train,2280795,True
skater_B/cam_5/Flip_1.mp4,B,5,Flip,1,B_Flip_1,False,True,train,2758813,True
skater_B/cam_5/Flip_10.mp4,B,5,Flip,10,B_Flip_10,False,True,train,2815279,True
skater_B/cam_5/Flip_2.mp4,B,5,Flip,2,B_Flip_2,False,True,train,2539180,True
skater_B/cam_5/Flip_3.mp4,B,5,Flip,3,B_Flip_3,False,True,train,2527443,True
skater_B/cam_5/Flip_4.mp4,B,5,Flip,4,B_Flip_4,False,True,test,2839963,True
skater_B/cam_5/Flip_5.mp4,B,5,Flip,5,B_Flip_5,False,True,val,2869925,True
skater_B/cam_5/Flip_6.mp4,B,5,Flip,6,B_Flip_6,False,True,train,2612027,True
skater_B/cam_5/Flip_7.mp4,B,5,Flip,7,B_Flip_7,False,True,val,2655337,True
skater_B/cam_5/Flip_8.mp4,B,5,Flip,8,B_Flip_8,False,True,train,2888325,True
skater_B/cam_5/Flip_9.mp4,B,5,Flip,9,B_Flip_9,False,True,train,2774862,True
skater_B/cam_5/Loop_1.mp4,B,5,Loop,1,B_Loop_1,False,True,train,2652125,True
skater_B/cam_5/Loop_10.mp4,B,5,Loop,10,B_Loop_10,False,True,test,2942856,True
skater_B/cam_5/Loop_2.mp4,B,5,Loop,2,B_Loop_2,False,True,test,2781464,True
skater_B/cam_5/Loop_3.mp4,B,5,Loop,3,B_Loop_3,False,True,val,2836751,True
skater_B/cam_5/Loop_4.mp4,B,5,Loop,4,B_Loop_4,False,True,train,2766106,True
skater_B/cam_5/Loop_5.mp4,B,5,Loop,5,B_Loop_5,False,True,train,2540902,True
skater_B/cam_5/Loop_6.mp4,B,5,Loop,6,B_Loop_6,False,True,train,2338670,True
skater_B/cam_5/Loop_7.mp4,B,5,Loop,7,B_Loop_7,False,True,train,2247413,True
skater_B/cam_5/Loop_8.mp4,B,5,Loop,8,B_Loop_8,False,True,train,2330608,True
skater_B/cam_5/Loop_9.mp4,B,5,Loop,9,B_Loop_9,False,True,train,2656216,True
skater_B/cam_5/Lutz_1.mp4,B,5,Lutz,1,B_Lutz_1,False,True,val,2879514,True
skater_B/cam_5/Lutz_10.mp4,B,5,Lutz,10,B_Lutz_10,False,True,train,2727213,True
skater_B/cam_5/Lutz_2.mp4,B,5,Lutz,2,B_Lutz_2,False,True,train,2225678,True
skater_B/cam_5/Lutz_3.mp4,B,5,Lutz,3,B_Lutz_3,False,True,val,2985827,True
skater_B/cam_5/Lutz_4.mp4,B,5,Lutz,4,B_Lutz_4,False,True,train,2357596,True
skater_B/cam_5/Lutz_5.mp4,B,5,Lutz,5,B_Lutz_5,False,True,test,2521895,True
skater_B/cam_5/Lutz_6.mp4,B,5,Lutz,6,B_Lutz_6,False,True,train,2852068,True
skater_B/cam_5/Lutz_7.mp4,B,5,Lutz,7,B_Lutz_7,False,True,train,2561433,True
skater_B/cam_5/Lutz_8.mp4,B,5,Lutz,8,B_Lutz_8,False,True,train,2717038,True
skater_B/cam_5/Lutz_9.mp4,B,5,Lutz,9,B_Lutz_9,False,True,train,2737450,True
skater_B/cam_5/Salchow_1.mp4,B,5,Salchow,1,B_Salchow_1,False,True,train,2248362,True
skater_B/cam_5/Salchow_10.mp4,B,5,Salchow,10,B_Salchow_10,False,True,train,2526712,True
skater_B/cam_5/Salchow_2.mp4,B,5,Salchow,2,B_Salchow_2,False,True,train,2391137,True
skater_B/cam_5/Salchow_3.mp4,B,5,Salchow,3,B_Salchow_3,False,True,test,2685494,True
skater_B/cam_5/Salchow_4.mp4,B,5,Salchow,4,B_Salchow_4,False,True,train,2592757,True
skater_B/cam_5/Salchow_5.mp4,B,5,Salchow,5,B_Salchow_5,False,True,test,2602403,True
skater_B/cam_5/Salchow_6.mp4,B,5,Salchow,6,B_Salchow_6,False,True,train,2399393,True
skater_B/cam_5/Salchow_7.mp4,B,5,Salchow,7,B_Salchow_7,False,True,train,2713146,True
skater_B/cam_5/Salchow_8.mp4,B,5,Salchow,8,B_Salchow_8,False,True,train,2573601,True
skater_B/cam_5/Salchow_9.mp4,B,5,Salchow,9,B_Salchow_9,False,True,val,2884700,True
skater_B/cam_5/Toeloop_1.mp4,B,5,Toeloop,1,B_Toeloop_1,False,True,train,2757595,True
skater_B/cam_5/Toeloop_10.mp4,B,5,Toeloop,10,B_Toeloop_10,False,True,train,2826002,True
skater_B/cam_5/Toeloop_2.mp4,B,5,Toeloop,2,B_Toeloop_2,False,True,test,2696298,True
skater_B/cam_5/Toeloop_3.mp4,B,5,Toeloop,3,B_Toeloop_3,False,True,val,2817645,True
skater_B/cam_5/Toeloop_4.mp4,B,5,Toeloop,4,B_Toeloop_4,False,True,val,2280082,True
skater_B/cam_5/Toeloop_5.mp4,B,5,Toeloop,5,B_Toeloop_5,False,True,train,2462417,True
skater_B/cam_5/Toeloop_6.mp4,B,5,Toeloop,6,B_Toeloop_6,False,True,train,2465948,True
skater_B/cam_5/Toeloop_7.mp4,B,5,Toeloop,7,B_Toeloop_7,False,True,train,2506017,True
skater_B/cam_5/Toeloop_8.mp4,B,5,Toeloop,8,B_Toeloop_8,False,True,train,2668896,True
skater_B/cam_5/Toeloop_9.mp4,B,5,Toeloop,9,B_Toeloop_9,False,True,train,2630062,True
skater_B/cam_6/Axel_1.mp4,B,6,Axel,1,B_Axel_1,False,True,test,2608744,True
skater_B/cam_6/Axel_10.mp4,B,6,Axel,10,B_Axel_10,False,True,test,2507904,True
skater_B/cam_6/Axel_2.mp4,B,6,Axel,2,B_Axel_2,False,True,train,2751529,True
skater_B/cam_6/Axel_3.mp4,B,6,Axel,3,B_Axel_3,False,True,val,2480554,True
skater_B/cam_6/Axel_4.mp4,B,6,Axel,4,B_Axel_4,False,True,train,2731485,True
skater_B/cam_6/Axel_5.mp4,B,6,Axel,5,B_Axel_5,False,True,train,3039206,True
skater_B/cam_6/Axel_6.mp4,B,6,Axel,6,B_Axel_6,False,True,train,2887058,True
skater_B/cam_6/Axel_7.mp4,B,6,Axel,7,B_Axel_7,False,True,train,3306340,True
skater_B/cam_6/Axel_8.mp4,B,6,Axel,8,B_Axel_8,False,True,train,2993260,True
skater_B/cam_6/Axel_9.mp4,B,6,Axel,9,B_Axel_9,False,True,train,2637731,True
skater_B/cam_6/Flip_1.mp4,B,6,Flip,1,B_Flip_1,False,True,train,3023920,True
skater_B/cam_6/Flip_10.mp4,B,6,Flip,10,B_Flip_10,False,True,train,3125477,True
skater_B/cam_6/Flip_2.mp4,B,6,Flip,2,B_Flip_2,False,True,train,2939703,True
skater_B/cam_6/Flip_3.mp4,B,6,Flip,3,B_Flip_3,False,True,train,2844267,True
skater_B/cam_6/Flip_4.mp4,B,6,Flip,4,B_Flip_4,False,True,test,3191313,True
skater_B/cam_6/Flip_5.mp4,B,6,Flip,5,B_Flip_5,False,True,val,3149886,True
skater_B/cam_6/Flip_6.mp4,B,6,Flip,6,B_Flip_6,False,True,train,2934528,True
skater_B/cam_6/Flip_7.mp4,B,6,Flip,7,B_Flip_7,False,True,val,2914050,True
skater_B/cam_6/Flip_8.mp4,B,6,Flip,8,B_Flip_8,False,True,train,3117320,True
skater_B/cam_6/Flip_9.mp4,B,6,Flip,9,B_Flip_9,False,True,train,3051374,True
skater_B/cam_6/Loop_1.mp4,B,6,Loop,1,B_Loop_1,False,True,train,2929745,True
skater_B/cam_6/Loop_10.mp4,B,6,Loop,10,B_Loop_10,False,True,test,2986572,True
skater_B/cam_6/Loop_2.mp4,B,6,Loop,2,B_Loop_2,False,True,test,3019018,True
skater_B/cam_6/Loop_3.mp4,B,6,Loop,3,B_Loop_3,False,True,val,3024331,True
skater_B/cam_6/Loop_4.mp4,B,6,Loop,4,B_Loop_4,False,True,train,3077880,True
skater_B/cam_6/Loop_5.mp4,B,6,Loop,5,B_Loop_5,False,True,train,2816325,True
skater_B/cam_6/Loop_6.mp4,B,6,Loop,6,B_Loop_6,False,True,train,2630870,True
skater_B/cam_6/Loop_7.mp4,B,6,Loop,7,B_Loop_7,False,True,train,2502181,True
skater_B/cam_6/Loop_8.mp4,B,6,Loop,8,B_Loop_8,False,True,train,2567405,True
skater_B/cam_6/Loop_9.mp4,B,6,Loop,9,B_Loop_9,False,True,train,2945242,True
skater_B/cam_6/Lutz_1.mp4,B,6,Lutz,1,B_Lutz_1,False,True,val,3169516,True
skater_B/cam_6/Lutz_10.mp4,B,6,Lutz,10,B_Lutz_10,False,True,train,2928280,True
skater_B/cam_6/Lutz_2.mp4,B,6,Lutz,2,B_Lutz_2,False,True,train,2474255,True
skater_B/cam_6/Lutz_3.mp4,B,6,Lutz,3,B_Lutz_3,False,True,val,3130355,True
skater_B/cam_6/Lutz_4.mp4,B,6,Lutz,4,B_Lutz_4,False,True,train,2659820,True
skater_B/cam_6/Lutz_5.mp4,B,6,Lutz,5,B_Lutz_5,False,True,test,2845789,True
skater_B/cam_6/Lutz_6.mp4,B,6,Lutz,6,B_Lutz_6,False,True,train,3559103,True
skater_B/cam_6/Lutz_7.mp4,B,6,Lutz,7,B_Lutz_7,False,True,train,2800604,True
skater_B/cam_6/Lutz_8.mp4,B,6,Lutz,8,B_Lutz_8,False,True,train,2912324,True
skater_B/cam_6/Lutz_9.mp4,B,6,Lutz,9,B_Lutz_9,False,True,train,2969688,True
skater_B/cam_6/Salchow_1.mp4,B,6,Salchow,1,B_Salchow_1,False,True,train,2491733,True
skater_B/cam_6/Salchow_10.mp4,B,6,Salchow,10,B_Salchow_10,False,True,train,2803040,True
skater_B/cam_6/Salchow_2.mp4,B,6,Salchow,2,B_Salchow_2,False,True,train,2749356,True
skater_B/cam_6/Salchow_3.mp4,B,6,Salchow,3,B_Salchow_3,False,True,test,2960673,True
skater_B/cam_6/Salchow_4.mp4,B,6,Salchow,4,B_Salchow_4,False,True,train,2914105,True
skater_B/cam_6/Salchow_5.mp4,B,6,Salchow,5,B_Salchow_5,False,True,test,2866063,True
skater_B/cam_6/Salchow_6.mp4,B,6,Salchow,6,B_Salchow_6,False,True,train,2720517,True
skater_B/cam_6/Salchow_7.mp4,B,6,Salchow,7,B_Salchow_7,False,True,train,2971463,True
skater_B/cam_6/Salchow_8.mp4,B,6,Salchow,8,B_Salchow_8,False,True,train,2828672,True
skater_B/cam_6/Salchow_9.mp4,B,6,Salchow,9,B_Salchow_9,False,True,val,3086657,True
skater_B/cam_6/Toeloop_1.mp4,B,6,Toeloop,1,B_Toeloop_1,False,True,train,3018954,True
skater_B/cam_6/Toeloop_10.mp4,B,6,Toeloop,10,B_Toeloop_10,False,True,train,3159890,True
skater_B/cam_6/Toeloop_2.mp4,B,6,Toeloop,2,B_Toeloop_2,False,True,test,2932122,True
skater_B/cam_6/Toeloop_3.mp4,B,6,Toeloop,3,B_Toeloop_3,False,True,val,3064086,True
skater_B/cam_6/Toeloop_4.mp4,B,6,Toeloop,4,B_Toeloop_4,False,True,val,2539799,True
skater_B/cam_6/Toeloop_5.mp4,B,6,Toeloop,5,B_Toeloop_5,False,True,train,2752946,True
skater_B/cam_6/Toeloop_6.mp4,B,6,Toeloop,6,B_Toeloop_6,False,True,train,2693240,True
skater_B/cam_6/Toeloop_7.mp4,B,6,Toeloop,7,B_Toeloop_7,False,True,train,2850246,True
skater_B/cam_6/Toeloop_8.mp4,B,6,Toeloop,8,B_Toeloop_8,False,True,train,3071954,True
skater_B/cam_6/Toeloop_9.mp4,B,6,Toeloop,9,B_Toeloop_9,False,True,train,2933659,True
skater_B/cam_7/Axel_1.mp4,B,7,Axel,1,B_Axel_1,False,True,test,2255011,True
skater_B/cam_7/Axel_10.mp4,B,7,Axel,10,B_Axel_10,False,True,test,2202269,True
skater_B/cam_7/Axel_2.mp4,B,7,Axel,2,B_Axel_2,False,True,train,2522633,True
skater_B/cam_7/Axel_3.mp4,B,7,Axel,3,B_Axel_3,False,True,val,2328946,True
skater_B/cam_7/Axel_4.mp4,B,7,Axel,4,B_Axel_4,False,True,train,2373593,True
skater_B/cam_7/Axel_5.mp4,B,7,Axel,5,B_Axel_5,False,True,train,2841217,True
skater_B/cam_7/Axel_6.mp4,B,7,Axel,6,B_Axel_6,False,True,train,2632406,True
skater_B/cam_7/Axel_7.mp4,B,7,Axel,7,B_Axel_7,False,True,train,2777043,True
skater_B/cam_7/Axel_8.mp4,B,7,Axel,8,B_Axel_8,False,True,train,2767365,True
skater_B/cam_7/Axel_9.mp4,B,7,Axel,9,B_Axel_9,False,True,train,2314217,True
skater_B/cam_7/Flip_1.mp4,B,7,Flip,1,B_Flip_1,False,True,train,2790047,True
skater_B/cam_7/Flip_10.mp4,B,7,Flip,10,B_Flip_10,False,True,train,3015081,True
skater_B/cam_7/Flip_2.mp4,B,7,Flip,2,B_Flip_2,False,True,train,2598917,True
skater_B/cam_7/Flip_3.mp4,B,7,Flip,3,B_Flip_3,False,True,train,2538039,True
skater_B/cam_7/Flip_4.mp4,B,7,Flip,4,B_Flip_4,False,True,test,2951782,True
skater_B/cam_7/Flip_5.mp4,B,7,Flip,5,B_Flip_5,False,True,val,3004361,True
skater_B/cam_7/Flip_6.mp4,B,7,Flip,6,B_Flip_6,False,True,train,2791266,True
skater_B/cam_7/Flip_7.mp4,B,7,Flip,7,B_Flip_7,False,True,val,2762955,True
skater_B/cam_7/Flip_8.mp4,B,7,Flip,8,B_Flip_8,False,True,train,2969979,True
skater_B/cam_7/Flip_9.mp4,B,7,Flip,9,B_Flip_9,False,True,train,2995225,True
skater_B/cam_7/Loop_1.mp4,B,7,Loop,1,B_Loop_1,False,True,train,2824224,True
skater_B/cam_7/Loop_10.mp4,B,7,Loop,10,B_Loop_10,False,True,test,2813413,True
skater_B/cam_7/Loop_2.mp4,B,7,Loop,2,B_Loop_2,False,True,test,2785755,True
skater_B/cam_7/Loop_3.mp4,B,7,Loop,3,B_Loop_3,False,True,val,2826041,True
skater_B/cam_7/Loop_4.mp4,B,7,Loop,4,B_Loop_4,False,True,train,2922016,True
skater_B/cam_7/Loop_5.mp4,B,7,Loop,5,B_Loop_5,False,True,train,2743499,True
skater_B/cam_7/Loop_6.mp4,B,7,Loop,6,B_Loop_6,False,True,train,2504902,True
skater_B/cam_7/Loop_7.mp4,B,7,Loop,7,B_Loop_7,False,True,train,2317202,True
skater_B/cam_7/Loop_8.mp4,B,7,Loop,8,B_Loop_8,False,True,train,2361426,True
skater_B/cam_7/Loop_9.mp4,B,7,Loop,9,B_Loop_9,False,True,train,2693696,True
skater_B/cam_7/Lutz_1.mp4,B,7,Lutz,1,B_Lutz_1,False,True,val,2957638,True
skater_B/cam_7/Lutz_10.mp4,B,7,Lutz,10,B_Lutz_10,False,True,train,2685782,True
skater_B/cam_7/Lutz_2.mp4,B,7,Lutz,2,B_Lutz_2,False,True,train,2220237,True
skater_B/cam_7/Lutz_3.mp4,B,7,Lutz,3,B_Lutz_3,False,True,val,2822497,True
skater_B/cam_7/Lutz_4.mp4,B,7,Lutz,4,B_Lutz_4,False,True,train,2348285,True
skater_B/cam_7/Lutz_5.mp4,B,7,Lutz,5,B_Lutz_5,False,True,test,2610243,True
skater_B/cam_7/Lutz_6.mp4,B,7,Lutz,6,B_Lutz_6,False,True,train,2974235,True
skater_B/cam_7/Lutz_7.mp4,B,7,Lutz,7,B_Lutz_7,False,True,train,2575552,True
skater_B/cam_7/Lutz_8.mp4,B,7,Lutz,8,B_Lutz_8,False,True,train,2824504,True
skater_B/cam_7/Lutz_9.mp4,B,7,Lutz,9,B_Lutz_9,False,True,train,2783769,True
skater_B/cam_7/Salchow_1.mp4,B,7,Salchow,1,B_Salchow_1,False,True,train,2452174,True
skater_B/cam_7/Salchow_10.mp4,B,7,Salchow,10,B_Salchow_10,False,True,train,2737269,True
skater_B/cam_7/Salchow_2.mp4,B,7,Salchow,2,B_Salchow_2,False,True,train,2423555,True
skater_B/cam_7/Salchow_3.mp4,B,7,Salchow,3,B_Salchow_3,False,True,test,2800650,True
skater_B/cam_7/Salchow_4.mp4,B,7,Salchow,4,B_Salchow_4,False,True,train,2650190,True
skater_B/cam_7/Salchow_5.mp4,B,7,Salchow,5,B_Salchow_5,False,True,test,2786893,True
skater_B/cam_7/Salchow_6.mp4,B,7,Salchow,6,B_Salchow_6,False,True,train,2427906,True
skater_B/cam_7/Salchow_7.mp4,B,7,Salchow,7,B_Salchow_7,False,True,train,2885304,True
skater_B/cam_7/Salchow_8.mp4,B,7,Salchow,8,B_Salchow_8,False,True,train,2657032,True
skater_B/cam_7/Salchow_9.mp4,B,7,Salchow,9,B_Salchow_9,False,True,val,2943715,True
skater_B/cam_7/Toeloop_1.mp4,B,7,Toeloop,1,B_Toeloop_1,False,True,train,2890329,True
skater_B/cam_7/Toeloop_10.mp4,B,7,Toeloop,10,B_Toeloop_10,False,True,train,2766503,True
skater_B/cam_7/Toeloop_2.mp4,B,7,Toeloop,2,B_Toeloop_2,False,True,test,2761122,True
skater_B/cam_7/Toeloop_3.mp4,B,7,Toeloop,3,B_Toeloop_3,False,True,val,2962440,True
skater_B/cam_7/Toeloop_4.mp4,B,7,Toeloop,4,B_Toeloop_4,False,True,val,2373100,True
skater_B/cam_7/Toeloop_5.mp4,B,7,Toeloop,5,B_Toeloop_5,False,True,train,2645876,True
skater_B/cam_7/Toeloop_6.mp4,B,7,Toeloop,6,B_Toeloop_6,False,True,train,2602651,True
skater_B/cam_7/Toeloop_7.mp4,B,7,Toeloop,7,B_Toeloop_7,False,True,train,2472919,True
skater_B/cam_7/Toeloop_8.mp4,B,7,Toeloop,8,B_Toeloop_8,False,True,train,2569736,True
skater_B/cam_7/Toeloop_9.mp4,B,7,Toeloop,9,B_Toeloop_9,False,True,train,2697619,True
skater_B/cam_8/Axel_1.mp4,B,8,Axel,1,B_Axel_1,False,True,test,1859434,True
skater_B/cam_8/Axel_10.mp4,B,8,Axel,10,B_Axel_10,False,True,test,1663881,True
skater_B/cam_8/Axel_2.mp4,B,8,Axel,2,B_Axel_2,False,True,train,2178566,True
skater_B/cam_8/Axel_3.mp4,B,8,Axel,3,B_Axel_3,False,True,val,1853402,True
skater_B/cam_8/Axel_4.mp4,B,8,Axel,4,B_Axel_4,False,True,train,1930485,True
skater_B/cam_8/Axel_5.mp4,B,8,Axel,5,B_Axel_5,False,True,train,2536790,True
skater_B/cam_8/Axel_6.mp4,B,8,Axel,6,B_Axel_6,False,True,train,2171903,True
skater_B/cam_8/Axel_7.mp4,B,8,Axel,7,B_Axel_7,False,True,train,2492391,True
skater_B/cam_8/Axel_8.mp4,B,8,Axel,8,B_Axel_8,False,True,train,2404629,True
skater_B/cam_8/Axel_9.mp4,B,8,Axel,9,B_Axel_9,False,True,train,1750583,True
skater_B/cam_8/Flip_1.mp4,B,8,Flip,1,B_Flip_1,False,True,train,2396769,True
skater_B/cam_8/Flip_10.mp4,B,8,Flip,10,B_Flip_10,False,True,train,2736503,True
skater_B/cam_8/Flip_2.mp4,B,8,Flip,2,B_Flip_2,False,True,train,2197779,True
skater_B/cam_8/Flip_3.mp4,B,8,Flip,3,B_Flip_3,False,True,train,2142658,True
skater_B/cam_8/Flip_4.mp4,B,8,Flip,4,B_Flip_4,False,True,test,2605105,True
skater_B/cam_8/Flip_5.mp4,B,8,Flip,5,B_Flip_5,False,True,val,2737059,True
skater_B/cam_8/Flip_6.mp4,B,8,Flip,6,B_Flip_6,False,True,train,2440318,True
skater_B/cam_8/Flip_7.mp4,B,8,Flip,7,B_Flip_7,False,True,val,2376573,True
skater_B/cam_8/Flip_8.mp4,B,8,Flip,8,B_Flip_8,False,True,train,2718231,True
skater_B/cam_8/Flip_9.mp4,B,8,Flip,9,B_Flip_9,False,True,train,2641723,True
skater_B/cam_8/Loop_1.mp4,B,8,Loop,1,B_Loop_1,False,True,train,2489320,True
skater_B/cam_8/Loop_10.mp4,B,8,Loop,10,B_Loop_10,False,True,test,2705863,True
skater_B/cam_8/Loop_2.mp4,B,8,Loop,2,B_Loop_2,False,True,test,2648995,True
skater_B/cam_8/Loop_3.mp4,B,8,Loop,3,B_Loop_3,False,True,val,2512447,True
skater_B/cam_8/Loop_4.mp4,B,8,Loop,4,B_Loop_4,False,True,train,2575933,True
skater_B/cam_8/Loop_5.mp4,B,8,Loop,5,B_Loop_5,False,True,train,2364639,True
skater_B/cam_8/Loop_6.mp4,B,8,Loop,6,B_Loop_6,False,True,train,2117404,True
skater_B/cam_8/Loop_7.mp4,B,8,Loop,7,B_Loop_7,False,True,train,1847674,True
skater_B/cam_8/Loop_8.mp4,B,8,Loop,8,B_Loop_8,False,True,train,1884001,True
skater_B/cam_8/Loop_9.mp4,B,8,Loop,9,B_Loop_9,False,True,train,2301047,True
skater_B/cam_8/Lutz_1.mp4,B,8,Lutz,1,B_Lutz_1,False,True,val,2699995,True
skater_B/cam_8/Lutz_10.mp4,B,8,Lutz,10,B_Lutz_10,False,True,train,2340818,True
skater_B/cam_8/Lutz_2.mp4,B,8,Lutz,2,B_Lutz_2,False,True,train,1740606,True
skater_B/cam_8/Lutz_3.mp4,B,8,Lutz,3,B_Lutz_3,False,True,val,2577757,True
skater_B/cam_8/Lutz_4.mp4,B,8,Lutz,4,B_Lutz_4,False,True,train,1912908,True
skater_B/cam_8/Lutz_5.mp4,B,8,Lutz,5,B_Lutz_5,False,True,test,2270011,True
skater_B/cam_8/Lutz_6.mp4,B,8,Lutz,6,B_Lutz_6,False,True,train,2807813,True
skater_B/cam_8/Lutz_7.mp4,B,8,Lutz,7,B_Lutz_7,False,True,train,2267542,True
skater_B/cam_8/Lutz_8.mp4,B,8,Lutz,8,B_Lutz_8,False,True,train,2457040,True
skater_B/cam_8/Lutz_9.mp4,B,8,Lutz,9,B_Lutz_9,False,True,train,2419257,True
skater_B/cam_8/Salchow_1.mp4,B,8,Salchow,1,B_Salchow_1,False,True,train,1983728,True
skater_B/cam_8/Salchow_10.mp4,B,8,Salchow,10,B_Salchow_10,False,True,train,2341366,True
skater_B/cam_8/Salchow_2.mp4,B,8,Salchow,2,B_Salchow_2,False,True,train,2068905,True
skater_B/cam_8/Salchow_3.mp4,B,8,Salchow,3,B_Salchow_3,False,True,test,2498359,True
skater_B/cam_8/Salchow_4.mp4,B,8,Salchow,4,B_Salchow_4,False,True,train,2279125,True
skater_B/cam_8/Salchow_5.mp4,B,8,Salchow,5,B_Salchow_5,False,True,test,2446626,True
skater_B/cam_8/Salchow_6.mp4,B,8,Salchow,6,B_Salchow_6,False,True,train,2035414,True
skater_B/cam_8/Salchow_7.mp4,B,8,Salchow,7,B_Salchow_7,False,True,train,2630672,True
skater_B/cam_8/Salchow_8.mp4,B,8,Salchow,8,B_Salchow_8,False,True,train,2272842,True
skater_B/cam_8/Salchow_9.mp4,B,8,Salchow,9,B_Salchow_9,False,True,val,2564783,True
skater_B/cam_8/Toeloop_1.mp4,B,8,Toeloop,1,B_Toeloop_1,False,True,train,2650346,True
skater_B/cam_8/Toeloop_10.mp4,B,8,Toeloop,10,B_Toeloop_10,False,True,train,2391840,True
skater_B/cam_8/Toeloop_2.mp4,B,8,Toeloop,2,B_Toeloop_2,False,True,test,2436339,True
skater_B/cam_8/Toeloop_3.mp4,B,8,Toeloop,3,B_Toeloop_3,False,True,val,2647602,True
skater_B/cam_8/Toeloop_4.mp4,B,8,Toeloop,4,B_Toeloop_4,False,True,val,1867527,True
skater_B/cam_8/Toeloop_5.mp4,B,8,Toeloop,5,B_Toeloop_5,False,True,train,2386874,True
skater_B/cam_8/Toeloop_6.mp4,B,8,Toeloop,6,B_Toeloop_6,False,True,train,2320083,True
skater_B/cam_8/Toeloop_7.mp4,B,8,Toeloop,7,B_Toeloop_7,False,True,train,2176128,True
skater_B/cam_8/Toeloop_8.mp4,B,8,Toeloop,8,B_Toeloop_8,False,True,train,2250420,True
skater_B/cam_8/Toeloop_9.mp4,B,8,Toeloop,9,B_Toeloop_9,False,True,train,2354229,True
skater_B/cam_9/Axel_1.mp4,B,9,Axel,1,B_Axel_1,False,True,test,2130767,True
skater_B/cam_9/Axel_10.mp4,B,9,Axel,10,B_Axel_10,False,True,test,2160856,True
skater_B/cam_9/Axel_2.mp4,B,9,Axel,2,B_Axel_2,False,True,train,2411749,True
skater_B/cam_9/Axel_3.mp4,B,9,Axel,3,B_Axel_3,False,True,val,2212126,True
skater_B/cam_9/Axel_4.mp4,B,9,Axel,4,B_Axel_4,False,True,train,2312288,True
skater_B/cam_9/Axel_5.mp4,B,9,Axel,5,B_Axel_5,False,True,train,2763826,True
skater_B/cam_9/Axel_6.mp4,B,9,Axel,6,B_Axel_6,False,True,train,2520230,True
skater_B/cam_9/Axel_7.mp4,B,9,Axel,7,B_Axel_7,False,True,train,2686725,True
skater_B/cam_9/Axel_8.mp4,B,9,Axel,8,B_Axel_8,False,True,train,2668648,True
skater_B/cam_9/Axel_9.mp4,B,9,Axel,9,B_Axel_9,False,True,train,2207925,True
skater_B/cam_9/Flip_1.mp4,B,9,Flip,1,B_Flip_1,False,True,train,2712621,True
skater_B/cam_9/Flip_10.mp4,B,9,Flip,10,B_Flip_10,False,True,train,2921749,True
skater_B/cam_9/Flip_2.mp4,B,9,Flip,2,B_Flip_2,False,True,train,2471375,True
skater_B/cam_9/Flip_3.mp4,B,9,Flip,3,B_Flip_3,False,True,train,2471351,True
skater_B/cam_9/Flip_4.mp4,B,9,Flip,4,B_Flip_4,False,True,test,2867572,True
skater_B/cam_9/Flip_5.mp4,B,9,Flip,5,B_Flip_5,False,True,val,2913490,True
skater_B/cam_9/Flip_6.mp4,B,9,Flip,6,B_Flip_6,False,True,train,2694913,True
skater_B/cam_9/Flip_7.mp4,B,9,Flip,7,B_Flip_7,False,True,val,2769178,True
skater_B/cam_9/Flip_8.mp4,B,9,Flip,8,B_Flip_8,False,True,train,2926271,True
skater_B/cam_9/Flip_9.mp4,B,9,Flip,9,B_Flip_9,False,True,train,2923673,True
skater_B/cam_9/Loop_1.mp4,B,9,Loop,1,B_Loop_1,False,True,train,2699739,True
skater_B/cam_9/Loop_10.mp4,B,9,Loop,10,B_Loop_10,False,True,test,2829519,True
skater_B/cam_9/Loop_2.mp4,B,9,Loop,2,B_Loop_2,False,True,test,2860751,True
skater_B/cam_9/Loop_3.mp4,B,9,Loop,3,B_Loop_3,False,True,val,2745676,True
skater_B/cam_9/Loop_4.mp4,B,9,Loop,4,B_Loop_4,False,True,train,2792408,True
skater_B/cam_9/Loop_5.mp4,B,9,Loop,5,B_Loop_5,False,True,train,2644958,True
skater_B/cam_9/Loop_6.mp4,B,9,Loop,6,B_Loop_6,False,True,train,2378198,True
skater_B/cam_9/Loop_7.mp4,B,9,Loop,7,B_Loop_7,False,True,train,2225874,True
skater_B/cam_9/Loop_8.mp4,B,9,Loop,8,B_Loop_8,False,True,train,2276306,True
skater_B/cam_9/Loop_9.mp4,B,9,Loop,9,B_Loop_9,False,True,train,2569758,True
skater_B/cam_9/Lutz_1.mp4,B,9,Lutz,1,B_Lutz_1,False,True,val,2866880,True
skater_B/cam_9/Lutz_10.mp4,B,9,Lutz,10,B_Lutz_10,False,True,train,2601749,True
skater_B/cam_9/Lutz_2.mp4,B,9,Lutz,2,B_Lutz_2,False,True,train,2093465,True
skater_B/cam_9/Lutz_3.mp4,B,9,Lutz,3,B_Lutz_3,False,True,val,2810063,True
skater_B/cam_9/Lutz_4.mp4,B,9,Lutz,4,B_Lutz_4,False,True,train,2281885,True
skater_B/cam_9/Lutz_5.mp4,B,9,Lutz,5,B_Lutz_5,False,True,test,2574692,True
skater_B/cam_9/Lutz_6.mp4,B,9,Lutz,6,B_Lutz_6,False,True,train,3035678,True
skater_B/cam_9/Lutz_7.mp4,B,9,Lutz,7,B_Lutz_7,False,True,train,2502469,True
skater_B/cam_9/Lutz_8.mp4,B,9,Lutz,8,B_Lutz_8,False,True,train,2686750,True
skater_B/cam_9/Lutz_9.mp4,B,9,Lutz,9,B_Lutz_9,False,True,train,2707146,True
skater_B/cam_9/Salchow_1.mp4,B,9,Salchow,1,B_Salchow_1,False,True,train,2343292,True
skater_B/cam_9/Salchow_10.mp4,B,9,Salchow,10,B_Salchow_10,False,True,train,2624796,True
skater_B/cam_9/Salchow_2.mp4,B,9,Salchow,2,B_Salchow_2,False,True,train,2281022,True
skater_B/cam_9/Salchow_3.mp4,B,9,Salchow,3,B_Salchow_3,False,True,test,2772312,True
skater_B/cam_9/Salchow_4.mp4,B,9,Salchow,4,B_Salchow_4,False,True,train,2538548,True
skater_B/cam_9/Salchow_5.mp4,B,9,Salchow,5,B_Salchow_5,False,True,test,2768191,True
skater_B/cam_9/Salchow_6.mp4,B,9,Salchow,6,B_Salchow_6,False,True,train,2362382,True
skater_B/cam_9/Salchow_7.mp4,B,9,Salchow,7,B_Salchow_7,False,True,train,2839013,True
skater_B/cam_9/Salchow_8.mp4,B,9,Salchow,8,B_Salchow_8,False,True,train,2559488,True
skater_B/cam_9/Salchow_9.mp4,B,9,Salchow,9,B_Salchow_9,False,True,val,2873772,True
skater_B/cam_9/Toeloop_1.mp4,B,9,Toeloop,1,B_Toeloop_1,False,True,train,2892117,True
skater_B/cam_9/Toeloop_10.mp4,B,9,Toeloop,10,B_Toeloop_10,False,True,train,2674064,True
skater_B/cam_9/Toeloop_2.mp4,B,9,Toeloop,2,B_Toeloop_2,False,True,test,2729307,True
skater_B/cam_9/Toeloop_3.mp4,B,9,Toeloop,3,B_Toeloop_3,False,True,val,2840582,True
skater_B/cam_9/Toeloop_4.mp4,B,9,Toeloop,4,B_Toeloop_4,False,True,val,2182378,True
skater_B/cam_9/Toeloop_5.mp4,B,9,Toeloop,5,B_Toeloop_5,False,True,train,2536772,True
skater_B/cam_9/Toeloop_6.mp4,B,9,Toeloop,6,B_Toeloop_6,False,True,train,2572837,True
skater_B/cam_9/Toeloop_7.mp4,B,9,Toeloop,7,B_Toeloop_7,False,True,train,2429358,True
skater_B/cam_9/Toeloop_8.mp4,B,9,Toeloop,8,B_Toeloop_8,False,True,train,2470515,True
skater_B/cam_9/Toeloop_9.mp4,B,9,Toeloop,9,B_Toeloop_9,False,True,train,2653310,True
skater_C/cam_1/Axel_1.mp4,C,1,Axel,1,C_Axel_1,False,True,train,2581188,True
skater_C/cam_1/Axel_10.mp4,C,1,Axel,10,C_Axel_10,False,True,train,2546420,True
skater_C/cam_1/Axel_2.mp4,C,1,Axel,2,C_Axel_2,False,True,test,2736782,True
skater_C/cam_1/Axel_3.mp4,C,1,Axel,3,C_Axel_3,False,True,train,2803785,True
skater_C/cam_1/Axel_4.mp4,C,1,Axel,4,C_Axel_4,False,True,train,2991317,True
skater_C/cam_1/Axel_5.mp4,C,1,Axel,5,C_Axel_5,False,True,train,2984782,True
skater_C/cam_1/Axel_6.mp4,C,1,Axel,6,C_Axel_6,False,True,train,3091233,True
skater_C/cam_1/Axel_7.mp4,C,1,Axel,7,C_Axel_7,False,True,val,2754006,True
skater_C/cam_1/Axel_8.mp4,C,1,Axel,8,C_Axel_8,False,True,val,2730550,True
skater_C/cam_1/Axel_9.mp4,C,1,Axel,9,C_Axel_9,False,True,train,2695655,True
skater_C/cam_1/Flip_1.mp4,C,1,Flip,1,C_Flip_1,False,True,train,2719526,True
skater_C/cam_1/Flip_10.mp4,C,1,Flip,10,C_Flip_10,False,True,test,2662388,True
skater_C/cam_1/Flip_2.mp4,C,1,Flip,2,C_Flip_2,False,True,train,2848678,True
skater_C/cam_1/Flip_3.mp4,C,1,Flip,3,C_Flip_3,False,True,train,2564151,True
skater_C/cam_1/Flip_4.mp4,C,1,Flip,4,C_Flip_4,False,True,train,2578674,True
skater_C/cam_1/Flip_5.mp4,C,1,Flip,5,C_Flip_5,False,True,train,2787733,True
skater_C/cam_1/Flip_6.mp4,C,1,Flip,6,C_Flip_6,False,True,test,3006278,True
skater_C/cam_1/Flip_7.mp4,C,1,Flip,7,C_Flip_7,False,True,train,3102680,True
skater_C/cam_1/Flip_8.mp4,C,1,Flip,8,C_Flip_8,False,True,train,3018633,True
skater_C/cam_1/Flip_9.mp4,C,1,Flip,9,C_Flip_9,False,True,val,2704555,True
skater_C/cam_1/Loop_1.mp4,C,1,Loop,1,C_Loop_1,False,True,train,2955526,True
skater_C/cam_1/Loop_10.mp4,C,1,Loop,10,C_Loop_10,False,True,test,2502684,True
skater_C/cam_1/Loop_2.mp4,C,1,Loop,2,C_Loop_2,False,True,train,2833480,True
skater_C/cam_1/Loop_3.mp4,C,1,Loop,3,C_Loop_3,False,True,train,2735126,True
skater_C/cam_1/Loop_4.mp4,C,1,Loop,4,C_Loop_4,False,True,val,2770401,True
skater_C/cam_1/Loop_5.mp4,C,1,Loop,5,C_Loop_5,False,True,train,2486293,True
skater_C/cam_1/Loop_6.mp4,C,1,Loop,6,C_Loop_6,False,True,train,3024127,True
skater_C/cam_1/Loop_7.mp4,C,1,Loop,7,C_Loop_7,False,True,train,2681877,True
skater_C/cam_1/Loop_8.mp4,C,1,Loop,8,C_Loop_8,False,True,val,2913971,True
skater_C/cam_1/Loop_9.mp4,C,1,Loop,9,C_Loop_9,False,True,train,2712164,True
skater_C/cam_1/Lutz_1.mp4,C,1,Lutz,1,C_Lutz_1,False,True,val,2919836,True
skater_C/cam_1/Lutz_10.mp4,C,1,Lutz,10,C_Lutz_10,False,True,train,2756597,True
skater_C/cam_1/Lutz_2.mp4,C,1,Lutz,2,C_Lutz_2,False,True,test,2792758,True
skater_C/cam_1/Lutz_3.mp4,C,1,Lutz,3,C_Lutz_3,False,True,train,2849312,True
skater_C/cam_1/Lutz_4.mp4,C,1,Lutz,4,C_Lutz_4,False,True,train,2854988,True
skater_C/cam_1/Lutz_5.mp4,C,1,Lutz,5,C_Lutz_5,False,True,train,2656634,True
skater_C/cam_1/Lutz_6.mp4,C,1,Lutz,6,C_Lutz_6,False,True,train,2735691,True
skater_C/cam_1/Lutz_7.mp4,C,1,Lutz,7,C_Lutz_7,False,True,test,2926381,True
skater_C/cam_1/Lutz_8.mp4,C,1,Lutz,8,C_Lutz_8,False,True,train,2899727,True
skater_C/cam_1/Lutz_9.mp4,C,1,Lutz,9,C_Lutz_9,False,True,train,2837387,True
skater_C/cam_1/Salchow_1.mp4,C,1,Salchow,1,C_Salchow_1,False,True,train,2951124,True
skater_C/cam_1/Salchow_10.mp4,C,1,Salchow,10,C_Salchow_10,False,True,train,2949983,True
skater_C/cam_1/Salchow_2.mp4,C,1,Salchow,2,C_Salchow_2,False,True,train,2734150,True
skater_C/cam_1/Salchow_3.mp4,C,1,Salchow,3,C_Salchow_3,False,True,val,3004120,True
skater_C/cam_1/Salchow_4.mp4,C,1,Salchow,4,C_Salchow_4,False,True,test,2613308,True
skater_C/cam_1/Salchow_5.mp4,C,1,Salchow,5,C_Salchow_5,False,True,train,3079973,True
skater_C/cam_1/Salchow_6.mp4,C,1,Salchow,6,C_Salchow_6,False,True,train,3057460,True
skater_C/cam_1/Salchow_7.mp4,C,1,Salchow,7,C_Salchow_7,False,True,train,2959706,True
skater_C/cam_1/Salchow_8.mp4,C,1,Salchow,8,C_Salchow_8,False,True,val,2913379,True
skater_C/cam_1/Salchow_9.mp4,C,1,Salchow,9,C_Salchow_9,False,True,train,2608056,True
skater_C/cam_1/Toeloop_1.mp4,C,1,Toeloop,1,C_Toeloop_1,False,True,test,2563927,True
skater_C/cam_1/Toeloop_10.mp4,C,1,Toeloop,10,C_Toeloop_10,False,True,val,2871115,True
skater_C/cam_1/Toeloop_2.mp4,C,1,Toeloop,2,C_Toeloop_2,False,True,train,2618980,True
skater_C/cam_1/Toeloop_3.mp4,C,1,Toeloop,3,C_Toeloop_3,False,True,train,2515763,True
skater_C/cam_1/Toeloop_4.mp4,C,1,Toeloop,4,C_Toeloop_4,False,True,train,2801201,True
skater_C/cam_1/Toeloop_5.mp4,C,1,Toeloop,5,C_Toeloop_5,False,True,train,2823773,True
skater_C/cam_1/Toeloop_6.mp4,C,1,Toeloop,6,C_Toeloop_6,False,True,train,2579125,True
skater_C/cam_1/Toeloop_7.mp4,C,1,Toeloop,7,C_Toeloop_7,False,True,test,2840153,True
skater_C/cam_1/Toeloop_8.mp4,C,1,Toeloop,8,C_Toeloop_8,False,True,train,2938250,True
skater_C/cam_1/Toeloop_9.mp4,C,1,Toeloop,9,C_Toeloop_9,False,True,train,2888025,True
skater_C/cam_10/Axel_1.mp4,C,10,Axel,1,C_Axel_1,False,True,train,2541395,True
skater_C/cam_10/Axel_10.mp4,C,10,Axel,10,C_Axel_10,False,True,train,2184503,True
skater_C/cam_10/Axel_2.mp4,C,10,Axel,2,C_Axel_2,False,True,test,2729042,True
skater_C/cam_10/Axel_3.mp4,C,10,Axel,3,C_Axel_3,False,True,train,2328306,True
skater_C/cam_10/Axel_4.mp4,C,10,Axel,4,C_Axel_4,False,True,train,2705661,True
skater_C/cam_10/Axel_5.mp4,C,10,Axel,5,C_Axel_5,False,True,train,2828594,True
skater_C/cam_10/Axel_6.mp4,C,10,Axel,6,C_Axel_6,False,True,train,2700460,True
skater_C/cam_10/Axel_7.mp4,C,10,Axel,7,C_Axel_7,False,True,val,2443748,True
skater_C/cam_10/Axel_8.mp4,C,10,Axel,8,C_Axel_8,False,True,val,2054294,True
skater_C/cam_10/Axel_9.mp4,C,10,Axel,9,C_Axel_9,False,True,train,2647561,True
skater_C/cam_10/Flip_1.mp4,C,10,Flip,1,C_Flip_1,False,True,train,2232189,True
skater_C/cam_10/Flip_10.mp4,C,10,Flip,10,C_Flip_10,False,True,test,2094723,True
skater_C/cam_10/Flip_2.mp4,C,10,Flip,2,C_Flip_2,False,True,train,2354841,True
skater_C/cam_10/Flip_3.mp4,C,10,Flip,3,C_Flip_3,False,True,train,2321319,True
skater_C/cam_10/Flip_4.mp4,C,10,Flip,4,C_Flip_4,False,True,train,2586965,True
skater_C/cam_10/Flip_5.mp4,C,10,Flip,5,C_Flip_5,False,True,train,2484395,True
skater_C/cam_10/Flip_6.mp4,C,10,Flip,6,C_Flip_6,False,True,test,2843658,True
skater_C/cam_10/Flip_7.mp4,C,10,Flip,7,C_Flip_7,False,True,train,2932922,True
skater_C/cam_10/Flip_8.mp4,C,10,Flip,8,C_Flip_8,False,True,train,2922628,True
skater_C/cam_10/Flip_9.mp4,C,10,Flip,9,C_Flip_9,False,True,val,2175431,True
skater_C/cam_10/Loop_1.mp4,C,10,Loop,1,C_Loop_1,False,True,train,2936970,True
skater_C/cam_10/Loop_10.mp4,C,10,Loop,10,C_Loop_10,False,True,test,2091553,True
skater_C/cam_10/Loop_2.mp4,C,10,Loop,2,C_Loop_2,False,True,train,2521200,True
skater_C/cam_10/Loop_3.mp4,C,10,Loop,3,C_Loop_3,False,True,train,2677988,True
skater_C/cam_10/Loop_4.mp4,C,10,Loop,4,C_Loop_4,False,True,val,2747267,True
skater_C/cam_10/Loop_5.mp4,C,10,Loop,5,C_Loop_5,False,True,train,2321734,True
skater_C/cam_10/Loop_6.mp4,C,10,Loop,6,C_Loop_6,False,True,train,2620646,True
skater_C/cam_10/Loop_7.mp4,C,10,Loop,7,C_Loop_7,False,True,train,2641564,True
skater_C/cam_10/Loop_8.mp4,C,10,Loop,8,C_Loop_8,False,True,val,2945762,True
skater_C/cam_10/Loop_9.mp4,C,10,Loop,9,C_Loop_9,False,True,train,2253746,True
skater_C/cam_10/Lutz_1.mp4,C,10,Lutz,1,C_Lutz_1,False,True,val,2737598,True
skater_C/cam_10/Lutz_10.mp4,C,10,Lutz,10,C_Lutz_10,False,True,train,2734308,True
skater_C/cam_10/Lutz_2.mp4,C,10,Lutz,2,C_Lutz_2,False,True,test,2823200,True
skater_C/cam_10/Lutz_3.mp4,C,10,Lutz,3,C_Lutz_3,False,True,train,2331446,True
skater_C/cam_10/Lutz_4.mp4,C,10,Lutz,4,C_Lutz_4,False,True,train,2940126,True
skater_C/cam_10/Lutz_5.mp4,C,10,Lutz,5,C_Lutz_5,False,True,train,2104200,True
skater_C/cam_10/Lutz_6.mp4,C,10,Lutz,6,C_Lutz_6,False,True,train,2888980,True
skater_C/cam_10/Lutz_7.mp4,C,10,Lutz,7,C_Lutz_7,False,True,test,2871877,True
skater_C/cam_10/Lutz_8.mp4,C,10,Lutz,8,C_Lutz_8,False,True,train,2385989,True
skater_C/cam_10/Lutz_9.mp4,C,10,Lutz,9,C_Lutz_9,False,True,train,2422199,True
skater_C/cam_10/Salchow_1.mp4,C,10,Salchow,1,C_Salchow_1,False,True,train,2819801,True
skater_C/cam_10/Salchow_10.mp4,C,10,Salchow,10,C_Salchow_10,False,True,train,2885038,True
skater_C/cam_10/Salchow_2.mp4,C,10,Salchow,2,C_Salchow_2,False,True,train,2720430,True
skater_C/cam_10/Salchow_3.mp4,C,10,Salchow,3,C_Salchow_3,False,True,val,2635445,True
skater_C/cam_10/Salchow_4.mp4,C,10,Salchow,4,C_Salchow_4,False,True,test,2165434,True
skater_C/cam_10/Salchow_5.mp4,C,10,Salchow,5,C_Salchow_5,False,True,train,2813673,True
skater_C/cam_10/Salchow_6.mp4,C,10,Salchow,6,C_Salchow_6,False,True,train,2771892,True
skater_C/cam_10/Salchow_7.mp4,C,10,Salchow,7,C_Salchow_7,False,True,train,2730032,True
skater_C/cam_10/Salchow_8.mp4,C,10,Salchow,8,C_Salchow_8,False,True,val,2378188,True
skater_C/cam_10/Salchow_9.mp4,C,10,Salchow,9,C_Salchow_9,False,True,train,2789884,True
skater_C/cam_10/Toeloop_1.mp4,C,10,Toeloop,1,C_Toeloop_1,False,True,test,2293114,True
skater_C/cam_10/Toeloop_10.mp4,C,10,Toeloop,10,C_Toeloop_10,False,True,val,2791241,True
skater_C/cam_10/Toeloop_2.mp4,C,10,Toeloop,2,C_Toeloop_2,False,True,train,2632667,True
skater_C/cam_10/Toeloop_3.mp4,C,10,Toeloop,3,C_Toeloop_3,False,True,train,2576054,True
skater_C/cam_10/Toeloop_4.mp4,C,10,Toeloop,4,C_Toeloop_4,False,True,train,2554845,True
skater_C/cam_10/Toeloop_5.mp4,C,10,Toeloop,5,C_Toeloop_5,False,True,train,2742100,True
skater_C/cam_10/Toeloop_6.mp4,C,10,Toeloop,6,C_Toeloop_6,False,True,train,2579128,True
skater_C/cam_10/Toeloop_7.mp4,C,10,Toeloop,7,C_Toeloop_7,False,True,test,2774964,True
skater_C/cam_10/Toeloop_8.mp4,C,10,Toeloop,8,C_Toeloop_8,False,True,train,2697931,True
skater_C/cam_10/Toeloop_9.mp4,C,10,Toeloop,9,C_Toeloop_9,False,True,train,2771338,True
skater_C/cam_11/Axel_1.mp4,C,11,Axel,1,C_Axel_1,False,True,train,2843066,True
skater_C/cam_11/Axel_10.mp4,C,11,Axel,10,C_Axel_10,False,True,train,2338631,True
skater_C/cam_11/Axel_2.mp4,C,11,Axel,2,C_Axel_2,False,True,test,3136210,True
skater_C/cam_11/Axel_3.mp4,C,11,Axel,3,C_Axel_3,False,True,train,2734715,True
skater_C/cam_11/Axel_4.mp4,C,11,Axel,4,C_Axel_4,False,True,train,3066196,True
skater_C/cam_11/Axel_5.mp4,C,11,Axel,5,C_Axel_5,False,True,train,3236542,True
skater_C/cam_11/Axel_6.mp4,C,11,Axel,6,C_Axel_6,False,True,train,3120541,True
skater_C/cam_11/Axel_7.mp4,C,11,Axel,7,C_Axel_7,False,True,val,2768602,True
skater_C/cam_11/Axel_8.mp4,C,11,Axel,8,C_Axel_8,False,True,val,2370934,True
skater_C/cam_11/Axel_9.mp4,C,11,Axel,9,C_Axel_9,False,True,train,3233306,True
skater_C/cam_11/Flip_1.mp4,C,11,Flip,1,C_Flip_1,False,True,train,2805610,True
skater_C/cam_11/Flip_10.mp4,C,11,Flip,10,C_Flip_10,False,True,test,2468564,True
skater_C/cam_11/Flip_2.mp4,C,11,Flip,2,C_Flip_2,False,True,train,2665052,True
skater_C/cam_11/Flip_3.mp4,C,11,Flip,3,C_Flip_3,False,True,train,2699773,True
skater_C/cam_11/Flip_4.mp4,C,11,Flip,4,C_Flip_4,False,True,train,2981981,True
skater_C/cam_11/Flip_5.mp4,C,11,Flip,5,C_Flip_5,False,True,train,2975319,True
skater_C/cam_11/Flip_6.mp4,C,11,Flip,6,C_Flip_6,False,True,test,3179992,True
skater_C/cam_11/Flip_7.mp4,C,11,Flip,7,C_Flip_7,False,True,train,3311127,True
skater_C/cam_11/Flip_8.mp4,C,11,Flip,8,C_Flip_8,False,True,train,3321456,True
skater_C/cam_11/Flip_9.mp4,C,11,Flip,9,C_Flip_9,False,True,val,2592737,True
skater_C/cam_11/Loop_1.mp4,C,11,Loop,1,C_Loop_1,False,True,train,3317072,True
skater_C/cam_11/Loop_10.mp4,C,11,Loop,10,C_Loop_10,False,True,test,2518264,True
skater_C/cam_11/Loop_2.mp4,C,11,Loop,2,C_Loop_2,False,True,train,2968804,True
skater_C/cam_11/Loop_3.mp4,C,11,Loop,3,C_Loop_3,False,True,train,3081212,True
skater_C/cam_11/Loop_4.mp4,C,11,Loop,4,C_Loop_4,False,True,val,3165170,True
skater_C/cam_11/Loop_5.mp4,C,11,Loop,5,C_Loop_5,False,True,train,2753482,True
skater_C/cam_11/Loop_6.mp4,C,11,Loop,6,C_Loop_6,False,True,train,2960500,True
skater_C/cam_11/Loop_7.mp4,C,11,Loop,7,C_Loop_7,False,True,train,3016844,True
skater_C/cam_11/Loop_8.mp4,C,11,Loop,8,C_Loop_8,False,True,val,3245426,True
skater_C/cam_11/Loop_9.mp4,C,11,Loop,9,C_Loop_9,False,True,train,2703321,True
skater_C/cam_11/Lutz_1.mp4,C,11,Lutz,1,C_Lutz_1,False,True,val,3219951,True
skater_C/cam_11/Lutz_10.mp4,C,11,Lutz,10,C_Lutz_10,False,True,train,3096433,True
skater_C/cam_11/Lutz_2.mp4,C,11,Lutz,2,C_Lutz_2,False,True,test,3153577,True
skater_C/cam_11/Lutz_3.mp4,C,11,Lutz,3,C_Lutz_3,False,True,train,2725114,True
skater_C/cam_11/Lutz_4.mp4,C,11,Lutz,4,C_Lutz_4,False,True,train,3276767,True
skater_C/cam_11/Lutz_5.mp4,C,11,Lutz,5,C_Lutz_5,False,True,train,2553609,True
skater_C/cam_11/Lutz_6.mp4,C,11,Lutz,6,C_Lutz_6,False,True,train,3241408,True
skater_C/cam_11/Lutz_7.mp4,C,11,Lutz,7,C_Lutz_7,False,True,test,3246683,True
skater_C/cam_11/Lutz_8.mp4,C,11,Lutz,8,C_Lutz_8,False,True,train,2762422,True
skater_C/cam_11/Lutz_9.mp4,C,11,Lutz,9,C_Lutz_9,False,True,train,2814522,True
skater_C/cam_11/Salchow_1.mp4,C,11,Salchow,1,C_Salchow_1,False,True,train,3166538,True
skater_C/cam_11/Salchow_10.mp4,C,11,Salchow,10,C_Salchow_10,False,True,train,3265264,True
skater_C/cam_11/Salchow_2.mp4,C,11,Salchow,2,C_Salchow_2,False,True,train,3218947,True
skater_C/cam_11/Salchow_3.mp4,C,11,Salchow,3,C_Salchow_3,False,True,val,3080657,True
skater_C/cam_11/Salchow_4.mp4,C,11,Salchow,4,C_Salchow_4,False,True,test,2563893,True
skater_C/cam_11/Salchow_5.mp4,C,11,Salchow,5,C_Salchow_5,False,True,train,3248635,True
skater_C/cam_11/Salchow_6.mp4,C,11,Salchow,6,C_Salchow_6,False,True,train,3256101,True
skater_C/cam_11/Salchow_7.mp4,C,11,Salchow,7,C_Salchow_7,False,True,train,3196498,True
skater_C/cam_11/Salchow_8.mp4,C,11,Salchow,8,C_Salchow_8,False,True,val,2860820,True
skater_C/cam_11/Salchow_9.mp4,C,11,Salchow,9,C_Salchow_9,False,True,train,3075286,True
skater_C/cam_11/Toeloop_1.mp4,C,11,Toeloop,1,C_Toeloop_1,False,True,test,2746114,True
skater_C/cam_11/Toeloop_10.mp4,C,11,Toeloop,10,C_Toeloop_10,False,True,val,3219663,True
skater_C/cam_11/Toeloop_2.mp4,C,11,Toeloop,2,C_Toeloop_2,False,True,train,2999792,True
skater_C/cam_11/Toeloop_3.mp4,C,11,Toeloop,3,C_Toeloop_3,False,True,train,2895127,True
skater_C/cam_11/Toeloop_4.mp4,C,11,Toeloop,4,C_Toeloop_4,False,True,train,2919719,True
skater_C/cam_11/Toeloop_5.mp4,C,11,Toeloop,5,C_Toeloop_5,False,True,train,3336404,True
skater_C/cam_11/Toeloop_6.mp4,C,11,Toeloop,6,C_Toeloop_6,False,True,train,3517295,True
skater_C/cam_11/Toeloop_7.mp4,C,11,Toeloop,7,C_Toeloop_7,False,True,test,3225476,True
skater_C/cam_11/Toeloop_8.mp4,C,11,Toeloop,8,C_Toeloop_8,False,True,train,3113810,True
skater_C/cam_11/Toeloop_9.mp4,C,11,Toeloop,9,C_Toeloop_9,False,True,train,3216299,True
skater_C/cam_12/Axel_1.mp4,C,12,Axel,1,C_Axel_1,False,True,train,3053185,True
skater_C/cam_12/Axel_10.mp4,C,12,Axel,10,C_Axel_10,False,True,train,2725770,True
skater_C/cam_12/Axel_2.mp4,C,12,Axel,2,C_Axel_2,False,True,test,3246505,True
skater_C/cam_12/Axel_3.mp4,C,12,Axel,3,C_Axel_3,False,True,train,2926921,True
skater_C/cam_12/Axel_4.mp4,C,12,Axel,4,C_Axel_4,False,True,train,3277076,True
skater_C/cam_12/Axel_5.mp4,C,12,Axel,5,C_Axel_5,False,True,train,3520000,True
skater_C/cam_12/Axel_6.mp4,C,12,Axel,6,C_Axel_6,False,True,train,3282061,True
skater_C/cam_12/Axel_7.mp4,C,12,Axel,7,C_Axel_7,False,True,val,2966147,True
skater_C/cam_12/Axel_8.mp4,C,12,Axel,8,C_Axel_8,False,True,val,2617239,True
skater_C/cam_12/Axel_9.mp4,C,12,Axel,9,C_Axel_9,False,True,train,3666098,True
skater_C/cam_12/Flip_1.mp4,C,12,Flip,1,C_Flip_1,False,True,train,2774375,True
skater_C/cam_12/Flip_10.mp4,C,12,Flip,10,C_Flip_10,False,True,test,2700284,True
skater_C/cam_12/Flip_2.mp4,C,12,Flip,2,C_Flip_2,False,True,train,2883239,True
skater_C/cam_12/Flip_3.mp4,C,12,Flip,3,C_Flip_3,False,True,train,2788618,True
skater_C/cam_12/Flip_4.mp4,C,12,Flip,4,C_Flip_4,False,True,train,3220528,True
skater_C/cam_12/Flip_5.mp4,C,12,Flip,5,C_Flip_5,False,True,train,3103230,True
skater_C/cam_12/Flip_6.mp4,C,12,Flip,6,C_Flip_6,False,True,test,3287298,True
skater_C/cam_12/Flip_7.mp4,C,12,Flip,7,C_Flip_7,False,True,train,3411279,True
skater_C/cam_12/Flip_8.mp4,C,12,Flip,8,C_Flip_8,False,True,train,3372489,True
skater_C/cam_12/Flip_9.mp4,C,12,Flip,9,C_Flip_9,False,True,val,2760038,True
skater_C/cam_12/Loop_1.mp4,C,12,Loop,1,C_Loop_1,False,True,train,3392199,True
skater_C/cam_12/Loop_10.mp4,C,12,Loop,10,C_Loop_10,False,True,test,2644197,True
skater_C/cam_12/Loop_2.mp4,C,12,Loop,2,C_Loop_2,False,True,train,3096036,True
skater_C/cam_12/Loop_3.mp4,C,12,Loop,3,C_Loop_3,False,True,train,3272881,True
skater_C/cam_12/Loop_4.mp4,C,12,Loop,4,C_Loop_4,False,True,val,3480619,True
skater_C/cam_12/Loop_5.mp4,C,12,Loop,5,C_Loop_5,False,True,train,2915876,True
skater_C/cam_12/Loop_6.mp4,C,12,Loop,6,C_Loop_6,False,True,train,3222422,True
skater_C/cam_12/Loop_7.mp4,C,12,Loop,7,C_Loop_7,False,True,train,3218628,True
skater_C/cam_12/Loop_8.mp4,C,12,Loop,8,C_Loop_8,False,True,val,3297476,True
skater_C/cam_12/Loop_9.mp4,C,12,Loop,9,C_Loop_9,False,True,train,2865208,True
skater_C/cam_12/Lutz_1.mp4,C,12,Lutz,1,C_Lutz_1,False,True,val,3298712,True
skater_C/cam_12/Lutz_10.mp4,C,12,Lutz,10,C_Lutz_10,False,True,train,3247663,True
skater_C/cam_12/Lutz_2.mp4,C,12,Lutz,2,C_Lutz_2,False,True,test,3483937,True
skater_C/cam_12/Lutz_3.mp4,C,12,Lutz,3,C_Lutz_3,False,True,train,2901725,True
skater_C/cam_12/Lutz_4.mp4,C,12,Lutz,4,C_Lutz_4,False,True,train,3336188,True
skater_C/cam_12/Lutz_5.mp4,C,12,Lutz,5,C_Lutz_5,False,True,train,2724838,True
skater_C/cam_12/Lutz_6.mp4,C,12,Lutz,6,C_Lutz_6,False,True,train,3346387,True
skater_C/cam_12/Lutz_7.mp4,C,12,Lutz,7,C_Lutz_7,False,True,test,3445689,True
skater_C/cam_12/Lutz_8.mp4,C,12,Lutz,8,C_Lutz_8,False,True,train,2855660,True
skater_C/cam_12/Lutz_9.mp4,C,12,Lutz,9,C_Lutz_9,False,True,train,2973660,True
skater_C/cam_12/Salchow_1.mp4,C,12,Salchow,1,C_Salchow_1,False,True,train,3402292,True
skater_C/cam_12/Salchow_10.mp4,C,12,Salchow,10,C_Salchow_10,False,True,train,3386385,True
skater_C/cam_12/Salchow_2.mp4,C,12,Salchow,2,C_Salchow_2,False,True,train,3353769,True
skater_C/cam_12/Salchow_3.mp4,C,12,Salchow,3,C_Salchow_3,False,True,val,3280834,True
skater_C/cam_12/Salchow_4.mp4,C,12,Salchow,4,C_Salchow_4,False,True,test,2800541,True
skater_C/cam_12/Salchow_5.mp4,C,12,Salchow,5,C_Salchow_5,False,True,train,3299396,True
skater_C/cam_12/Salchow_6.mp4,C,12,Salchow,6,C_Salchow_6,False,True,train,3310022,True
skater_C/cam_12/Salchow_7.mp4,C,12,Salchow,7,C_Salchow_7,False,True,train,3303849,True
skater_C/cam_12/Salchow_8.mp4,C,12,Salchow,8,C_Salchow_8,False,True,val,2977261,True
skater_C/cam_12/Salchow_9.mp4,C,12,Salchow,9,C_Salchow_9,False,True,train,3232204,True
skater_C/cam_12/Toeloop_1.mp4,C,12,Toeloop,1,C_Toeloop_1,False,True,test,2914609,True
skater_C/cam_12/Toeloop_10.mp4,C,12,Toeloop,10,C_Toeloop_10,False,True,val,3367901,True
skater_C/cam_12/Toeloop_2.mp4,C,12,Toeloop,2,C_Toeloop_2,False,True,train,3362776,True
skater_C/cam_12/Toeloop_3.mp4,C,12,Toeloop,3,C_Toeloop_3,False,True,train,3125627,True
skater_C/cam_12/Toeloop_4.mp4,C,12,Toeloop,4,C_Toeloop_4,False,True,train,3154732,True
skater_C/cam_12/Toeloop_5.mp4,C,12,Toeloop,5,C_Toeloop_5,False,True,train,3575368,True
skater_C/cam_12/Toeloop_6.mp4,C,12,Toeloop,6,C_Toeloop_6,False,True,train,3594562,True
skater_C/cam_12/Toeloop_7.mp4,C,12,Toeloop,7,C_Toeloop_7,False,True,test,3481842,True
skater_C/cam_12/Toeloop_8.mp4,C,12,Toeloop,8,C_Toeloop_8,False,True,train,3302646,True
skater_C/cam_12/Toeloop_9.mp4,C,12,Toeloop,9,C_Toeloop_9,False,True,train,3377566,True
skater_C/cam_2/Axel_1.mp4,C,2,Axel,1,C_Axel_1,False,True,train,2526273,True
skater_C/cam_2/Axel_10.mp4,C,2,Axel,10,C_Axel_10,False,True,train,2434038,True
skater_C/cam_2/Axel_2.mp4,C,2,Axel,2,C_Axel_2,False,True,test,2629065,True
skater_C/cam_2/Axel_3.mp4,C,2,Axel,3,C_Axel_3,False,True,train,3067459,True
skater_C/cam_2/Axel_4.mp4,C,2,Axel,4,C_Axel_4,False,True,train,3095701,True
skater_C/cam_2/Axel_5.mp4,C,2,Axel,5,C_Axel_5,False,True,train,2927992,True
skater_C/cam_2/Axel_6.mp4,C,2,Axel,6,C_Axel_6,False,True,train,3004524,True
skater_C/cam_2/Axel_7.mp4,C,2,Axel,7,C_Axel_7,False,True,val,2631580,True
skater_C/cam_2/Axel_8.mp4,C,2,Axel,8,C_Axel_8,False,True,val,2557966,True
skater_C/cam_2/Axel_9.mp4,C,2,Axel,9,C_Axel_9,False,True,train,2552273,True
skater_C/cam_2/Flip_1.mp4,C,2,Flip,1,C_Flip_1,False,True,train,2790374,True
skater_C/cam_2/Flip_10.mp4,C,2,Flip,10,C_Flip_10,False,True,test,2612798,True
skater_C/cam_2/Flip_2.mp4,C,2,Flip,2,C_Flip_2,False,True,train,2829461,True
skater_C/cam_2/Flip_3.mp4,C,2,Flip,3,C_Flip_3,False,True,train,2317093,True
skater_C/cam_2/Flip_4.mp4,C,2,Flip,4,C_Flip_4,False,True,train,2486405,True
skater_C/cam_2/Flip_5.mp4,C,2,Flip,5,C_Flip_5,False,True,train,2668150,True
skater_C/cam_2/Flip_6.mp4,C,2,Flip,6,C_Flip_6,False,True,test,2917327,True
skater_C/cam_2/Flip_7.mp4,C,2,Flip,7,C_Flip_7,False,True,train,3041123,True
skater_C/cam_2/Flip_8.mp4,C,2,Flip,8,C_Flip_8,False,True,train,2977827,True
skater_C/cam_2/Flip_9.mp4,C,2,Flip,9,C_Flip_9,False,True,val,2624242,True
skater_C/cam_2/Loop_1.mp4,C,2,Loop,1,C_Loop_1,False,True,train,2998149,True
skater_C/cam_2/Loop_10.mp4,C,2,Loop,10,C_Loop_10,False,True,test,2432255,True
skater_C/cam_2/Loop_2.mp4,C,2,Loop,2,C_Loop_2,False,True,train,2679662,True
skater_C/cam_2/Loop_3.mp4,C,2,Loop,3,C_Loop_3,False,True,train,2582732,True
skater_C/cam_2/Loop_4.mp4,C,2,Loop,4,C_Loop_4,False,True,val,2947828,True
skater_C/cam_2/Loop_5.mp4,C,2,Loop,5,C_Loop_5,False,True,train,2348403,True
skater_C/cam_2/Loop_6.mp4,C,2,Loop,6,C_Loop_6,False,True,train,2905541,True
skater_C/cam_2/Loop_7.mp4,C,2,Loop,7,C_Loop_7,False,True,train,2646045,True
skater_C/cam_2/Loop_8.mp4,C,2,Loop,8,C_Loop_8,False,True,val,2921319,True
skater_C/cam_2/Loop_9.mp4,C,2,Loop,9,C_Loop_9,False,True,train,2745576,True
skater_C/cam_2/Lutz_1.mp4,C,2,Lutz,1,C_Lutz_1,False,True,val,2852735,True
skater_C/cam_2/Lutz_10.mp4,C,2,Lutz,10,C_Lutz_10,False,True,train,2636382,True
skater_C/cam_2/Lutz_2.mp4,C,2,Lutz,2,C_Lutz_2,False,True,test,2708427,True
skater_C/cam_2/Lutz_3.mp4,C,2,Lutz,3,C_Lutz_3,False,True,train,3026656,True
skater_C/cam_2/Lutz_4.mp4,C,2,Lutz,4,C_Lutz_4,False,True,train,2936188,True
skater_C/cam_2/Lutz_5.mp4,C,2,Lutz,5,C_Lutz_5,False,True,train,2591971,True
skater_C/cam_2/Lutz_6.mp4,C,2,Lutz,6,C_Lutz_6,False,True,train,2677196,True
skater_C/cam_2/Lutz_7.mp4,C,2,Lutz,7,C_Lutz_7,False,True,test,2957916,True
skater_C/cam_2/Lutz_8.mp4,C,2,Lutz,8,C_Lutz_8,False,True,train,2861648,True
skater_C/cam_2/Lutz_9.mp4,C,2,Lutz,9,C_Lutz_9,False,True,train,2863527,True
skater_C/cam_2/Salchow_1.mp4,C,2,Salchow,1,C_Salchow_1,False,True,train,2960173,True
skater_C/cam_2/Salchow_10.mp4,C,2,Salchow,10,C_Salchow_10,False,True,train,2873192,True
skater_C/cam_2/Salchow_2.mp4,C,2,Salchow,2,C_Salchow_2,False,True,train,2635712,True
skater_C/cam_2/Salchow_3.mp4,C,2,Salchow,3,C_Salchow_3,False,True,val,3081901,True
skater_C/cam_2/Salchow_4.mp4,C,2,Salchow,4,C_Salchow_4,False,True,test,2487896,True
skater_C/cam_2/Salchow_5.mp4,C,2,Salchow,5,C_Salchow_5,False,True,train,3002697,True
skater_C/cam_2/Salchow_6.mp4,C,2,Salchow,6,C_Salchow_6,False,True,train,3008483,True
skater_C/cam_2/Salchow_7.mp4,C,2,Salchow,7,C_Salchow_7,False,True,train,3083844,True
skater_C/cam_2/Salchow_8.mp4,C,2,Salchow,8,C_Salchow_8,False,True,val,2920231,True
skater_C/cam_2/Salchow_9.mp4,C,2,Salchow,9,C_Salchow_9,False,True,train,2484128,True
skater_C/cam_2/Toeloop_1.mp4,C,2,Toeloop,1,C_Toeloop_1,False,True,test,2401883,True
skater_C/cam_2/Toeloop_10.mp4,C,2,Toeloop,10,C_Toeloop_10,False,True,val,2703478,True
skater_C/cam_2/Toeloop_2.mp4,C,2,Toeloop,2,C_Toeloop_2,False,True,train,2468034,True
skater_C/cam_2/Toeloop_3.mp4,C,2,Toeloop,3,C_Toeloop_3,False,True,train,2403954,True
skater_C/cam_2/Toeloop_4.mp4,C,2,Toeloop,4,C_Toeloop_4,False,True,train,3084743,True
skater_C/cam_2/Toeloop_5.mp4,C,2,Toeloop,5,C_Toeloop_5,False,True,train,2987517,True
skater_C/cam_2/Toeloop_6.mp4,C,2,Toeloop,6,C_Toeloop_6,False,True,train,3064462,True
skater_C/cam_2/Toeloop_7.mp4,C,2,Toeloop,7,C_Toeloop_7,False,True,test,2860040,True
skater_C/cam_2/Toeloop_8.mp4,C,2,Toeloop,8,C_Toeloop_8,False,True,train,2979402,True
skater_C/cam_2/Toeloop_9.mp4,C,2,Toeloop,9,C_Toeloop_9,False,True,train,3069707,True
skater_C/cam_3/Axel_1.mp4,C,3,Axel,1,C_Axel_1,False,True,train,2512486,True
skater_C/cam_3/Axel_10.mp4,C,3,Axel,10,C_Axel_10,False,True,train,2369475,True
skater_C/cam_3/Axel_2.mp4,C,3,Axel,2,C_Axel_2,False,True,test,2824498,True
skater_C/cam_3/Axel_3.mp4,C,3,Axel,3,C_Axel_3,False,True,train,2817700,True
skater_C/cam_3/Axel_4.mp4,C,3,Axel,4,C_Axel_4,False,True,train,2970702,True
skater_C/cam_3/Axel_5.mp4,C,3,Axel,5,C_Axel_5,False,True,train,2830008,True
skater_C/cam_3/Axel_6.mp4,C,3,Axel,6,C_Axel_6,False,True,train,2911833,True
skater_C/cam_3/Axel_7.mp4,C,3,Axel,7,C_Axel_7,False,True,val,2645505,True
skater_C/cam_3/Axel_8.mp4,C,3,Axel,8,C_Axel_8,False,True,val,2541797,True
skater_C/cam_3/Axel_9.mp4,C,3,Axel,9,C_Axel_9,False,True,train,2819316,True
skater_C/cam_3/Flip_1.mp4,C,3,Flip,1,C_Flip_1,False,True,train,2876215,True
skater_C/cam_3/Flip_10.mp4,C,3,Flip,10,C_Flip_10,False,True,test,2567604,True
skater_C/cam_3/Flip_2.mp4,C,3,Flip,2,C_Flip_2,False,True,train,3020823,True
skater_C/cam_3/Flip_3.mp4,C,3,Flip,3,C_Flip_3,False,True,train,2436194,True
skater_C/cam_3/Flip_4.mp4,C,3,Flip,4,C_Flip_4,False,True,train,2432532,True
skater_C/cam_3/Flip_5.mp4,C,3,Flip,5,C_Flip_5,False,True,train,2609002,True
skater_C/cam_3/Flip_6.mp4,C,3,Flip,6,C_Flip_6,False,True,test,2872183,True
skater_C/cam_3/Flip_7.mp4,C,3,Flip,7,C_Flip_7,False,True,train,3431126,True
skater_C/cam_3/Flip_8.mp4,C,3,Flip,8,C_Flip_8,False,True,train,3008985,True
skater_C/cam_3/Flip_9.mp4,C,3,Flip,9,C_Flip_9,False,True,val,2736219,True
skater_C/cam_3/Loop_1.mp4,C,3,Loop,1,C_Loop_1,False,True,train,3174613,True
skater_C/cam_3/Loop_10.mp4,C,3,Loop,10,C_Loop_10,False,True,test,2431820,True
skater_C/cam_3/Loop_2.mp4,C,3,Loop,2,C_Loop_2,False,True,train,2594470,True
skater_C/cam_3/Loop_3.mp4,C,3,Loop,3,C_Loop_3,False,True,train,2558707,True
skater_C/cam_3/Loop_4.mp4,C,3,Loop,4,C_Loop_4,False,True,val,2618225,True
skater_C/cam_3/Loop_5.mp4,C,3,Loop,5,C_Loop_5,False,True,train,2380755,True
skater_C/cam_3/Loop_6.mp4,C,3,Loop,6,C_Loop_6,False,True,train,2996441,True
skater_C/cam_3/Loop_7.mp4,C,3,Loop,7,C_Loop_7,False,True,train,2581257,True
skater_C/cam_3/Loop_8.mp4,C,3,Loop,8,C_Loop_8,False,True,val,3274123,True
skater_C/cam_3/Loop_9.mp4,C,3,Loop,9,C_Loop_9,False,True,train,2717836,True
skater_C/cam_3/Lutz_1.mp4,C,3,Lutz,1,C_Lutz_1,False,True,val,2764043,True
skater_C/cam_3/Lutz_10.mp4,C,3,Lutz,10,C_Lutz_10,False,True,train,2612517,True
skater_C/cam_3/Lutz_2.mp4,C,3,Lutz,2,C_Lutz_2,False,True,test,2691283,True
skater_C/cam_3/Lutz_3.mp4,C,3,Lutz,3,C_Lutz_3,False,True,train,3016745,True
skater_C/cam_3/Lutz_4.mp4,C,3,Lutz,4,C_Lutz_4,False,True,train,2909014,True
skater_C/cam_3/Lutz_5.mp4,C,3,Lutz,5,C_Lutz_5,False,True,train,2842736,True
skater_C/cam_3/Lutz_6.mp4,C,3,Lutz,6,C_Lutz_6,False,True,train,2951047,True
skater_C/cam_3/Lutz_7.mp4,C,3,Lutz,7,C_Lutz_7,False,True,test,2931743,True
skater_C/cam_3/Lutz_8.mp4,C,3,Lutz,8,C_Lutz_8,False,True,train,3166629,True
skater_C/cam_3/Lutz_9.mp4,C,3,Lutz,9,C_Lutz_9,False,True,train,2846989,True
skater_C/cam_3/Salchow_1.mp4,C,3,Salchow,1,C_Salchow_1,False,True,train,3441943,True
skater_C/cam_3/Salchow_10.mp4,C,3,Salchow,10,C_Salchow_10,False,True,train,2851324,True
skater_C/cam_3/Salchow_2.mp4,C,3,Salchow,2,C_Salchow_2,False,True,train,2663268,True
skater_C/cam_3/Salchow_3.mp4,C,3,Salchow,3,C_Salchow_3,False,True,val,2961774,True
skater_C/cam_3/Salchow_4.mp4,C,3,Salchow,4,C_Salchow_4,False,True,test,2544776,True
skater_C/cam_3/Salchow_5.mp4,C,3,Salchow,5,C_Salchow_5,False,True,train,2929790,True
skater_C/cam_3/Salchow_6.mp4,C,3,Salchow,6,C_Salchow_6,False,True,train,2939990,True
skater_C/cam_3/Salchow_7.mp4,C,3,Salchow,7,C_Salchow_7,False,True,train,3181749,True
skater_C/cam_3/Salchow_8.mp4,C,3,Salchow,8,C_Salchow_8,False,True,val,2796991,True
skater_C/cam_3/Salchow_9.mp4,C,3,Salchow,9,C_Salchow_9,False,True,train,2532727,True
skater_C/cam_3/Toeloop_1.mp4,C,3,Toeloop,1,C_Toeloop_1,False,True,test,2470545,True
skater_C/cam_3/Toeloop_10.mp4,C,3,Toeloop,10,C_Toeloop_10,False,True,val,2658319,True
skater_C/cam_3/Toeloop_2.mp4,C,3,Toeloop,2,C_Toeloop_2,False,True,train,2477915,True
skater_C/cam_3/Toeloop_3.mp4,C,3,Toeloop,3,C_Toeloop_3,False,True,train,2427214,True
skater_C/cam_3/Toeloop_4.mp4,C,3,Toeloop,4,C_Toeloop_4,False,True,train,2695611,True
skater_C/cam_3/Toeloop_5.mp4,C,3,Toeloop,5,C_Toeloop_5,False,True,train,2909292,True
skater_C/cam_3/Toeloop_6.mp4,C,3,Toeloop,6,C_Toeloop_6,False,True,train,3179893,True
skater_C/cam_3/Toeloop_7.mp4,C,3,Toeloop,7,C_Toeloop_7,False,True,test,2787948,True
skater_C/cam_3/Toeloop_8.mp4,C,3,Toeloop,8,C_Toeloop_8,False,True,train,2800835,True
skater_C/cam_3/Toeloop_9.mp4,C,3,Toeloop,9,C_Toeloop_9,False,True,train,2899325,True
skater_C/cam_4/Axel_1.mp4,C,4,Axel,1,C_Axel_1,False,True,train,2525018,True
skater_C/cam_4/Axel_10.mp4,C,4,Axel,10,C_Axel_10,False,True,train,2208591,True
skater_C/cam_4/Axel_2.mp4,C,4,Axel,2,C_Axel_2,False,True,test,2634973,True
skater_C/cam_4/Axel_3.mp4,C,4,Axel,3,C_Axel_3,False,True,train,2706962,True
skater_C/cam_4/Axel_4.mp4,C,4,Axel,4,C_Axel_4,False,True,train,3040195,True
skater_C/cam_4/Axel_5.mp4,C,4,Axel,5,C_Axel_5,False,True,train,3033223,True
skater_C/cam_4/Axel_6.mp4,C,4,Axel,6,C_Axel_6,False,True,train,2993885,True
skater_C/cam_4/Axel_7.mp4,C,4,Axel,7,C_Axel_7,False,True,val,2682707,True
skater_C/cam_4/Axel_8.mp4,C,4,Axel,8,C_Axel_8,False,True,val,2456948,True
skater_C/cam_4/Axel_9.mp4,C,4,Axel,9,C_Axel_9,False,True,train,2670241,True
skater_C/cam_4/Flip_1.mp4,C,4,Flip,1,C_Flip_1,False,True,train,2367915,True
skater_C/cam_4/Flip_10.mp4,C,4,Flip,10,C_Flip_10,False,True,test,2454788,True
skater_C/cam_4/Flip_2.mp4,C,4,Flip,2,C_Flip_2,False,True,train,2742343,True
skater_C/cam_4/Flip_3.mp4,C,4,Flip,3,C_Flip_3,False,True,train,2318350,True
skater_C/cam_4/Flip_4.mp4,C,4,Flip,4,C_Flip_4,False,True,train,2426528,True
skater_C/cam_4/Flip_5.mp4,C,4,Flip,5,C_Flip_5,False,True,train,2630520,True
skater_C/cam_4/Flip_6.mp4,C,4,Flip,6,C_Flip_6,False,True,test,2886207,True
skater_C/cam_4/Flip_7.mp4,C,4,Flip,7,C_Flip_7,False,True,train,3079140,True
skater_C/cam_4/Flip_8.mp4,C,4,Flip,8,C_Flip_8,False,True,train,2914297,True
skater_C/cam_4/Flip_9.mp4,C,4,Flip,9,C_Flip_9,False,True,val,2459315,True
skater_C/cam_4/Loop_1.mp4,C,4,Loop,1,C_Loop_1,False,True,train,3153124,True
skater_C/cam_4/Loop_10.mp4,C,4,Loop,10,C_Loop_10,False,True,test,2246271,True
skater_C/cam_4/Loop_2.mp4,C,4,Loop,2,C_Loop_2,False,True,train,2600420,True
skater_C/cam_4/Loop_3.mp4,C,4,Loop,3,C_Loop_3,False,True,train,2608877,True
skater_C/cam_4/Loop_4.mp4,C,4,Loop,4,C_Loop_4,False,True,val,2909052,True
skater_C/cam_4/Loop_5.mp4,C,4,Loop,5,C_Loop_5,False,True,train,2262947,True
skater_C/cam_4/Loop_6.mp4,C,4,Loop,6,C_Loop_6,False,True,train,3206180,True
skater_C/cam_4/Loop_7.mp4,C,4,Loop,7,C_Loop_7,False,True,train,2575432,True
skater_C/cam_4/Loop_8.mp4,C,4,Loop,8,C_Loop_8,False,True,val,2903808,True
skater_C/cam_4/Loop_9.mp4,C,4,Loop,9,C_Loop_9,False,True,train,2625109,True
skater_C/cam_4/Lutz_1.mp4,C,4,Lutz,1,C_Lutz_1,False,True,val,2801317,True
skater_C/cam_4/Lutz_10.mp4,C,4,Lutz,10,C_Lutz_10,False,True,train,2680777,True
skater_C/cam_4/Lutz_2.mp4,C,4,Lutz,2,C_Lutz_2,False,True,test,2899306,True
skater_C/cam_4/Lutz_3.mp4,C,4,Lutz,3,C_Lutz_3,False,True,train,2793219,True
skater_C/cam_4/Lutz_4.mp4,C,4,Lutz,4,C_Lutz_4,False,True,train,3032603,True
skater_C/cam_4/Lutz_5.mp4,C,4,Lutz,5,C_Lutz_5,False,True,train,2438352,True
skater_C/cam_4/Lutz_6.mp4,C,4,Lutz,6,C_Lutz_6,False,True,train,2718902,True
skater_C/cam_4/Lutz_7.mp4,C,4,Lutz,7,C_Lutz_7,False,True,test,2902625,True
skater_C/cam_4/Lutz_8.mp4,C,4,Lutz,8,C_Lutz_8,False,True,train,2667620,True
skater_C/cam_4/Lutz_9.mp4,C,4,Lutz,9,C_Lutz_9,False,True,train,2755338,True
skater_C/cam_4/Salchow_1.mp4,C,4,Salchow,1,C_Salchow_1,False,True,train,3104066,True
skater_C/cam_4/Salchow_10.mp4,C,4,Salchow,10,C_Salchow_10,False,True,train,2862846,True
skater_C/cam_4/Salchow_2.mp4,C,4,Salchow,2,C_Salchow_2,False,True,train,2797430,True
skater_C/cam_4/Salchow_3.mp4,C,4,Salchow,3,C_Salchow_3,False,True,val,2854494,True
skater_C/cam_4/Salchow_4.mp4,C,4,Salchow,4,C_Salchow_4,False,True,test,2427280,True
skater_C/cam_4/Salchow_5.mp4,C,4,Salchow,5,C_Salchow_5,False,True,train,2921200,True
skater_C/cam_4/Salchow_6.mp4,C,4,Salchow,6,C_Salchow_6,False,True,train,2967673,True
skater_C/cam_4/Salchow_7.mp4,C,4,Salchow,7,C_Salchow_7,False,True,train,3221675,True
skater_C/cam_4/Salchow_8.mp4,C,4,Salchow,8,C_Salchow_8,False,True,val,2864486,True
skater_C/cam_4/Salchow_9.mp4,C,4,Salchow,9,C_Salchow_9,False,True,train,2522107,True
skater_C/cam_4/Toeloop_1.mp4,C,4,Toeloop,1,C_Toeloop_1,False,True,test,2396888,True
skater_C/cam_4/Toeloop_10.mp4,C,4,Toeloop,10,C_Toeloop_10,False,True,val,2822624,True
skater_C/cam_4/Toeloop_2.mp4,C,4,Toeloop,2,C_Toeloop_2,False,True,train,2468155,True
skater_C/cam_4/Toeloop_3.mp4,C,4,Toeloop,3,C_Toeloop_3,False,True,train,2449822,True
skater_C/cam_4/Toeloop_4.mp4,C,4,Toeloop,4,C_Toeloop_4,False,True,train,2905802,True
skater_C/cam_4/Toeloop_5.mp4,C,4,Toeloop,5,C_Toeloop_5,False,True,train,3127635,True
skater_C/cam_4/Toeloop_6.mp4,C,4,Toeloop,6,C_Toeloop_6,False,True,train,3052692,True
skater_C/cam_4/Toeloop_7.mp4,C,4,Toeloop,7,C_Toeloop_7,False,True,test,2789298,True
skater_C/cam_4/Toeloop_8.mp4,C,4,Toeloop,8,C_Toeloop_8,False,True,train,2926928,True
skater_C/cam_4/Toeloop_9.mp4,C,4,Toeloop,9,C_Toeloop_9,False,True,train,2975036,True
skater_C/cam_5/Axel_1.mp4,C,5,Axel,1,C_Axel_1,False,True,train,2466517,True
skater_C/cam_5/Axel_10.mp4,C,5,Axel,10,C_Axel_10,False,True,train,2138621,True
skater_C/cam_5/Axel_2.mp4,C,5,Axel,2,C_Axel_2,False,True,test,2597628,True
skater_C/cam_5/Axel_3.mp4,C,5,Axel,3,C_Axel_3,False,True,train,2654294,True
skater_C/cam_5/Axel_4.mp4,C,5,Axel,4,C_Axel_4,False,True,train,2864427,True
skater_C/cam_5/Axel_5.mp4,C,5,Axel,5,C_Axel_5,False,True,train,2791364,True
skater_C/cam_5/Axel_6.mp4,C,5,Axel,6,C_Axel_6,False,True,train,2941219,True
skater_C/cam_5/Axel_7.mp4,C,5,Axel,7,C_Axel_7,False,True,val,2590380,True
skater_C/cam_5/Axel_8.mp4,C,5,Axel,8,C_Axel_8,False,True,val,2338005,True
skater_C/cam_5/Axel_9.mp4,C,5,Axel,9,C_Axel_9,False,True,train,2531833,True
skater_C/cam_5/Flip_1.mp4,C,5,Flip,1,C_Flip_1,False,True,train,2501734,True
skater_C/cam_5/Flip_10.mp4,C,5,Flip,10,C_Flip_10,False,True,test,2443616,True
skater_C/cam_5/Flip_2.mp4,C,5,Flip,2,C_Flip_2,False,True,train,2741148,True
skater_C/cam_5/Flip_3.mp4,C,5,Flip,3,C_Flip_3,False,True,train,2389011,True
skater_C/cam_5/Flip_4.mp4,C,5,Flip,4,C_Flip_4,False,True,train,2432990,True
skater_C/cam_5/Flip_5.mp4,C,5,Flip,5,C_Flip_5,False,True,train,2572173,True
skater_C/cam_5/Flip_6.mp4,C,5,Flip,6,C_Flip_6,False,True,test,2798980,True
skater_C/cam_5/Flip_7.mp4,C,5,Flip,7,C_Flip_7,False,True,train,3201779,True
skater_C/cam_5/Flip_8.mp4,C,5,Flip,8,C_Flip_8,False,True,train,2865478,True
skater_C/cam_5/Flip_9.mp4,C,5,Flip,9,C_Flip_9,False,True,val,2363123,True
skater_C/cam_5/Loop_1.mp4,C,5,Loop,1,C_Loop_1,False,True,train,2770999,True
skater_C/cam_5/Loop_10.mp4,C,5,Loop,10,C_Loop_10,False,True,test,2207784,True
skater_C/cam_5/Loop_2.mp4,C,5,Loop,2,C_Loop_2,False,True,train,2622352,True
skater_C/cam_5/Loop_3.mp4,C,5,Loop,3,C_Loop_3,False,True,train,2511176,True
skater_C/cam_5/Loop_4.mp4,C,5,Loop,4,C_Loop_4,False,True,val,2743589,True
skater_C/cam_5/Loop_5.mp4,C,5,Loop,5,C_Loop_5,False,True,train,2293241,True
skater_C/cam_5/Loop_6.mp4,C,5,Loop,6,C_Loop_6,False,True,train,2745005,True
skater_C/cam_5/Loop_7.mp4,C,5,Loop,7,C_Loop_7,False,True,train,2546832,True
skater_C/cam_5/Loop_8.mp4,C,5,Loop,8,C_Loop_8,False,True,val,2748499,True
skater_C/cam_5/Loop_9.mp4,C,5,Loop,9,C_Loop_9,False,True,train,2639608,True
skater_C/cam_5/Lutz_1.mp4,C,5,Lutz,1,C_Lutz_1,False,True,val,2711989,True
skater_C/cam_5/Lutz_10.mp4,C,5,Lutz,10,C_Lutz_10,False,True,train,2639613,True
skater_C/cam_5/Lutz_2.mp4,C,5,Lutz,2,C_Lutz_2,False,True,test,2638535,True
skater_C/cam_5/Lutz_3.mp4,C,5,Lutz,3,C_Lutz_3,False,True,train,2600085,True
skater_C/cam_5/Lutz_4.mp4,C,5,Lutz,4,C_Lutz_4,False,True,train,2902285,True
skater_C/cam_5/Lutz_5.mp4,C,5,Lutz,5,C_Lutz_5,False,True,train,2393419,True
skater_C/cam_5/Lutz_6.mp4,C,5,Lutz,6,C_Lutz_6,False,True,train,2621448,True
skater_C/cam_5/Lutz_7.mp4,C,5,Lutz,7,C_Lutz_7,False,True,test,2819563,True
skater_C/cam_5/Lutz_8.mp4,C,5,Lutz,8,C_Lutz_8,False,True,train,2613018,True
skater_C/cam_5/Lutz_9.mp4,C,5,Lutz,9,C_Lutz_9,False,True,train,2846350,True
skater_C/cam_5/Salchow_1.mp4,C,5,Salchow,1,C_Salchow_1,False,True,train,2896987,True
skater_C/cam_5/Salchow_10.mp4,C,5,Salchow,10,C_Salchow_10,False,True,train,2741750,True
skater_C/cam_5/Salchow_2.mp4,C,5,Salchow,2,C_Salchow_2,False,True,train,2803650,True
skater_C/cam_5/Salchow_3.mp4,C,5,Salchow,3,C_Salchow_3,False,True,val,2812982,True
skater_C/cam_5/Salchow_4.mp4,C,5,Salchow,4,C_Salchow_4,False,True,test,2304587,True
skater_C/cam_5/Salchow_5.mp4,C,5,Salchow,5,C_Salchow_5,False,True,train,2834783,True
skater_C/cam_5/Salchow_6.mp4,C,5,Salchow,6,C_Salchow_6,False,True,train,2826074,True
skater_C/cam_5/Salchow_7.mp4,C,5,Salchow,7,C_Salchow_7,False,True,train,2999967,True
skater_C/cam_5/Salchow_8.mp4,C,5,Salchow,8,C_Salchow_8,False,True,val,2880238,True
skater_C/cam_5/Salchow_9.mp4,C,5,Salchow,9,C_Salchow_9,False,True,train,2536668,True
skater_C/cam_5/Toeloop_1.mp4,C,5,Toeloop,1,C_Toeloop_1,False,True,test,2375447,True
skater_C/cam_5/Toeloop_10.mp4,C,5,Toeloop,10,C_Toeloop_10,False,True,val,2753071,True
skater_C/cam_5/Toeloop_2.mp4,C,5,Toeloop,2,C_Toeloop_2,False,True,train,2400797,True
skater_C/cam_5/Toeloop_3.mp4,C,5,Toeloop,3,C_Toeloop_3,False,True,train,2466837,True
skater_C/cam_5/Toeloop_4.mp4,C,5,Toeloop,4,C_Toeloop_4,False,True,train,2633364,True
skater_C/cam_5/Toeloop_5.mp4,C,5,Toeloop,5,C_Toeloop_5,False,True,train,2926960,True
skater_C/cam_5/Toeloop_6.mp4,C,5,Toeloop,6,C_Toeloop_6,False,True,train,2856808,True
skater_C/cam_5/Toeloop_7.mp4,C,5,Toeloop,7,C_Toeloop_7,False,True,test,2793746,True
skater_C/cam_5/Toeloop_8.mp4,C,5,Toeloop,8,C_Toeloop_8,False,True,train,2790738,True
skater_C/cam_5/Toeloop_9.mp4,C,5,Toeloop,9,C_Toeloop_9,False,True,train,3078464,True
skater_C/cam_6/Axel_1.mp4,C,6,Axel,1,C_Axel_1,False,True,train,2726612,True
skater_C/cam_6/Axel_10.mp4,C,6,Axel,10,C_Axel_10,False,True,train,2308142,True
skater_C/cam_6/Axel_2.mp4,C,6,Axel,2,C_Axel_2,False,True,test,2831675,True
skater_C/cam_6/Axel_3.mp4,C,6,Axel,3,C_Axel_3,False,True,train,2873842,True
skater_C/cam_6/Axel_4.mp4,C,6,Axel,4,C_Axel_4,False,True,train,2998705,True
skater_C/cam_6/Axel_5.mp4,C,6,Axel,5,C_Axel_5,False,True,train,3077501,True
skater_C/cam_6/Axel_6.mp4,C,6,Axel,6,C_Axel_6,False,True,train,2998648,True
skater_C/cam_6/Axel_7.mp4,C,6,Axel,7,C_Axel_7,False,True,val,2841904,True
skater_C/cam_6/Axel_8.mp4,C,6,Axel,8,C_Axel_8,False,True,val,2573966,True
skater_C/cam_6/Axel_9.mp4,C,6,Axel,9,C_Axel_9,False,True,train,2849662,True
skater_C/cam_6/Flip_1.mp4,C,6,Flip,1,C_Flip_1,False,True,train,2684976,True
skater_C/cam_6/Flip_10.mp4,C,6,Flip,10,C_Flip_10,False,True,test,2642004,True
skater_C/cam_6/Flip_2.mp4,C,6,Flip,2,C_Flip_2,False,True,train,3184699,True
skater_C/cam_6/Flip_3.mp4,C,6,Flip,3,C_Flip_3,False,True,train,2572536,True
skater_C/cam_6/Flip_4.mp4,C,6,Flip,4,C_Flip_4,False,True,train,2731236,True
skater_C/cam_6/Flip_5.mp4,C,6,Flip,5,C_Flip_5,False,True,train,2865614,True
skater_C/cam_6/Flip_6.mp4,C,6,Flip,6,C_Flip_6,False,True,test,3352468,True
skater_C/cam_6/Flip_7.mp4,C,6,Flip,7,C_Flip_7,False,True,train,3239048,True
skater_C/cam_6/Flip_8.mp4,C,6,Flip,8,C_Flip_8,False,True,train,3125955,True
skater_C/cam_6/Flip_9.mp4,C,6,Flip,9,C_Flip_9,False,True,val,2636391,True
skater_C/cam_6/Loop_1.mp4,C,6,Loop,1,C_Loop_1,False,True,train,3496350,True
skater_C/cam_6/Loop_10.mp4,C,6,Loop,10,C_Loop_10,False,True,test,2456517,True
skater_C/cam_6/Loop_2.mp4,C,6,Loop,2,C_Loop_2,False,True,train,2931747,True
skater_C/cam_6/Loop_3.mp4,C,6,Loop,3,C_Loop_3,False,True,train,2841944,True
skater_C/cam_6/Loop_4.mp4,C,6,Loop,4,C_Loop_4,False,True,val,2836464,True
skater_C/cam_6/Loop_5.mp4,C,6,Loop,5,C_Loop_5,False,True,train,2588227,True
skater_C/cam_6/Loop_6.mp4,C,6,Loop,6,C_Loop_6,False,True,train,2970714,True
skater_C/cam_6/Loop_7.mp4,C,6,Loop,7,C_Loop_7,False,True,train,2783888,True
skater_C/cam_6/Loop_8.mp4,C,6,Loop,8,C_Loop_8,False,True,val,2966965,True
skater_C/cam_6/Loop_9.mp4,C,6,Loop,9,C_Loop_9,False,True,train,2820993,True
skater_C/cam_6/Lutz_1.mp4,C,6,Lutz,1,C_Lutz_1,False,True,val,2928332,True
skater_C/cam_6/Lutz_10.mp4,C,6,Lutz,10,C_Lutz_10,False,True,train,2893402,True
skater_C/cam_6/Lutz_2.mp4,C,6,Lutz,2,C_Lutz_2,False,True,test,3181431,True
skater_C/cam_6/Lutz_3.mp4,C,6,Lutz,3,C_Lutz_3,False,True,train,2886445,True
skater_C/cam_6/Lutz_4.mp4,C,6,Lutz,4,C_Lutz_4,False,True,train,3185779,True
skater_C/cam_6/Lutz_5.mp4,C,6,Lutz,5,C_Lutz_5,False,True,train,2710858,True
skater_C/cam_6/Lutz_6.mp4,C,6,Lutz,6,C_Lutz_6,False,True,train,2867986,True
skater_C/cam_6/Lutz_7.mp4,C,6,Lutz,7,C_Lutz_7,False,True,test,3151575,True
skater_C/cam_6/Lutz_8.mp4,C,6,Lutz,8,C_Lutz_8,False,True,train,2846074,True
skater_C/cam_6/Lutz_9.mp4,C,6,Lutz,9,C_Lutz_9,False,True,train,2897858,True
skater_C/cam_6/Salchow_1.mp4,C,6,Salchow,1,C_Salchow_1,False,True,train,3178587,True
skater_C/cam_6/Salchow_10.mp4,C,6,Salchow,10,C_Salchow_10,False,True,train,3023675,True
skater_C/cam_6/Salchow_2.mp4,C,6,Salchow,2,C_Salchow_2,False,True,train,3064210,True
skater_C/cam_6/Salchow_3.mp4,C,6,Salchow,3,C_Salchow_3,False,True,val,3056069,True
skater_C/cam_6/Salchow_4.mp4,C,6,Salchow,4,C_Salchow_4,False,True,test,2584207,True
skater_C/cam_6/Salchow_5.mp4,C,6,Salchow,5,C_Salchow_5,False,True,train,3110463,True
skater_C/cam_6/Salchow_6.mp4,C,6,Salchow,6,C_Salchow_6,False,True,train,3122469,True
skater_C/cam_6/Salchow_7.mp4,C,6,Salchow,7,C_Salchow_7,False,True,train,3084172,True
skater_C/cam_6/Salchow_8.mp4,C,6,Salchow,8,C_Salchow_8,False,True,val,2904182,True
skater_C/cam_6/Salchow_9.mp4,C,6,Salchow,9,C_Salchow_9,False,True,train,2780703,True
skater_C/cam_6/Toeloop_1.mp4,C,6,Toeloop,1,C_Toeloop_1,False,True,test,2629569,True
skater_C/cam_6/Toeloop_10.mp4,C,6,Toeloop,10,C_Toeloop_10,False,True,val,2968874,True
skater_C/cam_6/Toeloop_2.mp4,C,6,Toeloop,2,C_Toeloop_2,False,True,train,2735619,True
skater_C/cam_6/Toeloop_3.mp4,C,6,Toeloop,3,C_Toeloop_3,False,True,train,2678046,True
skater_C/cam_6/Toeloop_4.mp4,C,6,Toeloop,4,C_Toeloop_4,False,True,train,3070560,True
skater_C/cam_6/Toeloop_5.mp4,C,6,Toeloop,5,C_Toeloop_5,False,True,train,3105928,True
skater_C/cam_6/Toeloop_6.mp4,C,6,Toeloop,6,C_Toeloop_6,False,True,train,3211273,True
skater_C/cam_6/Toeloop_7.mp4,C,6,Toeloop,7,C_Toeloop_7,False,True,test,3010466,True
skater_C/cam_6/Toeloop_8.mp4,C,6,Toeloop,8,C_Toeloop_8,False,True,train,3010746,True
skater_C/cam_6/Toeloop_9.mp4,C,6,Toeloop,9,C_Toeloop_9,False,True,train,3035750,True
skater_C/cam_7/Axel_1.mp4,C,7,Axel,1,C_Axel_1,False,True,train,2581254,True
skater_C/cam_7/Axel_10.mp4,C,7,Axel,10,C_Axel_10,False,True,train,2070147,True
skater_C/cam_7/Axel_2.mp4,C,7,Axel,2,C_Axel_2,False,True,test,2783446,True
skater_C/cam_7/Axel_3.mp4,C,7,Axel,3,C_Axel_3,False,True,train,2585347,True
skater_C/cam_7/Axel_4.mp4,C,7,Axel,4,C_Axel_4,False,True,train,2850013,True
skater_C/cam_7/Axel_5.mp4,C,7,Axel,5,C_Axel_5,False,True,train,2889242,True
skater_C/cam_7/Axel_6.mp4,C,7,Axel,6,C_Axel_6,False,True,train,2821274,True
skater_C/cam_7/Axel_7.mp4,C,7,Axel,7,C_Axel_7,False,True,val,2655013,True
skater_C/cam_7/Axel_8.mp4,C,7,Axel,8,C_Axel_8,False,True,val,2296252,True
skater_C/cam_7/Axel_9.mp4,C,7,Axel,9,C_Axel_9,False,True,train,2702447,True
skater_C/cam_7/Flip_1.mp4,C,7,Flip,1,C_Flip_1,False,True,train,2393795,True
skater_C/cam_7/Flip_10.mp4,C,7,Flip,10,C_Flip_10,False,True,test,2422846,True
skater_C/cam_7/Flip_2.mp4,C,7,Flip,2,C_Flip_2,False,True,train,2595841,True
skater_C/cam_7/Flip_3.mp4,C,7,Flip,3,C_Flip_3,False,True,train,2462512,True
skater_C/cam_7/Flip_4.mp4,C,7,Flip,4,C_Flip_4,False,True,train,2570342,True
skater_C/cam_7/Flip_5.mp4,C,7,Flip,5,C_Flip_5,False,True,train,2675338,True
skater_C/cam_7/Flip_6.mp4,C,7,Flip,6,C_Flip_6,False,True,test,2878514,True
skater_C/cam_7/Flip_7.mp4,C,7,Flip,7,C_Flip_7,False,True,train,2977639,True
skater_C/cam_7/Flip_8.mp4,C,7,Flip,8,C_Flip_8,False,True,train,2914285,True
skater_C/cam_7/Flip_9.mp4,C,7,Flip,9,C_Flip_9,False,True,val,2460316,True
skater_C/cam_7/Loop_1.mp4,C,7,Loop,1,C_Loop_1,False,True,train,3009731,True
skater_C/cam_7/Loop_10.mp4,C,7,Loop,10,C_Loop_10,False,True,test,2296659,True
skater_C/cam_7/Loop_2.mp4,C,7,Loop,2,C_Loop_2,False,True,train,2700818,True
skater_C/cam_7/Loop_3.mp4,C,7,Loop,3,C_Loop_3,False,True,train,2771157,True
skater_C/cam_7/Loop_4.mp4,C,7,Loop,4,C_Loop_4,False,True,val,2892283,True
skater_C/cam_7/Loop_5.mp4,C,7,Loop,5,C_Loop_5,False,True,train,2413150,True
skater_C/cam_7/Loop_6.mp4,C,7,Loop,6,C_Loop_6,False,True,train,2743621,True
skater_C/cam_7/Loop_7.mp4,C,7,Loop,7,C_Loop_7,False,True,train,2719888,True
skater_C/cam_7/Loop_8.mp4,C,7,Loop,8,C_Loop_8,False,True,val,2836785,True
skater_C/cam_7/Loop_9.mp4,C,7,Loop,9,C_Loop_9,False,True,train,2501640,True
skater_C/cam_7/Lutz_1.mp4,C,7,Lutz,1,C_Lutz_1,False,True,val,2876483,True
skater_C/cam_7/Lutz_10.mp4,C,7,Lutz,10,C_Lutz_10,False,True,train,2858403,True
skater_C/cam_7/Lutz_2.mp4,C,7,Lutz,2,C_Lutz_2,False,True,test,2853337,True
skater_C/cam_7/Lutz_3.mp4,C,7,Lutz,3,C_Lutz_3,False,True,train,2540511,True
skater_C/cam_7/Lutz_4.mp4,C,7,Lutz,4,C_Lutz_4,False,True,train,3003362,True
skater_C/cam_7/Lutz_5.mp4,C,7,Lutz,5,C_Lutz_5,False,True,train,2482755,True
skater_C/cam_7/Lutz_6.mp4,C,7,Lutz,6,C_Lutz_6,False,True,train,2757748,True
skater_C/cam_7/Lutz_7.mp4,C,7,Lutz,7,C_Lutz_7,False,True,test,2928700,True
skater_C/cam_7/Lutz_8.mp4,C,7,Lutz,8,C_Lutz_8,False,True,train,2648609,True
skater_C/cam_7/Lutz_9.mp4,C,7,Lutz,9,C_Lutz_9,False,True,train,2664712,True
skater_C/cam_7/Salchow_1.mp4,C,7,Salchow,1,C_Salchow_1,False,True,train,2959703,True
skater_C/cam_7/Salchow_10.mp4,C,7,Salchow,10,C_Salchow_10,False,True,train,2933601,True
skater_C/cam_7/Salchow_2.mp4,C,7,Salchow,2,C_Salchow_2,False,True,train,2831407,True
skater_C/cam_7/Salchow_3.mp4,C,7,Salchow,3,C_Salchow_3,False,True,val,2884327,True
skater_C/cam_7/Salchow_4.mp4,C,7,Salchow,4,C_Salchow_4,False,True,test,2319558,True
skater_C/cam_7/Salchow_5.mp4,C,7,Salchow,5,C_Salchow_5,False,True,train,2906223,True
skater_C/cam_7/Salchow_6.mp4,C,7,Salchow,6,C_Salchow_6,False,True,train,2936152,True
skater_C/cam_7/Salchow_7.mp4,C,7,Salchow,7,C_Salchow_7,False,True,train,2986541,True
skater_C/cam_7/Salchow_8.mp4,C,7,Salchow,8,C_Salchow_8,False,True,val,2648840,True
skater_C/cam_7/Salchow_9.mp4,C,7,Salchow,9,C_Salchow_9,False,True,train,2681863,True
skater_C/cam_7/Toeloop_1.mp4,C,7,Toeloop,1,C_Toeloop_1,False,True,test,2403595,True
skater_C/cam_7/Toeloop_10.mp4,C,7,Toeloop,10,C_Toeloop_10,False,True,val,2875079,True
skater_C/cam_7/Toeloop_2.mp4,C,7,Toeloop,2,C_Toeloop_2,False,True,train,2620981,True
skater_C/cam_7/Toeloop_3.mp4,C,7,Toeloop,3,C_Toeloop_3,False,True,train,2538146,True
skater_C/cam_7/Toeloop_4.mp4,C,7,Toeloop,4,C_Toeloop_4,False,True,train,2650480,True
skater_C/cam_7/Toeloop_5.mp4,C,7,Toeloop,5,C_Toeloop_5,False,True,train,2869088,True
skater_C/cam_7/Toeloop_6.mp4,C,7,Toeloop,6,C_Toeloop_6,False,True,train,2992154,True
skater_C/cam_7/Toeloop_7.mp4,C,7,Toeloop,7,C_Toeloop_7,False,True,test,2872680,True
skater_C/cam_7/Toeloop_8.mp4,C,7,Toeloop,8,C_Toeloop_8,False,True,train,2821493,True
skater_C/cam_7/Toeloop_9.mp4,C,7,Toeloop,9,C_Toeloop_9,False,True,train,2817114,True
skater_C/cam_8/Axel_1.mp4,C,8,Axel,1,C_Axel_1,False,True,train,2249815,True
skater_C/cam_8/Axel_10.mp4,C,8,Axel,10,C_Axel_10,False,True,train,1601488,True
skater_C/cam_8/Axel_2.mp4,C,8,Axel,2,C_Axel_2,False,True,test,2464437,True
skater_C/cam_8/Axel_3.mp4,C,8,Axel,3,C_Axel_3,False,True,train,2319192,True
skater_C/cam_8/Axel_4.mp4,C,8,Axel,4,C_Axel_4,False,True,train,2648596,True
skater_C/cam_8/Axel_5.mp4,C,8,Axel,5,C_Axel_5,False,True,train,2649479,True
skater_C/cam_8/Axel_6.mp4,C,8,Axel,6,C_Axel_6,False,True,train,2493979,True
skater_C/cam_8/Axel_7.mp4,C,8,Axel,7,C_Axel_7,False,True,val,2239132,True
skater_C/cam_8/Axel_8.mp4,C,8,Axel,8,C_Axel_8,False,True,val,1821842,True
skater_C/cam_8/Axel_9.mp4,C,8,Axel,9,C_Axel_9,False,True,train,2471079,True
skater_C/cam_8/Flip_1.mp4,C,8,Flip,1,C_Flip_1,False,True,train,2205827,True
skater_C/cam_8/Flip_10.mp4,C,8,Flip,10,C_Flip_10,False,True,test,1997362,True
skater_C/cam_8/Flip_2.mp4,C,8,Flip,2,C_Flip_2,False,True,train,2252644,True
skater_C/cam_8/Flip_3.mp4,C,8,Flip,3,C_Flip_3,False,True,train,2065953,True
skater_C/cam_8/Flip_4.mp4,C,8,Flip,4,C_Flip_4,False,True,train,2284240,True
skater_C/cam_8/Flip_5.mp4,C,8,Flip,5,C_Flip_5,False,True,train,2279972,True
skater_C/cam_8/Flip_6.mp4,C,8,Flip,6,C_Flip_6,False,True,test,2653455,True
skater_C/cam_8/Flip_7.mp4,C,8,Flip,7,C_Flip_7,False,True,train,2748561,True
skater_C/cam_8/Flip_8.mp4,C,8,Flip,8,C_Flip_8,False,True,train,2784291,True
skater_C/cam_8/Flip_9.mp4,C,8,Flip,9,C_Flip_9,False,True,val,2028709,True
skater_C/cam_8/Loop_1.mp4,C,8,Loop,1,C_Loop_1,False,True,train,2650356,True
skater_C/cam_8/Loop_10.mp4,C,8,Loop,10,C_Loop_10,False,True,test,1846506,True
skater_C/cam_8/Loop_2.mp4,C,8,Loop,2,C_Loop_2,False,True,train,2294396,True
skater_C/cam_8/Loop_3.mp4,C,8,Loop,3,C_Loop_3,False,True,train,2492619,True
skater_C/cam_8/Loop_4.mp4,C,8,Loop,4,C_Loop_4,False,True,val,2650566,True
skater_C/cam_8/Loop_5.mp4,C,8,Loop,5,C_Loop_5,False,True,train,2171619,True
skater_C/cam_8/Loop_6.mp4,C,8,Loop,6,C_Loop_6,False,True,train,2479708,True
skater_C/cam_8/Loop_7.mp4,C,8,Loop,7,C_Loop_7,False,True,train,2340502,True
skater_C/cam_8/Loop_8.mp4,C,8,Loop,8,C_Loop_8,False,True,val,2734738,True
skater_C/cam_8/Loop_9.mp4,C,8,Loop,9,C_Loop_9,False,True,train,2182823,True
skater_C/cam_8/Lutz_1.mp4,C,8,Lutz,1,C_Lutz_1,False,True,val,2599098,True
skater_C/cam_8/Lutz_10.mp4,C,8,Lutz,10,C_Lutz_10,False,True,train,2567237,True
skater_C/cam_8/Lutz_2.mp4,C,8,Lutz,2,C_Lutz_2,False,True,test,2599385,True
skater_C/cam_8/Lutz_3.mp4,C,8,Lutz,3,C_Lutz_3,False,True,train,2275127,True
skater_C/cam_8/Lutz_4.mp4,C,8,Lutz,4,C_Lutz_4,False,True,train,2764575,True
skater_C/cam_8/Lutz_5.mp4,C,8,Lutz,5,C_Lutz_5,False,True,train,2167811,True
skater_C/cam_8/Lutz_6.mp4,C,8,Lutz,6,C_Lutz_6,False,True,train,2551848,True
skater_C/cam_8/Lutz_7.mp4,C,8,Lutz,7,C_Lutz_7,False,True,test,2724079,True
skater_C/cam_8/Lutz_8.mp4,C,8,Lutz,8,C_Lutz_8,False,True,train,2361824,True
skater_C/cam_8/Lutz_9.mp4,C,8,Lutz,9,C_Lutz_9,False,True,train,2292180,True
skater_C/cam_8/Salchow_1.mp4,C,8,Salchow,1,C_Salchow_1,False,True,train,2706681,True
skater_C/cam_8/Salchow_10.mp4,C,8,Salchow,10,C_Salchow_10,False,True,train,2625808,True
skater_C/cam_8/Salchow_2.mp4,C,8,Salchow,2,C_Salchow_2,False,True,train,2519695,True
skater_C/cam_8/Salchow_3.mp4,C,8,Salchow,3,C_Salchow_3,False,True,val,2499336,True
skater_C/cam_8/Salchow_4.mp4,C,8,Salchow,4,C_Salchow_4,False,True,test,1832259,True
skater_C/cam_8/Salchow_5.mp4,C,8,Salchow,5,C_Salchow_5,False,True,train,2610372,True
skater_C/cam_8/Salchow_6.mp4,C,8,Salchow,6,C_Salchow_6,False,True,train,2535708,True
skater_C/cam_8/Salchow_7.mp4,C,8,Salchow,7,C_Salchow_7,False,True,train,2657430,True
skater_C/cam_8/Salchow_8.mp4,C,8,Salchow,8,C_Salchow_8,False,True,val,2363431,True
skater_C/cam_8/Salchow_9.mp4,C,8,Salchow,9,C_Salchow_9,False,True,train,2423575,True
skater_C/cam_8/Toeloop_1.mp4,C,8,Toeloop,1,C_Toeloop_1,False,True,test,2043605,True
skater_C/cam_8/Toeloop_10.mp4,C,8,Toeloop,10,C_Toeloop_10,False,True,val,2551200,True
skater_C/cam_8/Toeloop_2.mp4,C,8,Toeloop,2,C_Toeloop_2,False,True,train,2342714,True
skater_C/cam_8/Toeloop_3.mp4,C,8,Toeloop,3,C_Toeloop_3,False,True,train,2295021,True
skater_C/cam_8/Toeloop_4.mp4,C,8,Toeloop,4,C_Toeloop_4,False,True,train,2419569,True
skater_C/cam_8/Toeloop_5.mp4,C,8,Toeloop,5,C_Toeloop_5,False,True,train,2715321,True
skater_C/cam_8/Toeloop_6.mp4,C,8,Toeloop,6,C_Toeloop_6,False,True,train,2671557,True
skater_C/cam_8/Toeloop_7.mp4,C,8,Toeloop,7,C_Toeloop_7,False,True,test,2664046,True
skater_C/cam_8/Toeloop_8.mp4,C,8,Toeloop,8,C_Toeloop_8,False,True,train,2590753,True
skater_C/cam_8/Toeloop_9.mp4,C,8,Toeloop,9,C_Toeloop_9,False,True,train,2632474,True
skater_C/cam_9/Axel_1.mp4,C,9,Axel,1,C_Axel_1,False,True,train,2457801,True
skater_C/cam_9/Axel_10.mp4,C,9,Axel,10,C_Axel_10,False,True,train,2093249,True
skater_C/cam_9/Axel_2.mp4,C,9,Axel,2,C_Axel_2,False,True,test,2721152,True
skater_C/cam_9/Axel_3.mp4,C,9,Axel,3,C_Axel_3,False,True,train,2484795,True
skater_C/cam_9/Axel_4.mp4,C,9,Axel,4,C_Axel_4,False,True,train,2744175,True
skater_C/cam_9/Axel_5.mp4,C,9,Axel,5,C_Axel_5,False,True,train,2835007,True
skater_C/cam_9/Axel_6.mp4,C,9,Axel,6,C_Axel_6,False,True,train,2723199,True
skater_C/cam_9/Axel_7.mp4,C,9,Axel,7,C_Axel_7,False,True,val,2561768,True
skater_C/cam_9/Axel_8.mp4,C,9,Axel,8,C_Axel_8,False,True,val,2234508,True
skater_C/cam_9/Axel_9.mp4,C,9,Axel,9,C_Axel_9,False,True,train,2481716,True
skater_C/cam_9/Flip_1.mp4,C,9,Flip,1,C_Flip_1,False,True,train,2280301,True
skater_C/cam_9/Flip_10.mp4,C,9,Flip,10,C_Flip_10,False,True,test,2277167,True
skater_C/cam_9/Flip_2.mp4,C,9,Flip,2,C_Flip_2,False,True,train,2414985,True
skater_C/cam_9/Flip_3.mp4,C,9,Flip,3,C_Flip_3,False,True,train,2257185,True
skater_C/cam_9/Flip_4.mp4,C,9,Flip,4,C_Flip_4,False,True,train,2452808,True
skater_C/cam_9/Flip_5.mp4,C,9,Flip,5,C_Flip_5,False,True,train,2546188,True
skater_C/cam_9/Flip_6.mp4,C,9,Flip,6,C_Flip_6,False,True,test,2785458,True
skater_C/cam_9/Flip_7.mp4,C,9,Flip,7,C_Flip_7,False,True,train,2866918,True
skater_C/cam_9/Flip_8.mp4,C,9,Flip,8,C_Flip_8,False,True,train,2835290,True
skater_C/cam_9/Flip_9.mp4,C,9,Flip,9,C_Flip_9,False,True,val,2262007,True
skater_C/cam_9/Loop_1.mp4,C,9,Loop,1,C_Loop_1,False,True,train,2829545,True
skater_C/cam_9/Loop_10.mp4,C,9,Loop,10,C_Loop_10,False,True,test,2189299,True
skater_C/cam_9/Loop_2.mp4,C,9,Loop,2,C_Loop_2,False,True,train,2564181,True
skater_C/cam_9/Loop_3.mp4,C,9,Loop,3,C_Loop_3,False,True,train,2549655,True
skater_C/cam_9/Loop_4.mp4,C,9,Loop,4,C_Loop_4,False,True,val,2987877,True
skater_C/cam_9/Loop_5.mp4,C,9,Loop,5,C_Loop_5,False,True,train,2314227,True
skater_C/cam_9/Loop_6.mp4,C,9,Loop,6,C_Loop_6,False,True,train,2594227,True
skater_C/cam_9/Loop_7.mp4,C,9,Loop,7,C_Loop_7,False,True,train,2531974,True
skater_C/cam_9/Loop_8.mp4,C,9,Loop,8,C_Loop_8,False,True,val,2726609,True
skater_C/cam_9/Loop_9.mp4,C,9,Loop,9,C_Loop_9,False,True,train,2340638,True
skater_C/cam_9/Lutz_1.mp4,C,9,Lutz,1,C_Lutz_1,False,True,val,2794707,True
skater_C/cam_9/Lutz_10.mp4,C,9,Lutz,10,C_Lutz_10,False,True,train,2614481,True
skater_C/cam_9/Lutz_2.mp4,C,9,Lutz,2,C_Lutz_2,False,True,test,2583036,True
skater_C/cam_9/Lutz_3.mp4,C,9,Lutz,3,C_Lutz_3,False,True,train,2406162,True
skater_C/cam_9/Lutz_4.mp4,C,9,Lutz,4,C_Lutz_4,False,True,train,2874573,True
skater_C/cam_9/Lutz_5.mp4,C,9,Lutz,5,C_Lutz_5,False,True,train,2271724,True
skater_C/cam_9/Lutz_6.mp4,C,9,Lutz,6,C_Lutz_6,False,True,train,2755479,True
skater_C/cam_9/Lutz_7.mp4,C,9,Lutz,7,C_Lutz_7,False,True,test,2814059,True
skater_C/cam_9/Lutz_8.mp4,C,9,Lutz,8,C_Lutz_8,False,True,train,2523255,True
skater_C/cam_9/Lutz_9.mp4,C,9,Lutz,9,C_Lutz_9,False,True,train,2523263,True
skater_C/cam_9/Salchow_1.mp4,C,9,Salchow,1,C_Salchow_1,False,True,train,2814966,True
skater_C/cam_9/Salchow_10.mp4,C,9,Salchow,10,C_Salchow_10,False,True,train,2801621,True
skater_C/cam_9/Salchow_2.mp4,C,9,Salchow,2,C_Salchow_2,False,True,train,2698765,True
skater_C/cam_9/Salchow_3.mp4,C,9,Salchow,3,C_Salchow_3,False,True,val,2729691,True
skater_C/cam_9/Salchow_4.mp4,C,9,Salchow,4,C_Salchow_4,False,True,test,2208158,True
skater_C/cam_9/Salchow_5.mp4,C,9,Salchow,5,C_Salchow_5,False,True,train,2747931,True
skater_C/cam_9/Salchow_6.mp4,C,9,Salchow,6,C_Salchow_6,False,True,train,2775344,True
skater_C/cam_9/Salchow_7.mp4,C,9,Salchow,7,C_Salchow_7,False,True,train,2771588,True
skater_C/cam_9/Salchow_8.mp4,C,9,Salchow,8,C_Salchow_8,False,True,val,2560067,True
skater_C/cam_9/Salchow_9.mp4,C,9,Salchow,9,C_Salchow_9,False,True,train,2544272,True
skater_C/cam_9/Toeloop_1.mp4,C,9,Toeloop,1,C_Toeloop_1,False,True,test,2353310,True
skater_C/cam_9/Toeloop_10.mp4,C,9,Toeloop,10,C_Toeloop_10,False,True,val,2811118,True
skater_C/cam_9/Toeloop_2.mp4,C,9,Toeloop,2,C_Toeloop_2,False,True,train,2487581,True
skater_C/cam_9/Toeloop_3.mp4,C,9,Toeloop,3,C_Toeloop_3,False,True,train,2430244,True
skater_C/cam_9/Toeloop_4.mp4,C,9,Toeloop,4,C_Toeloop_4,False,True,train,2603712,True
skater_C/cam_9/Toeloop_5.mp4,C,9,Toeloop,5,C_Toeloop_5,False,True,train,2857612,True
skater_C/cam_9/Toeloop_6.mp4,C,9,Toeloop,6,C_Toeloop_6,False,True,train,2725405,True
skater_C/cam_9/Toeloop_7.mp4,C,9,Toeloop,7,C_Toeloop_7,False,True,test,2840055,True
skater_C/cam_9/Toeloop_8.mp4,C,9,Toeloop,8,C_Toeloop_8,False,True,train,2778631,True
skater_C/cam_9/Toeloop_9.mp4,C,9,Toeloop,9,C_Toeloop_9,False,True,train,2849101,True
skater_D/cam_1/Axel_1.mp4,D,1,Axel,1,D_Axel_1,False,True,train,2618586,True
skater_D/cam_1/Axel_10.mp4,D,1,Axel,10,D_Axel_10,False,True,test,3095385,True
skater_D/cam_1/Axel_2.mp4,D,1,Axel,2,D_Axel_2,False,True,train,2954345,True
skater_D/cam_1/Axel_3.mp4,D,1,Axel,3,D_Axel_3,False,True,train,2785847,True
skater_D/cam_1/Axel_4.mp4,D,1,Axel,4,D_Axel_4,False,True,train,2969292,True
skater_D/cam_1/Axel_5.mp4,D,1,Axel,5,D_Axel_5,False,True,train,2637525,True
skater_D/cam_1/Axel_6.mp4,D,1,Axel,6,D_Axel_6,False,True,train,2907042,True
skater_D/cam_1/Axel_7.mp4,D,1,Axel,7,D_Axel_7,False,True,val,2365535,True
skater_D/cam_1/Axel_8.mp4,D,1,Axel,8,D_Axel_8,False,True,train,2980525,True
skater_D/cam_1/Axel_9.mp4,D,1,Axel,9,D_Axel_9,False,True,val,2592156,True
skater_D/cam_1/Flip_1.mp4,D,1,Flip,1,D_Flip_1,False,True,train,2681723,True
skater_D/cam_1/Flip_10.mp4,D,1,Flip,10,D_Flip_10,False,True,train,3012648,True
skater_D/cam_1/Flip_2.mp4,D,1,Flip,2,D_Flip_2,False,True,test,3003060,True
skater_D/cam_1/Flip_3.mp4,D,1,Flip,3,D_Flip_3,False,True,train,2698326,True
skater_D/cam_1/Flip_4.mp4,D,1,Flip,4,D_Flip_4,False,True,val,3037190,True
skater_D/cam_1/Flip_5.mp4,D,1,Flip,5,D_Flip_5,False,True,train,2908574,True
skater_D/cam_1/Flip_6.mp4,D,1,Flip,6,D_Flip_6,False,True,train,2608641,True
skater_D/cam_1/Flip_7.mp4,D,1,Flip,7,D_Flip_7,False,True,train,2965119,True
skater_D/cam_1/Flip_8.mp4,D,1,Flip,8,D_Flip_8,False,True,test,2383669,True
skater_D/cam_1/Flip_9.mp4,D,1,Flip,9,D_Flip_9,False,True,train,2726182,True
skater_D/cam_1/Loop_1.mp4,D,1,Loop,1,D_Loop_1,False,True,train,3042187,True
skater_D/cam_1/Loop_10.mp4,D,1,Loop,10,D_Loop_10,False,True,train,2953321,True
skater_D/cam_1/Loop_2.mp4,D,1,Loop,2,D_Loop_2,False,True,train,2708653,True
skater_D/cam_1/Loop_3.mp4,D,1,Loop,3,D_Loop_3,False,True,train,2420417,True
skater_D/cam_1/Loop_4.mp4,D,1,Loop,4,D_Loop_4,False,True,test,2547761,True
skater_D/cam_1/Loop_5.mp4,D,1,Loop,5,D_Loop_5,False,True,val,2985239,True
skater_D/cam_1/Loop_6.mp4,D,1,Loop,6,D_Loop_6,False,True,val,2944227,True
skater_D/cam_1/Loop_7.mp4,D,1,Loop,7,D_Loop_7,False,True,train,2952261,True
skater_D/cam_1/Loop_8.mp4,D,1,Loop,8,D_Loop_8,False,True,train,2917701,True
skater_D/cam_1/Loop_9.mp4,D,1,Loop,9,D_Loop_9,False,True,train,2968357,True
skater_D/cam_1/Lutz_1.mp4,D,1,Lutz,1,D_Lutz_1,False,True,val,2923357,True
skater_D/cam_1/Lutz_10.mp4,D,1,Lutz,10,D_Lutz_10,False,True,test,2863568,True
skater_D/cam_1/Lutz_2.mp4,D,1,Lutz,2,D_Lutz_2,False,True,train,2886403,True
skater_D/cam_1/Lutz_3.mp4,D,1,Lutz,3,D_Lutz_3,False,True,train,2923313,True
skater_D/cam_1/Lutz_4.mp4,D,1,Lutz,4,D_Lutz_4,False,True,train,2730671,True
skater_D/cam_1/Lutz_5.mp4,D,1,Lutz,5,D_Lutz_5,False,True,test,2780065,True
skater_D/cam_1/Lutz_6.mp4,D,1,Lutz,6,D_Lutz_6,False,True,train,3021145,True
skater_D/cam_1/Lutz_7.mp4,D,1,Lutz,7,D_Lutz_7,False,True,train,2683677,True
skater_D/cam_1/Lutz_8.mp4,D,1,Lutz,8,D_Lutz_8,False,True,train,2620418,True
skater_D/cam_1/Lutz_9.mp4,D,1,Lutz,9,D_Lutz_9,False,True,train,3013309,True
skater_D/cam_1/Salchow_1.mp4,D,1,Salchow,1,D_Salchow_1,False,True,test,2603303,True
skater_D/cam_1/Salchow_10.mp4,D,1,Salchow,10,D_Salchow_10,False,True,val,3044678,True
skater_D/cam_1/Salchow_2.mp4,D,1,Salchow,2,D_Salchow_2,False,True,train,2908377,True
skater_D/cam_1/Salchow_3.mp4,D,1,Salchow,3,D_Salchow_3,False,True,val,2997085,True
skater_D/cam_1/Salchow_4.mp4,D,1,Salchow,4,D_Salchow_4,False,True,train,2890786,True
skater_D/cam_1/Salchow_5.mp4,D,1,Salchow,5,D_Salchow_5,False,True,train,3094873,True
skater_D/cam_1/Salchow_6.mp4,D,1,Salchow,6,D_Salchow_6,False,True,train,3106084,True
skater_D/cam_1/Salchow_7.mp4,D,1,Salchow,7,D_Salchow_7,False,True,train,2874279,True
skater_D/cam_1/Salchow_8.mp4,D,1,Salchow,8,D_Salchow_8,False,True,train,2878289,True
skater_D/cam_1/Salchow_9.mp4,D,1,Salchow,9,D_Salchow_9,False,True,train,3088428,True
skater_D/cam_1/Toeloop_1.mp4,D,1,Toeloop,1,D_Toeloop_1,False,True,train,3012106,True
skater_D/cam_1/Toeloop_10.mp4,D,1,Toeloop,10,D_Toeloop_10,False,True,train,2803333,True
skater_D/cam_1/Toeloop_2.mp4,D,1,Toeloop,2,D_Toeloop_2,False,True,val,2785084,True
skater_D/cam_1/Toeloop_3.mp4,D,1,Toeloop,3,D_Toeloop_3,False,True,test,2661341,True
skater_D/cam_1/Toeloop_4.mp4,D,1,Toeloop,4,D_Toeloop_4,False,True,train,2944203,True
skater_D/cam_1/Toeloop_5.mp4,D,1,Toeloop,5,D_Toeloop_5,False,True,train,2884680,True
skater_D/cam_1/Toeloop_6.mp4,D,1,Toeloop,6,D_Toeloop_6,False,True,train,2513065,True
skater_D/cam_1/Toeloop_7.mp4,D,1,Toeloop,7,D_Toeloop_7,False,True,train,2960310,True
skater_D/cam_1/Toeloop_8.mp4,D,1,Toeloop,8,D_Toeloop_8,False,True,test,3076846,True
skater_D/cam_1/Toeloop_9.mp4,D,1,Toeloop,9,D_Toeloop_9,False,True,train,2871172,True
skater_D/cam_10/Axel_1.mp4,D,10,Axel,1,D_Axel_1,False,True,train,2479074,True
skater_D/cam_10/Axel_10.mp4,D,10,Axel,10,D_Axel_10,False,True,test,2896270,True
skater_D/cam_10/Axel_2.mp4,D,10,Axel,2,D_Axel_2,False,True,train,2503935,True
skater_D/cam_10/Axel_3.mp4,D,10,Axel,3,D_Axel_3,False,True,train,2155787,True
skater_D/cam_10/Axel_4.mp4,D,10,Axel,4,D_Axel_4,False,True,train,2930519,True
skater_D/cam_10/Axel_5.mp4,D,10,Axel,5,D_Axel_5,False,True,train,2618341,True
skater_D/cam_10/Axel_6.mp4,D,10,Axel,6,D_Axel_6,False,True,train,2717115,True
skater_D/cam_10/Axel_7.mp4,D,10,Axel,7,D_Axel_7,False,True,val,2115616,True
skater_D/cam_10/Axel_8.mp4,D,10,Axel,8,D_Axel_8,False,True,train,2653248,True
skater_D/cam_10/Axel_9.mp4,D,10,Axel,9,D_Axel_9,False,True,val,2514994,True
skater_D/cam_10/Flip_1.mp4,D,10,Flip,1,D_Flip_1,False,True,train,2469546,True
skater_D/cam_10/Flip_10.mp4,D,10,Flip,10,D_Flip_10,False,True,train,2928979,True
skater_D/cam_10/Flip_2.mp4,D,10,Flip,2,D_Flip_2,False,True,test,2606431,True
skater_D/cam_10/Flip_3.mp4,D,10,Flip,3,D_Flip_3,False,True,train,2187040,True
skater_D/cam_10/Flip_4.mp4,D,10,Flip,4,D_Flip_4,False,True,val,2879054,True
skater_D/cam_10/Flip_5.mp4,D,10,Flip,5,D_Flip_5,False,True,train,2902631,True
skater_D/cam_10/Flip_6.mp4,D,10,Flip,6,D_Flip_6,False,True,train,2507024,True
skater_D/cam_10/Flip_7.mp4,D,10,Flip,7,D_Flip_7,False,True,train,2952656,True
skater_D/cam_10/Flip_8.mp4,D,10,Flip,8,D_Flip_8,False,True,test,2316444,True
skater_D/cam_10/Flip_9.mp4,D,10,Flip,9,D_Flip_9,False,True,train,2661315,True
skater_D/cam_10/Loop_1.mp4,D,10,Loop,1,D_Loop_1,False,True,train,2855230,True
skater_D/cam_10/Loop_10.mp4,D,10,Loop,10,D_Loop_10,False,True,train,2977625,True
skater_D/cam_10/Loop_2.mp4,D,10,Loop,2,D_Loop_2,False,True,train,2469307,True
skater_D/cam_10/Loop_3.mp4,D,10,Loop,3,D_Loop_3,False,True,train,2286655,True
skater_D/cam_10/Loop_4.mp4,D,10,Loop,4,D_Loop_4,False,True,test,2225404,True
skater_D/cam_10/Loop_5.mp4,D,10,Loop,5,D_Loop_5,False,True,val,2494173,True
skater_D/cam_10/Loop_6.mp4,D,10,Loop,6,D_Loop_6,False,True,val,2393750,True
skater_D/cam_10/Loop_7.mp4,D,10,Loop,7,D_Loop_7,False,True,train,2954360,True
skater_D/cam_10/Loop_8.mp4,D,10,Loop,8,D_Loop_8,False,True,train,2504864,True
skater_D/cam_10/Loop_9.mp4,D,10,Loop,9,D_Loop_9,False,True,train,2781519,True
skater_D/cam_10/Lutz_1.mp4,D,10,Lutz,1,D_Lutz_1,False,True,val,2339342,True
skater_D/cam_10/Lutz_10.mp4,D,10,Lutz,10,D_Lutz_10,False,True,test,2252778,True
skater_D/cam_10/Lutz_2.mp4,D,10,Lutz,2,D_Lutz_2,False,True,train,2994848,True
skater_D/cam_10/Lutz_3.mp4,D,10,Lutz,3,D_Lutz_3,False,True,train,2305072,True
skater_D/cam_10/Lutz_4.mp4,D,10,Lutz,4,D_Lutz_4,False,True,train,2661660,True
skater_D/cam_10/Lutz_5.mp4,D,10,Lutz,5,D_Lutz_5,False,True,test,2202282,True
skater_D/cam_10/Lutz_6.mp4,D,10,Lutz,6,D_Lutz_6,False,True,train,2884786,True
skater_D/cam_10/Lutz_7.mp4,D,10,Lutz,7,D_Lutz_7,False,True,train,2582616,True
skater_D/cam_10/Lutz_8.mp4,D,10,Lutz,8,D_Lutz_8,False,True,train,2492299,True
skater_D/cam_10/Lutz_9.mp4,D,10,Lutz,9,D_Lutz_9,False,True,train,2504426,True
skater_D/cam_10/Salchow_1.mp4,D,10,Salchow,1,D_Salchow_1,False,True,test,2657132,True
skater_D/cam_10/Salchow_10.mp4,D,10,Salchow,10,D_Salchow_10,False,True,val,2905445,True
skater_D/cam_10/Salchow_2.mp4,D,10,Salchow,2,D_Salchow_2,False,True,train,2534994,True
skater_D/cam_10/Salchow_3.mp4,D,10,Salchow,3,D_Salchow_3,False,True,val,2655164,True
skater_D/cam_10/Salchow_4.mp4,D,10,Salchow,4,D_Salchow_4,False,True,train,2889617,True
skater_D/cam_10/Salchow_5.mp4,D,10,Salchow,5,D_Salchow_5,False,True,train,2894154,True
skater_D/cam_10/Salchow_6.mp4,D,10,Salchow,6,D_Salchow_6,False,True,train,2780015,True
skater_D/cam_10/Salchow_7.mp4,D,10,Salchow,7,D_Salchow_7,False,True,train,2999118,True
skater_D/cam_10/Salchow_8.mp4,D,10,Salchow,8,D_Salchow_8,False,True,train,2817888,True
skater_D/cam_10/Salchow_9.mp4,D,10,Salchow,9,D_Salchow_9,False,True,train,2738239,True
skater_D/cam_10/Toeloop_1.mp4,D,10,Toeloop,1,D_Toeloop_1,False,True,train,2676677,True
skater_D/cam_10/Toeloop_10.mp4,D,10,Toeloop,10,D_Toeloop_10,False,True,train,2216367,True
skater_D/cam_10/Toeloop_2.mp4,D,10,Toeloop,2,D_Toeloop_2,False,True,val,2402101,True
skater_D/cam_10/Toeloop_3.mp4,D,10,Toeloop,3,D_Toeloop_3,False,True,test,2164894,True
skater_D/cam_10/Toeloop_4.mp4,D,10,Toeloop,4,D_Toeloop_4,False,True,train,2520866,True
skater_D/cam_10/Toeloop_5.mp4,D,10,Toeloop,5,D_Toeloop_5,False,True,train,2498370,True
skater_D/cam_10/Toeloop_6.mp4,D,10,Toeloop,6,D_Toeloop_6,False,True,train,2175024,True
skater_D/cam_10/Toeloop_7.mp4,D,10,Toeloop,7,D_Toeloop_7,False,True,train,2818389,True
skater_D/cam_10/Toeloop_8.mp4,D,10,Toeloop,8,D_Toeloop_8,False,True,test,2904483,True
skater_D/cam_10/Toeloop_9.mp4,D,10,Toeloop,9,D_Toeloop_9,False,True,train,2774336,True
skater_D/cam_11/Axel_1.mp4,D,11,Axel,1,D_Axel_1,False,True,train,2752860,True
skater_D/cam_11/Axel_10.mp4,D,11,Axel,10,D_Axel_10,False,True,test,3252990,True
skater_D/cam_11/Axel_2.mp4,D,11,Axel,2,D_Axel_2,False,True,train,2806880,True
skater_D/cam_11/Axel_3.mp4,D,11,Axel,3,D_Axel_3,False,True,train,2697466,True
skater_D/cam_11/Axel_4.mp4,D,11,Axel,4,D_Axel_4,False,True,train,3306043,True
skater_D/cam_11/Axel_5.mp4,D,11,Axel,5,D_Axel_5,False,True,train,2981478,True
skater_D/cam_11/Axel_6.mp4,D,11,Axel,6,D_Axel_6,False,True,train,3175055,True
skater_D/cam_11/Axel_7.mp4,D,11,Axel,7,D_Axel_7,False,True,val,2539109,True
skater_D/cam_11/Axel_8.mp4,D,11,Axel,8,D_Axel_8,False,True,train,3003141,True
skater_D/cam_11/Axel_9.mp4,D,11,Axel,9,D_Axel_9,False,True,val,2817402,True
skater_D/cam_11/Flip_1.mp4,D,11,Flip,1,D_Flip_1,False,True,train,2839734,True
skater_D/cam_11/Flip_10.mp4,D,11,Flip,10,D_Flip_10,False,True,train,3327318,True
skater_D/cam_11/Flip_2.mp4,D,11,Flip,2,D_Flip_2,False,True,test,2971932,True
skater_D/cam_11/Flip_3.mp4,D,11,Flip,3,D_Flip_3,False,True,train,2654942,True
skater_D/cam_11/Flip_4.mp4,D,11,Flip,4,D_Flip_4,False,True,val,3381800,True
skater_D/cam_11/Flip_5.mp4,D,11,Flip,5,D_Flip_5,False,True,train,3292397,True
skater_D/cam_11/Flip_6.mp4,D,11,Flip,6,D_Flip_6,False,True,train,2865086,True
skater_D/cam_11/Flip_7.mp4,D,11,Flip,7,D_Flip_7,False,True,train,3378084,True
skater_D/cam_11/Flip_8.mp4,D,11,Flip,8,D_Flip_8,False,True,test,2745484,True
skater_D/cam_11/Flip_9.mp4,D,11,Flip,9,D_Flip_9,False,True,train,3138609,True
skater_D/cam_11/Loop_1.mp4,D,11,Loop,1,D_Loop_1,False,True,train,3215526,True
skater_D/cam_11/Loop_10.mp4,D,11,Loop,10,D_Loop_10,False,True,train,3258083,True
skater_D/cam_11/Loop_2.mp4,D,11,Loop,2,D_Loop_2,False,True,train,2846706,True
skater_D/cam_11/Loop_3.mp4,D,11,Loop,3,D_Loop_3,False,True,train,2641875,True
skater_D/cam_11/Loop_4.mp4,D,11,Loop,4,D_Loop_4,False,True,test,2680099,True
skater_D/cam_11/Loop_5.mp4,D,11,Loop,5,D_Loop_5,False,True,val,2886327,True
skater_D/cam_11/Loop_6.mp4,D,11,Loop,6,D_Loop_6,False,True,val,2845107,True
skater_D/cam_11/Loop_7.mp4,D,11,Loop,7,D_Loop_7,False,True,train,3288025,True
skater_D/cam_11/Loop_8.mp4,D,11,Loop,8,D_Loop_8,False,True,train,2965964,True
skater_D/cam_11/Loop_9.mp4,D,11,Loop,9,D_Loop_9,False,True,train,3145644,True
skater_D/cam_11/Lutz_1.mp4,D,11,Lutz,1,D_Lutz_1,False,True,val,2789773,True
skater_D/cam_11/Lutz_10.mp4,D,11,Lutz,10,D_Lutz_10,False,True,test,2592805,True
skater_D/cam_11/Lutz_2.mp4,D,11,Lutz,2,D_Lutz_2,False,True,train,3255877,True
skater_D/cam_11/Lutz_3.mp4,D,11,Lutz,3,D_Lutz_3,False,True,train,2679421,True
skater_D/cam_11/Lutz_4.mp4,D,11,Lutz,4,D_Lutz_4,False,True,train,3043006,True
skater_D/cam_11/Lutz_5.mp4,D,11,Lutz,5,D_Lutz_5,False,True,test,2562470,True
skater_D/cam_11/Lutz_6.mp4,D,11,Lutz,6,D_Lutz_6,False,True,train,3257873,True
skater_D/cam_11/Lutz_7.mp4,D,11,Lutz,7,D_Lutz_7,False,True,train,2929571,True
skater_D/cam_11/Lutz_8.mp4,D,11,Lutz,8,D_Lutz_8,False,True,train,2786403,True
skater_D/cam_11/Lutz_9.mp4,D,11,Lutz,9,D_Lutz_9,False,True,train,2932697,True
skater_D/cam_11/Salchow_1.mp4,D,11,Salchow,1,D_Salchow_1,False,True,test,3032861,True
skater_D/cam_11/Salchow_10.mp4,D,11,Salchow,10,D_Salchow_10,False,True,val,3420698,True
skater_D/cam_11/Salchow_2.mp4,D,11,Salchow,2,D_Salchow_2,False,True,train,2978058,True
skater_D/cam_11/Salchow_3.mp4,D,11,Salchow,3,D_Salchow_3,False,True,val,3097253,True
skater_D/cam_11/Salchow_4.mp4,D,11,Salchow,4,D_Salchow_4,False,True,train,3224888,True
skater_D/cam_11/Salchow_5.mp4,D,11,Salchow,5,D_Salchow_5,False,True,train,3292016,True
skater_D/cam_11/Salchow_6.mp4,D,11,Salchow,6,D_Salchow_6,False,True,train,3172751,True
skater_D/cam_11/Salchow_7.mp4,D,11,Salchow,7,D_Salchow_7,False,True,train,3285813,True
skater_D/cam_11/Salchow_8.mp4,D,11,Salchow,8,D_Salchow_8,False,True,train,3326758,True
skater_D/cam_11/Salchow_9.mp4,D,11,Salchow,9,D_Salchow_9,False,True,train,3169699,True
skater_D/cam_11/Toeloop_1.mp4,D,11,Toeloop,1,D_Toeloop_1,False,True,train,3096385,True
skater_D/cam_11/Toeloop_10.mp4,D,11,Toeloop,10,D_Toeloop_10,False,True,train,2631902,True
skater_D/cam_11/Toeloop_2.mp4,D,11,Toeloop,2,D_Toeloop_2,False,True,val,2751490,True
skater_D/cam_11/Toeloop_3.mp4,D,11,Toeloop,3,D_Toeloop_3,False,True,test,2539478,True
skater_D/cam_11/Toeloop_4.mp4,D,11,Toeloop,4,D_Toeloop_4,False,True,train,2923002,True
skater_D/cam_11/Toeloop_5.mp4,D,11,Toeloop,5,D_Toeloop_5,False,True,train,2872177,True
skater_D/cam_11/Toeloop_6.mp4,D,11,Toeloop,6,D_Toeloop_6,False,True,train,2537463,True
skater_D/cam_11/Toeloop_7.mp4,D,11,Toeloop,7,D_Toeloop_7,False,True,train,3169048,True
skater_D/cam_11/Toeloop_8.mp4,D,11,Toeloop,8,D_Toeloop_8,False,True,test,3296992,True
skater_D/cam_11/Toeloop_9.mp4,D,11,Toeloop,9,D_Toeloop_9,False,True,train,3188896,True
skater_D/cam_12/Axel_1.mp4,D,12,Axel,1,D_Axel_1,False,True,train,2907782,True
skater_D/cam_12/Axel_10.mp4,D,12,Axel,10,D_Axel_10,False,True,test,3370457,True
skater_D/cam_12/Axel_2.mp4,D,12,Axel,2,D_Axel_2,False,True,train,2989760,True
skater_D/cam_12/Axel_3.mp4,D,12,Axel,3,D_Axel_3,False,True,train,2734957,True
skater_D/cam_12/Axel_4.mp4,D,12,Axel,4,D_Axel_4,False,True,train,3391020,True
skater_D/cam_12/Axel_5.mp4,D,12,Axel,5,D_Axel_5,False,True,train,2995911,True
skater_D/cam_12/Axel_6.mp4,D,12,Axel,6,D_Axel_6,False,True,train,3201278,True
skater_D/cam_12/Axel_7.mp4,D,12,Axel,7,D_Axel_7,False,True,val,2712006,True
skater_D/cam_12/Axel_8.mp4,D,12,Axel,8,D_Axel_8,False,True,train,3150206,True
skater_D/cam_12/Axel_9.mp4,D,12,Axel,9,D_Axel_9,False,True,val,2993659,True
skater_D/cam_12/Flip_1.mp4,D,12,Flip,1,D_Flip_1,False,True,train,3041734,True
skater_D/cam_12/Flip_10.mp4,D,12,Flip,10,D_Flip_10,False,True,train,3440031,True
skater_D/cam_12/Flip_2.mp4,D,12,Flip,2,D_Flip_2,False,True,test,3210259,True
skater_D/cam_12/Flip_3.mp4,D,12,Flip,3,D_Flip_3,False,True,train,2778409,True
skater_D/cam_12/Flip_4.mp4,D,12,Flip,4,D_Flip_4,False,True,val,3495804,True
skater_D/cam_12/Flip_5.mp4,D,12,Flip,5,D_Flip_5,False,True,train,3406694,True
skater_D/cam_12/Flip_6.mp4,D,12,Flip,6,D_Flip_6,False,True,train,3054733,True
skater_D/cam_12/Flip_7.mp4,D,12,Flip,7,D_Flip_7,False,True,train,3462401,True
skater_D/cam_12/Flip_8.mp4,D,12,Flip,8,D_Flip_8,False,True,test,2732396,True
skater_D/cam_12/Flip_9.mp4,D,12,Flip,9,D_Flip_9,False,True,train,3243523,True
skater_D/cam_12/Loop_1.mp4,D,12,Loop,1,D_Loop_1,False,True,train,3334152,True
skater_D/cam_12/Loop_10.mp4,D,12,Loop,10,D_Loop_10,False,True,train,3510311,True
skater_D/cam_12/Loop_2.mp4,D,12,Loop,2,D_Loop_2,False,True,train,2990280,True
skater_D/cam_12/Loop_3.mp4,D,12,Loop,3,D_Loop_3,False,True,train,2861303,True
skater_D/cam_12/Loop_4.mp4,D,12,Loop,4,D_Loop_4,False,True,test,2835482,True
skater_D/cam_12/Loop_5.mp4,D,12,Loop,5,D_Loop_5,False,True,val,3179943,True
skater_D/cam_12/Loop_6.mp4,D,12,Loop,6,D_Loop_6,False,True,val,3039083,True
skater_D/cam_12/Loop_7.mp4,D,12,Loop,7,D_Loop_7,False,True,train,3553532,True
skater_D/cam_12/Loop_8.mp4,D,12,Loop,8,D_Loop_8,False,True,train,3156910,True
skater_D/cam_12/Loop_9.mp4,D,12,Loop,9,D_Loop_9,False,True,train,3326127,True
skater_D/cam_12/Lutz_1.mp4,D,12,Lutz,1,D_Lutz_1,False,True,val,2908596,True
skater_D/cam_12/Lutz_10.mp4,D,12,Lutz,10,D_Lutz_10,False,True,test,2689795,True
skater_D/cam_12/Lutz_2.mp4,D,12,Lutz,2,D_Lutz_2,False,True,train,3450903,True
skater_D/cam_12/Lutz_3.mp4,D,12,Lutz,3,D_Lutz_3,False,True,train,2856105,True
skater_D/cam_12/Lutz_4.mp4,D,12,Lutz,4,D_Lutz_4,False,True,train,3126154,True
skater_D/cam_12/Lutz_5.mp4,D,12,Lutz,5,D_Lutz_5,False,True,test,2659096,True
skater_D/cam_12/Lutz_6.mp4,D,12,Lutz,6,D_Lutz_6,False,True,train,3331247,True
skater_D/cam_12/Lutz_7.mp4,D,12,Lutz,7,D_Lutz_7,False,True,train,2999822,True
skater_D/cam_12/Lutz_8.mp4,D,12,Lutz,8,D_Lutz_8,False,True,train,2915186,True
skater_D/cam_12/Lutz_9.mp4,D,12,Lutz,9,D_Lutz_9,False,True,train,2985393,True
skater_D/cam_12/Salchow_1.mp4,D,12,Salchow,1,D_Salchow_1,False,True,test,3247148,True
skater_D/cam_12/Salchow_10.mp4,D,12,Salchow,10,D_Salchow_10,False,True,val,3561307,True
skater_D/cam_12/Salchow_2.mp4,D,12,Salchow,2,D_Salchow_2,False,True,train,3079498,True
skater_D/cam_12/Salchow_3.mp4,D,12,Salchow,3,D_Salchow_3,False,True,val,3327335,True
skater_D/cam_12/Salchow_4.mp4,D,12,Salchow,4,D_Salchow_4,False,True,train,3528852,True
skater_D/cam_12/Salchow_5.mp4,D,12,Salchow,5,D_Salchow_5,False,True,train,3391203,True
skater_D/cam_12/Salchow_6.mp4,D,12,Salchow,6,D_Salchow_6,False,True,train,3350246,True
skater_D/cam_12/Salchow_7.mp4,D,12,Salchow,7,D_Salchow_7,False,True,train,3530218,True
skater_D/cam_12/Salchow_8.mp4,D,12,Salchow,8,D_Salchow_8,False,True,train,3629939,True
skater_D/cam_12/Salchow_9.mp4,D,12,Salchow,9,D_Salchow_9,False,True,train,3445677,True
skater_D/cam_12/Toeloop_1.mp4,D,12,Toeloop,1,D_Toeloop_1,False,True,train,3192866,True
skater_D/cam_12/Toeloop_10.mp4,D,12,Toeloop,10,D_Toeloop_10,False,True,train,2726540,True
skater_D/cam_12/Toeloop_2.mp4,D,12,Toeloop,2,D_Toeloop_2,False,True,val,2954012,True
skater_D/cam_12/Toeloop_3.mp4,D,12,Toeloop,3,D_Toeloop_3,False,True,test,2695251,True
skater_D/cam_12/Toeloop_4.mp4,D,12,Toeloop,4,D_Toeloop_4,False,True,train,3089391,True
skater_D/cam_12/Toeloop_5.mp4,D,12,Toeloop,5,D_Toeloop_5,False,True,train,3059968,True
skater_D/cam_12/Toeloop_6.mp4,D,12,Toeloop,6,D_Toeloop_6,False,True,train,2688471,True
skater_D/cam_12/Toeloop_7.mp4,D,12,Toeloop,7,D_Toeloop_7,False,True,train,3415755,True
skater_D/cam_12/Toeloop_8.mp4,D,12,Toeloop,8,D_Toeloop_8,False,True,test,3530828,True
skater_D/cam_12/Toeloop_9.mp4,D,12,Toeloop,9,D_Toeloop_9,False,True,train,3361482,True
skater_D/cam_2/Axel_1.mp4,D,2,Axel,1,D_Axel_1,False,True,train,2405977,True
skater_D/cam_2/Axel_10.mp4,D,2,Axel,10,D_Axel_10,False,True,test,3092164,True
skater_D/cam_2/Axel_2.mp4,D,2,Axel,2,D_Axel_2,False,True,train,2922621,True
skater_D/cam_2/Axel_3.mp4,D,2,Axel,3,D_Axel_3,False,True,train,2777872,True
skater_D/cam_2/Axel_4.mp4,D,2,Axel,4,D_Axel_4,False,True,train,2895029,True
skater_D/cam_2/Axel_5.mp4,D,2,Axel,5,D_Axel_5,False,True,train,2464544,True
skater_D/cam_2/Axel_6.mp4,D,2,Axel,6,D_Axel_6,False,True,train,2765687,True
skater_D/cam_2/Axel_7.mp4,D,2,Axel,7,D_Axel_7,False,True,val,2324608,True
skater_D/cam_2/Axel_8.mp4,D,2,Axel,8,D_Axel_8,False,True,train,3049861,True
skater_D/cam_2/Axel_9.mp4,D,2,Axel,9,D_Axel_9,False,True,val,2482190,True
skater_D/cam_2/Flip_1.mp4,D,2,Flip,1,D_Flip_1,False,True,train,2939463,True
skater_D/cam_2/Flip_10.mp4,D,2,Flip,10,D_Flip_10,False,True,train,3063060,True
skater_D/cam_2/Flip_2.mp4,D,2,Flip,2,D_Flip_2,False,True,test,3103166,True
skater_D/cam_2/Flip_3.mp4,D,2,Flip,3,D_Flip_3,False,True,train,2630295,True
skater_D/cam_2/Flip_4.mp4,D,2,Flip,4,D_Flip_4,False,True,val,2913869,True
skater_D/cam_2/Flip_5.mp4,D,2,Flip,5,D_Flip_5,False,True,train,2896641,True
skater_D/cam_2/Flip_6.mp4,D,2,Flip,6,D_Flip_6,False,True,train,2477016,True
skater_D/cam_2/Flip_7.mp4,D,2,Flip,7,D_Flip_7,False,True,train,2866338,True
skater_D/cam_2/Flip_8.mp4,D,2,Flip,8,D_Flip_8,False,True,test,2282919,True
skater_D/cam_2/Flip_9.mp4,D,2,Flip,9,D_Flip_9,False,True,train,2574459,True
skater_D/cam_2/Loop_1.mp4,D,2,Loop,1,D_Loop_1,False,True,train,2968483,True
skater_D/cam_2/Loop_10.mp4,D,2,Loop,10,D_Loop_10,False,True,train,2856376,True
skater_D/cam_2/Loop_2.mp4,D,2,Loop,2,D_Loop_2,False,True,train,2509641,True
skater_D/cam_2/Loop_3.mp4,D,2,Loop,3,D_Loop_3,False,True,train,2303202,True
skater_D/cam_2/Loop_4.mp4,D,2,Loop,4,D_Loop_4,False,True,test,2259152,True
skater_D/cam_2/Loop_5.mp4,D,2,Loop,5,D_Loop_5,False,True,val,2922237,True
skater_D/cam_2/Loop_6.mp4,D,2,Loop,6,D_Loop_6,False,True,val,2965565,True
skater_D/cam_2/Loop_7.mp4,D,2,Loop,7,D_Loop_7,False,True,train,3106926,True
skater_D/cam_2/Loop_8.mp4,D,2,Loop,8,D_Loop_8,False,True,train,2988427,True
skater_D/cam_2/Loop_9.mp4,D,2,Loop,9,D_Loop_9,False,True,train,3086616,True
skater_D/cam_2/Lutz_1.mp4,D,2,Lutz,1,D_Lutz_1,False,True,val,2985349,True
skater_D/cam_2/Lutz_10.mp4,D,2,Lutz,10,D_Lutz_10,False,True,test,2778150,True
skater_D/cam_2/Lutz_2.mp4,D,2,Lutz,2,D_Lutz_2,False,True,train,2747576,True
skater_D/cam_2/Lutz_3.mp4,D,2,Lutz,3,D_Lutz_3,False,True,train,2926996,True
skater_D/cam_2/Lutz_4.mp4,D,2,Lutz,4,D_Lutz_4,False,True,train,2594731,True
skater_D/cam_2/Lutz_5.mp4,D,2,Lutz,5,D_Lutz_5,False,True,test,2717437,True
skater_D/cam_2/Lutz_6.mp4,D,2,Lutz,6,D_Lutz_6,False,True,train,3102184,True
skater_D/cam_2/Lutz_7.mp4,D,2,Lutz,7,D_Lutz_7,False,True,train,2486481,True
skater_D/cam_2/Lutz_8.mp4,D,2,Lutz,8,D_Lutz_8,False,True,train,2474717,True
skater_D/cam_2/Lutz_9.mp4,D,2,Lutz,9,D_Lutz_9,False,True,train,3080384,True
skater_D/cam_2/Salchow_1.mp4,D,2,Salchow,1,D_Salchow_1,False,True,test,2573633,True
skater_D/cam_2/Salchow_10.mp4,D,2,Salchow,10,D_Salchow_10,False,True,val,2977501,True
skater_D/cam_2/Salchow_2.mp4,D,2,Salchow,2,D_Salchow_2,False,True,train,2800755,True
skater_D/cam_2/Salchow_3.mp4,D,2,Salchow,3,D_Salchow_3,False,True,val,3015950,True
skater_D/cam_2/Salchow_4.mp4,D,2,Salchow,4,D_Salchow_4,False,True,train,2795800,True
skater_D/cam_2/Salchow_5.mp4,D,2,Salchow,5,D_Salchow_5,False,True,train,3009871,True
skater_D/cam_2/Salchow_6.mp4,D,2,Salchow,6,D_Salchow_6,False,True,train,3033072,True
skater_D/cam_2/Salchow_7.mp4,D,2,Salchow,7,D_Salchow_7,False,True,train,3044249,True
skater_D/cam_2/Salchow_8.mp4,D,2,Salchow,8,D_Salchow_8,False,True,train,2901700,True
skater_D/cam_2/Salchow_9.mp4,D,2,Salchow,9,D_Salchow_9,False,True,train,3149015,True
skater_D/cam_2/Toeloop_1.mp4,D,2,Toeloop,1,D_Toeloop_1,False,True,train,3165660,True
skater_D/cam_2/Toeloop_10.mp4,D,2,Toeloop,10,D_Toeloop_10,False,True,train,2693473,True
skater_D/cam_2/Toeloop_2.mp4,D,2,Toeloop,2,D_Toeloop_2,False,True,val,2952963,True
skater_D/cam_2/Toeloop_3.mp4,D,2,Toeloop,3,D_Toeloop_3,False,True,test,2541424,True
skater_D/cam_2/Toeloop_4.mp4,D,2,Toeloop,4,D_Toeloop_4,False,True,train,2965705,True
skater_D/cam_2/Toeloop_5.mp4,D,2,Toeloop,5,D_Toeloop_5,False,True,train,3011759,True
skater_D/cam_2/Toeloop_6.mp4,D,2,Toeloop,6,D_Toeloop_6,False,True,train,2376607,True
skater_D/cam_2/Toeloop_7.mp4,D,2,Toeloop,7,D_Toeloop_7,False,True,train,3072686,True
skater_D/cam_2/Toeloop_8.mp4,D,2,Toeloop,8,D_Toeloop_8,False,True,test,3064437,True
skater_D/cam_2/Toeloop_9.mp4,D,2,Toeloop,9,D_Toeloop_9,False,True,train,3061151,True
skater_D/cam_3/Axel_1.mp4,D,3,Axel,1,D_Axel_1,False,True,train,2439198,True
skater_D/cam_3/Axel_10.mp4,D,3,Axel,10,D_Axel_10,False,True,test,2942862,True
skater_D/cam_3/Axel_2.mp4,D,3,Axel,2,D_Axel_2,False,True,train,2855774,True
skater_D/cam_3/Axel_3.mp4,D,3,Axel,3,D_Axel_3,False,True,train,2876076,True
skater_D/cam_3/Axel_4.mp4,D,3,Axel,4,D_Axel_4,False,True,train,2839333,True
skater_D/cam_3/Axel_5.mp4,D,3,Axel,5,D_Axel_5,False,True,train,2351187,True
skater_D/cam_3/Axel_6.mp4,D,3,Axel,6,D_Axel_6,False,True,train,2735055,True
skater_D/cam_3/Axel_7.mp4,D,3,Axel,7,D_Axel_7,False,True,val,2347507,True
skater_D/cam_3/Axel_8.mp4,D,3,Axel,8,D_Axel_8,False,True,train,3006824,True
skater_D/cam_3/Axel_9.mp4,D,3,Axel,9,D_Axel_9,False,True,val,2491891,True
skater_D/cam_3/Flip_1.mp4,D,3,Flip,1,D_Flip_1,False,True,train,2848154,True
skater_D/cam_3/Flip_10.mp4,D,3,Flip,10,D_Flip_10,False,True,train,3467807,True
skater_D/cam_3/Flip_2.mp4,D,3,Flip,2,D_Flip_2,False,True,test,3288423,True
skater_D/cam_3/Flip_3.mp4,D,3,Flip,3,D_Flip_3,False,True,train,2874791,True
skater_D/cam_3/Flip_4.mp4,D,3,Flip,4,D_Flip_4,False,True,val,2882156,True
skater_D/cam_3/Flip_5.mp4,D,3,Flip,5,D_Flip_5,False,True,train,2840020,True
skater_D/cam_3/Flip_6.mp4,D,3,Flip,6,D_Flip_6,False,True,train,2439870,True
skater_D/cam_3/Flip_7.mp4,D,3,Flip,7,D_Flip_7,False,True,train,2805399,True
skater_D/cam_3/Flip_8.mp4,D,3,Flip,8,D_Flip_8,False,True,test,2220773,True
skater_D/cam_3/Flip_9.mp4,D,3,Flip,9,D_Flip_9,False,True,train,2594793,True
skater_D/cam_3/Loop_1.mp4,D,3,Loop,1,D_Loop_1,False,True,train,2880527,True
skater_D/cam_3/Loop_10.mp4,D,3,Loop,10,D_Loop_10,False,True,train,2865648,True
skater_D/cam_3/Loop_2.mp4,D,3,Loop,2,D_Loop_2,False,True,train,2612189,True
skater_D/cam_3/Loop_3.mp4,D,3,Loop,3,D_Loop_3,False,True,train,2327931,True
skater_D/cam_3/Loop_4.mp4,D,3,Loop,4,D_Loop_4,False,True,test,2389805,True
skater_D/cam_3/Loop_5.mp4,D,3,Loop,5,D_Loop_5,False,True,val,3034270,True
skater_D/cam_3/Loop_6.mp4,D,3,Loop,6,D_Loop_6,False,True,val,2832061,True
skater_D/cam_3/Loop_7.mp4,D,3,Loop,7,D_Loop_7,False,True,train,3019425,True
skater_D/cam_3/Loop_8.mp4,D,3,Loop,8,D_Loop_8,False,True,train,2928056,True
skater_D/cam_3/Loop_9.mp4,D,3,Loop,9,D_Loop_9,False,True,train,3023434,True
skater_D/cam_3/Lutz_1.mp4,D,3,Lutz,1,D_Lutz_1,False,True,val,2941895,True
skater_D/cam_3/Lutz_10.mp4,D,3,Lutz,10,D_Lutz_10,False,True,test,2829435,True
skater_D/cam_3/Lutz_2.mp4,D,3,Lutz,2,D_Lutz_2,False,True,train,2778176,True
skater_D/cam_3/Lutz_3.mp4,D,3,Lutz,3,D_Lutz_3,False,True,train,2767364,True
skater_D/cam_3/Lutz_4.mp4,D,3,Lutz,4,D_Lutz_4,False,True,train,2771174,True
skater_D/cam_3/Lutz_5.mp4,D,3,Lutz,5,D_Lutz_5,False,True,test,2847755,True
skater_D/cam_3/Lutz_6.mp4,D,3,Lutz,6,D_Lutz_6,False,True,train,3050953,True
skater_D/cam_3/Lutz_7.mp4,D,3,Lutz,7,D_Lutz_7,False,True,train,2613420,True
skater_D/cam_3/Lutz_8.mp4,D,3,Lutz,8,D_Lutz_8,False,True,train,2593347,True
skater_D/cam_3/Lutz_9.mp4,D,3,Lutz,9,D_Lutz_9,False,True,train,2913804,True
skater_D/cam_3/Salchow_1.mp4,D,3,Salchow,1,D_Salchow_1,False,True,test,2534345,True
skater_D/cam_3/Salchow_10.mp4,D,3,Salchow,10,D_Salchow_10,False,True,val,2833042,True
skater_D/cam_3/Salchow_2.mp4,D,3,Salchow,2,D_Salchow_2,False,True,train,2808901,True
skater_D/cam_3/Salchow_3.mp4,D,3,Salchow,3,D_Salchow_3,False,True,val,2930159,True
skater_D/cam_3/Salchow_4.mp4,D,3,Salchow,4,D_Salchow_4,False,True,train,2732608,True
skater_D/cam_3/Salchow_5.mp4,D,3,Salchow,5,D_Salchow_5,False,True,train,2889726,True
skater_D/cam_3/Salchow_6.mp4,D,3,Salchow,6,D_Salchow_6,False,True,train,2951446,True
skater_D/cam_3/Salchow_7.mp4,D,3,Salchow,7,D_Salchow_7,False,True,train,3266238,True
skater_D/cam_3/Salchow_8.mp4,D,3,Salchow,8,D_Salchow_8,False,True,train,2899546,True
skater_D/cam_3/Salchow_9.mp4,D,3,Salchow,9,D_Salchow_9,False,True,train,3055195,True
skater_D/cam_3/Toeloop_1.mp4,D,3,Toeloop,1,D_Toeloop_1,False,True,train,3002116,True
skater_D/cam_3/Toeloop_10.mp4,D,3,Toeloop,10,D_Toeloop_10,False,True,train,2738712,True
skater_D/cam_3/Toeloop_2.mp4,D,3,Toeloop,2,D_Toeloop_2,False,True,val,2785505,True
skater_D/cam_3/Toeloop_3.mp4,D,3,Toeloop,3,D_Toeloop_3,False,True,test,2619584,True
skater_D/cam_3/Toeloop_4.mp4,D,3,Toeloop,4,D_Toeloop_4,False,True,train,2827048,True
skater_D/cam_3/Toeloop_5.mp4,D,3,Toeloop,5,D_Toeloop_5,False,True,train,3224323,True
skater_D/cam_3/Toeloop_6.mp4,D,3,Toeloop,6,D_Toeloop_6,False,True,train,2467969,True
skater_D/cam_3/Toeloop_7.mp4,D,3,Toeloop,7,D_Toeloop_7,False,True,train,2934711,True
skater_D/cam_3/Toeloop_8.mp4,D,3,Toeloop,8,D_Toeloop_8,False,True,test,2924368,True
skater_D/cam_3/Toeloop_9.mp4,D,3,Toeloop,9,D_Toeloop_9,False,True,train,2821121,True
skater_D/cam_4/Axel_1.mp4,D,4,Axel,1,D_Axel_1,False,True,train,2470323,True
skater_D/cam_4/Axel_10.mp4,D,4,Axel,10,D_Axel_10,False,True,test,3013871,True
skater_D/cam_4/Axel_2.mp4,D,4,Axel,2,D_Axel_2,False,True,train,2907257,True
skater_D/cam_4/Axel_3.mp4,D,4,Axel,3,D_Axel_3,False,True,train,2787598,True
skater_D/cam_4/Axel_4.mp4,D,4,Axel,4,D_Axel_4,False,True,train,2990244,True
skater_D/cam_4/Axel_5.mp4,D,4,Axel,5,D_Axel_5,False,True,train,2628989,True
skater_D/cam_4/Axel_6.mp4,D,4,Axel,6,D_Axel_6,False,True,train,2888797,True
skater_D/cam_4/Axel_7.mp4,D,4,Axel,7,D_Axel_7,False,True,val,2335502,True
skater_D/cam_4/Axel_8.mp4,D,4,Axel,8,D_Axel_8,False,True,train,3035921,True
skater_D/cam_4/Axel_9.mp4,D,4,Axel,9,D_Axel_9,False,True,val,2543237,True
skater_D/cam_4/Flip_1.mp4,D,4,Flip,1,D_Flip_1,False,True,train,2711089,True
skater_D/cam_4/Flip_10.mp4,D,4,Flip,10,D_Flip_10,False,True,train,3026450,True
skater_D/cam_4/Flip_2.mp4,D,4,Flip,2,D_Flip_2,False,True,test,2856754,True
skater_D/cam_4/Flip_3.mp4,D,4,Flip,3,D_Flip_3,False,True,train,2466160,True
skater_D/cam_4/Flip_4.mp4,D,4,Flip,4,D_Flip_4,False,True,val,2954395,True
skater_D/cam_4/Flip_5.mp4,D,4,Flip,5,D_Flip_5,False,True,train,2816074,True
skater_D/cam_4/Flip_6.mp4,D,4,Flip,6,D_Flip_6,False,True,train,2492679,True
skater_D/cam_4/Flip_7.mp4,D,4,Flip,7,D_Flip_7,False,True,train,2871805,True
skater_D/cam_4/Flip_8.mp4,D,4,Flip,8,D_Flip_8,False,True,test,2312592,True
skater_D/cam_4/Flip_9.mp4,D,4,Flip,9,D_Flip_9,False,True,train,2671993,True
skater_D/cam_4/Loop_1.mp4,D,4,Loop,1,D_Loop_1,False,True,train,2964739,True
skater_D/cam_4/Loop_10.mp4,D,4,Loop,10,D_Loop_10,False,True,train,3003592,True
skater_D/cam_4/Loop_2.mp4,D,4,Loop,2,D_Loop_2,False,True,train,2513421,True
skater_D/cam_4/Loop_3.mp4,D,4,Loop,3,D_Loop_3,False,True,train,2333794,True
skater_D/cam_4/Loop_4.mp4,D,4,Loop,4,D_Loop_4,False,True,test,2268766,True
skater_D/cam_4/Loop_5.mp4,D,4,Loop,5,D_Loop_5,False,True,val,2883329,True
skater_D/cam_4/Loop_6.mp4,D,4,Loop,6,D_Loop_6,False,True,val,2834405,True
skater_D/cam_4/Loop_7.mp4,D,4,Loop,7,D_Loop_7,False,True,train,3051167,True
skater_D/cam_4/Loop_8.mp4,D,4,Loop,8,D_Loop_8,False,True,train,2930510,True
skater_D/cam_4/Loop_9.mp4,D,4,Loop,9,D_Loop_9,False,True,train,3325389,True
skater_D/cam_4/Lutz_1.mp4,D,4,Lutz,1,D_Lutz_1,False,True,val,2896049,True
skater_D/cam_4/Lutz_10.mp4,D,4,Lutz,10,D_Lutz_10,False,True,test,2765586,True
skater_D/cam_4/Lutz_2.mp4,D,4,Lutz,2,D_Lutz_2,False,True,train,2991930,True
skater_D/cam_4/Lutz_3.mp4,D,4,Lutz,3,D_Lutz_3,False,True,train,2940580,True
skater_D/cam_4/Lutz_4.mp4,D,4,Lutz,4,D_Lutz_4,False,True,train,2719907,True
skater_D/cam_4/Lutz_5.mp4,D,4,Lutz,5,D_Lutz_5,False,True,test,2762358,True
skater_D/cam_4/Lutz_6.mp4,D,4,Lutz,6,D_Lutz_6,False,True,train,3073673,True
skater_D/cam_4/Lutz_7.mp4,D,4,Lutz,7,D_Lutz_7,False,True,train,2643258,True
skater_D/cam_4/Lutz_8.mp4,D,4,Lutz,8,D_Lutz_8,False,True,train,2632655,True
skater_D/cam_4/Lutz_9.mp4,D,4,Lutz,9,D_Lutz_9,False,True,train,3033589,True
skater_D/cam_4/Salchow_1.mp4,D,4,Salchow,1,D_Salchow_1,False,True,test,2569650,True
skater_D/cam_4/Salchow_10.mp4,D,4,Salchow,10,D_Salchow_10,False,True,val,2896111,True
skater_D/cam_4/Salchow_2.mp4,D,4,Salchow,2,D_Salchow_2,False,True,train,2749854,True
skater_D/cam_4/Salchow_3.mp4,D,4,Salchow,3,D_Salchow_3,False,True,val,2932650,True
skater_D/cam_4/Salchow_4.mp4,D,4,Salchow,4,D_Salchow_4,False,True,train,2777275,True
skater_D/cam_4/Salchow_5.mp4,D,4,Salchow,5,D_Salchow_5,False,True,train,2826189,True
skater_D/cam_4/Salchow_6.mp4,D,4,Salchow,6,D_Salchow_6,False,True,train,2866236,True
skater_D/cam_4/Salchow_7.mp4,D,4,Salchow,7,D_Salchow_7,False,True,train,2973816,True
skater_D/cam_4/Salchow_8.mp4,D,4,Salchow,8,D_Salchow_8,False,True,train,3172689,True
skater_D/cam_4/Salchow_9.mp4,D,4,Salchow,9,D_Salchow_9,False,True,train,3224754,True
skater_D/cam_4/Toeloop_1.mp4,D,4,Toeloop,1,D_Toeloop_1,False,True,train,3139544,True
skater_D/cam_4/Toeloop_10.mp4,D,4,Toeloop,10,D_Toeloop_10,False,True,train,2586084,True
skater_D/cam_4/Toeloop_2.mp4,D,4,Toeloop,2,D_Toeloop_2,False,True,val,2732594,True
skater_D/cam_4/Toeloop_3.mp4,D,4,Toeloop,3,D_Toeloop_3,False,True,test,2498699,True
skater_D/cam_4/Toeloop_4.mp4,D,4,Toeloop,4,D_Toeloop_4,False,True,train,2894465,True
skater_D/cam_4/Toeloop_5.mp4,D,4,Toeloop,5,D_Toeloop_5,False,True,train,2988341,True
skater_D/cam_4/Toeloop_6.mp4,D,4,Toeloop,6,D_Toeloop_6,False,True,train,2319213,True
skater_D/cam_4/Toeloop_7.mp4,D,4,Toeloop,7,D_Toeloop_7,False,True,train,3033827,True
skater_D/cam_4/Toeloop_8.mp4,D,4,Toeloop,8,D_Toeloop_8,False,True,test,3093949,True
skater_D/cam_4/Toeloop_9.mp4,D,4,Toeloop,9,D_Toeloop_9,False,True,train,3067303,True
skater_D/cam_5/Axel_1.mp4,D,5,Axel,1,D_Axel_1,False,True,train,2515116,True
skater_D/cam_5/Axel_10.mp4,D,5,Axel,10,D_Axel_10,False,True,test,3009386,True
skater_D/cam_5/Axel_2.mp4,D,5,Axel,2,D_Axel_2,False,True,train,2848972,True
skater_D/cam_5/Axel_3.mp4,D,5,Axel,3,D_Axel_3,False,True,train,2684718,True
skater_D/cam_5/Axel_4.mp4,D,5,Axel,4,D_Axel_4,False,True,train,2928026,True
skater_D/cam_5/Axel_5.mp4,D,5,Axel,5,D_Axel_5,False,True,train,2475841,True
skater_D/cam_5/Axel_6.mp4,D,5,Axel,6,D_Axel_6,False,True,train,2865217,True
skater_D/cam_5/Axel_7.mp4,D,5,Axel,7,D_Axel_7,False,True,val,2242903,True
skater_D/cam_5/Axel_8.mp4,D,5,Axel,8,D_Axel_8,False,True,train,3024670,True
skater_D/cam_5/Axel_9.mp4,D,5,Axel,9,D_Axel_9,False,True,val,2512338,True
skater_D/cam_5/Flip_1.mp4,D,5,Flip,1,D_Flip_1,False,True,train,2592104,True
skater_D/cam_5/Flip_10.mp4,D,5,Flip,10,D_Flip_10,False,True,train,3233684,True
skater_D/cam_5/Flip_2.mp4,D,5,Flip,2,D_Flip_2,False,True,test,2755481,True
skater_D/cam_5/Flip_3.mp4,D,5,Flip,3,D_Flip_3,False,True,train,2446418,True
skater_D/cam_5/Flip_4.mp4,D,5,Flip,4,D_Flip_4,False,True,val,3141986,True
skater_D/cam_5/Flip_5.mp4,D,5,Flip,5,D_Flip_5,False,True,train,2752577,True
skater_D/cam_5/Flip_6.mp4,D,5,Flip,6,D_Flip_6,False,True,train,2399175,True
skater_D/cam_5/Flip_7.mp4,D,5,Flip,7,D_Flip_7,False,True,train,2832060,True
skater_D/cam_5/Flip_8.mp4,D,5,Flip,8,D_Flip_8,False,True,test,2281114,True
skater_D/cam_5/Flip_9.mp4,D,5,Flip,9,D_Flip_9,False,True,train,2579516,True
skater_D/cam_5/Loop_1.mp4,D,5,Loop,1,D_Loop_1,False,True,train,2865032,True
skater_D/cam_5/Loop_10.mp4,D,5,Loop,10,D_Loop_10,False,True,train,2886617,True
skater_D/cam_5/Loop_2.mp4,D,5,Loop,2,D_Loop_2,False,True,train,2481595,True
skater_D/cam_5/Loop_3.mp4,D,5,Loop,3,D_Loop_3,False,True,train,2302382,True
skater_D/cam_5/Loop_4.mp4,D,5,Loop,4,D_Loop_4,False,True,test,2322510,True
skater_D/cam_5/Loop_5.mp4,D,5,Loop,5,D_Loop_5,False,True,val,2807084,True
skater_D/cam_5/Loop_6.mp4,D,5,Loop,6,D_Loop_6,False,True,val,2709120,True
skater_D/cam_5/Loop_7.mp4,D,5,Loop,7,D_Loop_7,False,True,train,2927478,True
skater_D/cam_5/Loop_8.mp4,D,5,Loop,8,D_Loop_8,False,True,train,2774857,True
skater_D/cam_5/Loop_9.mp4,D,5,Loop,9,D_Loop_9,False,True,train,2923686,True
skater_D/cam_5/Lutz_1.mp4,D,5,Lutz,1,D_Lutz_1,False,True,val,2743014,True
skater_D/cam_5/Lutz_10.mp4,D,5,Lutz,10,D_Lutz_10,False,True,test,2761604,True
skater_D/cam_5/Lutz_2.mp4,D,5,Lutz,2,D_Lutz_2,False,True,train,2902929,True
skater_D/cam_5/Lutz_3.mp4,D,5,Lutz,3,D_Lutz_3,False,True,train,2878458,True
skater_D/cam_5/Lutz_4.mp4,D,5,Lutz,4,D_Lutz_4,False,True,train,2680695,True
skater_D/cam_5/Lutz_5.mp4,D,5,Lutz,5,D_Lutz_5,False,True,test,2679755,True
skater_D/cam_5/Lutz_6.mp4,D,5,Lutz,6,D_Lutz_6,False,True,train,2959749,True
skater_D/cam_5/Lutz_7.mp4,D,5,Lutz,7,D_Lutz_7,False,True,train,2604366,True
skater_D/cam_5/Lutz_8.mp4,D,5,Lutz,8,D_Lutz_8,False,True,train,2641217,True
skater_D/cam_5/Lutz_9.mp4,D,5,Lutz,9,D_Lutz_9,False,True,train,3035019,True
skater_D/cam_5/Salchow_1.mp4,D,5,Salchow,1,D_Salchow_1,False,True,test,2532697,True
skater_D/cam_5/Salchow_10.mp4,D,5,Salchow,10,D_Salchow_10,False,True,val,2812735,True
skater_D/cam_5/Salchow_2.mp4,D,5,Salchow,2,D_Salchow_2,False,True,train,2683065,True
skater_D/cam_5/Salchow_3.mp4,D,5,Salchow,3,D_Salchow_3,False,True,val,2798926,True
skater_D/cam_5/Salchow_4.mp4,D,5,Salchow,4,D_Salchow_4,False,True,train,2672521,True
skater_D/cam_5/Salchow_5.mp4,D,5,Salchow,5,D_Salchow_5,False,True,train,2791016,True
skater_D/cam_5/Salchow_6.mp4,D,5,Salchow,6,D_Salchow_6,False,True,train,2784099,True
skater_D/cam_5/Salchow_7.mp4,D,5,Salchow,7,D_Salchow_7,False,True,train,3108975,True
skater_D/cam_5/Salchow_8.mp4,D,5,Salchow,8,D_Salchow_8,False,True,train,3053002,True
skater_D/cam_5/Salchow_9.mp4,D,5,Salchow,9,D_Salchow_9,False,True,train,3158082,True
skater_D/cam_5/Toeloop_1.mp4,D,5,Toeloop,1,D_Toeloop_1,False,True,train,3220863,True
skater_D/cam_5/Toeloop_10.mp4,D,5,Toeloop,10,D_Toeloop_10,False,True,train,2583587,True
skater_D/cam_5/Toeloop_2.mp4,D,5,Toeloop,2,D_Toeloop_2,False,True,val,2685746,True
skater_D/cam_5/Toeloop_3.mp4,D,5,Toeloop,3,D_Toeloop_3,False,True,test,2417193,True
skater_D/cam_5/Toeloop_4.mp4,D,5,Toeloop,4,D_Toeloop_4,False,True,train,2843812,True
skater_D/cam_5/Toeloop_5.mp4,D,5,Toeloop,5,D_Toeloop_5,False,True,train,2926003,True
skater_D/cam_5/Toeloop_6.mp4,D,5,Toeloop,6,D_Toeloop_6,False,True,train,2327636,True
skater_D/cam_5/Toeloop_7.mp4,D,5,Toeloop,7,D_Toeloop_7,False,True,train,2994048,True
skater_D/cam_5/Toeloop_8.mp4,D,5,Toeloop,8,D_Toeloop_8,False,True,test,3029748,True
skater_D/cam_5/Toeloop_9.mp4,D,5,Toeloop,9,D_Toeloop_9,False,True,train,3214752,True
skater_D/cam_6/Axel_1.mp4,D,6,Axel,1,D_Axel_1,False,True,train,2773713,True
skater_D/cam_6/Axel_10.mp4,D,6,Axel,10,D_Axel_10,False,True,test,3189783,True
skater_D/cam_6/Axel_2.mp4,D,6,Axel,2,D_Axel_2,False,True,train,3104980,True
skater_D/cam_6/Axel_3.mp4,D,6,Axel,3,D_Axel_3,False,True,train,3089467,True
skater_D/cam_6/Axel_4.mp4,D,6,Axel,4,D_Axel_4,False,True,train,3163808,True
skater_D/cam_6/Axel_5.mp4,D,6,Axel,5,D_Axel_5,False,True,train,2847131,True
skater_D/cam_6/Axel_6.mp4,D,6,Axel,6,D_Axel_6,False,True,train,3103074,True
skater_D/cam_6/Axel_7.mp4,D,6,Axel,7,D_Axel_7,False,True,val,2476047,True
skater_D/cam_6/Axel_8.mp4,D,6,Axel,8,D_Axel_8,False,True,train,3153801,True
skater_D/cam_6/Axel_9.mp4,D,6,Axel,9,D_Axel_9,False,True,val,2715646,True
skater_D/cam_6/Flip_1.mp4,D,6,Flip,1,D_Flip_1,False,True,train,3196261,True
skater_D/cam_6/Flip_10.mp4,D,6,Flip,10,D_Flip_10,False,True,train,3179442,True
skater_D/cam_6/Flip_2.mp4,D,6,Flip,2,D_Flip_2,False,True,test,3369462,True
skater_D/cam_6/Flip_3.mp4,D,6,Flip,3,D_Flip_3,False,True,train,2721645,True
skater_D/cam_6/Flip_4.mp4,D,6,Flip,4,D_Flip_4,False,True,val,3421083,True
skater_D/cam_6/Flip_5.mp4,D,6,Flip,5,D_Flip_5,False,True,train,2953070,True
skater_D/cam_6/Flip_6.mp4,D,6,Flip,6,D_Flip_6,False,True,train,2648243,True
skater_D/cam_6/Flip_7.mp4,D,6,Flip,7,D_Flip_7,False,True,train,3392902,True
skater_D/cam_6/Flip_8.mp4,D,6,Flip,8,D_Flip_8,False,True,test,2552340,True
skater_D/cam_6/Flip_9.mp4,D,6,Flip,9,D_Flip_9,False,True,train,2849080,True
skater_D/cam_6/Loop_1.mp4,D,6,Loop,1,D_Loop_1,False,True,train,3173315,True
skater_D/cam_6/Loop_10.mp4,D,6,Loop,10,D_Loop_10,False,True,train,3142762,True
skater_D/cam_6/Loop_2.mp4,D,6,Loop,2,D_Loop_2,False,True,train,2811557,True
skater_D/cam_6/Loop_3.mp4,D,6,Loop,3,D_Loop_3,False,True,train,2515848,True
skater_D/cam_6/Loop_4.mp4,D,6,Loop,4,D_Loop_4,False,True,test,2496311,True
skater_D/cam_6/Loop_5.mp4,D,6,Loop,5,D_Loop_5,False,True,val,3220813,True
skater_D/cam_6/Loop_6.mp4,D,6,Loop,6,D_Loop_6,False,True,val,2987528,True
skater_D/cam_6/Loop_7.mp4,D,6,Loop,7,D_Loop_7,False,True,train,3149114,True
skater_D/cam_6/Loop_8.mp4,D,6,Loop,8,D_Loop_8,False,True,train,3027885,True
skater_D/cam_6/Loop_9.mp4,D,6,Loop,9,D_Loop_9,False,True,train,3147585,True
skater_D/cam_6/Lutz_1.mp4,D,6,Lutz,1,D_Lutz_1,False,True,val,2922931,True
skater_D/cam_6/Lutz_10.mp4,D,6,Lutz,10,D_Lutz_10,False,True,test,2948693,True
skater_D/cam_6/Lutz_2.mp4,D,6,Lutz,2,D_Lutz_2,False,True,train,3334492,True
skater_D/cam_6/Lutz_3.mp4,D,6,Lutz,3,D_Lutz_3,False,True,train,3053165,True
skater_D/cam_6/Lutz_4.mp4,D,6,Lutz,4,D_Lutz_4,False,True,train,3023167,True
skater_D/cam_6/Lutz_5.mp4,D,6,Lutz,5,D_Lutz_5,False,True,test,2922731,True
skater_D/cam_6/Lutz_6.mp4,D,6,Lutz,6,D_Lutz_6,False,True,train,3083175,True
skater_D/cam_6/Lutz_7.mp4,D,6,Lutz,7,D_Lutz_7,False,True,train,2880445,True
skater_D/cam_6/Lutz_8.mp4,D,6,Lutz,8,D_Lutz_8,False,True,train,2780132,True
skater_D/cam_6/Lutz_9.mp4,D,6,Lutz,9,D_Lutz_9,False,True,train,3211282,True
skater_D/cam_6/Salchow_1.mp4,D,6,Salchow,1,D_Salchow_1,False,True,test,2802058,True
skater_D/cam_6/Salchow_10.mp4,D,6,Salchow,10,D_Salchow_10,False,True,val,3072317,True
skater_D/cam_6/Salchow_2.mp4,D,6,Salchow,2,D_Salchow_2,False,True,train,2923437,True
skater_D/cam_6/Salchow_3.mp4,D,6,Salchow,3,D_Salchow_3,False,True,val,3058012,True
skater_D/cam_6/Salchow_4.mp4,D,6,Salchow,4,D_Salchow_4,False,True,train,3030214,True
skater_D/cam_6/Salchow_5.mp4,D,6,Salchow,5,D_Salchow_5,False,True,train,3052710,True
skater_D/cam_6/Salchow_6.mp4,D,6,Salchow,6,D_Salchow_6,False,True,train,3072812,True
skater_D/cam_6/Salchow_7.mp4,D,6,Salchow,7,D_Salchow_7,False,True,train,3103785,True
skater_D/cam_6/Salchow_8.mp4,D,6,Salchow,8,D_Salchow_8,False,True,train,3470625,True
skater_D/cam_6/Salchow_9.mp4,D,6,Salchow,9,D_Salchow_9,False,True,train,3145647,True
skater_D/cam_6/Toeloop_1.mp4,D,6,Toeloop,1,D_Toeloop_1,False,True,train,3194816,True
skater_D/cam_6/Toeloop_10.mp4,D,6,Toeloop,10,D_Toeloop_10,False,True,train,2807762,True
skater_D/cam_6/Toeloop_2.mp4,D,6,Toeloop,2,D_Toeloop_2,False,True,val,3183605,True
skater_D/cam_6/Toeloop_3.mp4,D,6,Toeloop,3,D_Toeloop_3,False,True,test,2797039,True
skater_D/cam_6/Toeloop_4.mp4,D,6,Toeloop,4,D_Toeloop_4,False,True,train,3086723,True
skater_D/cam_6/Toeloop_5.mp4,D,6,Toeloop,5,D_Toeloop_5,False,True,train,3150360,True
skater_D/cam_6/Toeloop_6.mp4,D,6,Toeloop,6,D_Toeloop_6,False,True,train,2622227,True
skater_D/cam_6/Toeloop_7.mp4,D,6,Toeloop,7,D_Toeloop_7,False,True,train,3267771,True
skater_D/cam_6/Toeloop_8.mp4,D,6,Toeloop,8,D_Toeloop_8,False,True,test,3251845,True
skater_D/cam_6/Toeloop_9.mp4,D,6,Toeloop,9,D_Toeloop_9,False,True,train,3416405,True
skater_D/cam_7/Axel_1.mp4,D,7,Axel,1,D_Axel_1,False,True,train,2641125,True
skater_D/cam_7/Axel_10.mp4,D,7,Axel,10,D_Axel_10,False,True,test,3038647,True
skater_D/cam_7/Axel_2.mp4,D,7,Axel,2,D_Axel_2,False,True,train,2818084,True
skater_D/cam_7/Axel_3.mp4,D,7,Axel,3,D_Axel_3,False,True,train,2572670,True
skater_D/cam_7/Axel_4.mp4,D,7,Axel,4,D_Axel_4,False,True,train,2975245,True
skater_D/cam_7/Axel_5.mp4,D,7,Axel,5,D_Axel_5,False,True,train,2820234,True
skater_D/cam_7/Axel_6.mp4,D,7,Axel,6,D_Axel_6,False,True,train,2964554,True
skater_D/cam_7/Axel_7.mp4,D,7,Axel,7,D_Axel_7,False,True,val,2337137,True
skater_D/cam_7/Axel_8.mp4,D,7,Axel,8,D_Axel_8,False,True,train,2978566,True
skater_D/cam_7/Axel_9.mp4,D,7,Axel,9,D_Axel_9,False,True,val,2661704,True
skater_D/cam_7/Flip_1.mp4,D,7,Flip,1,D_Flip_1,False,True,train,2642612,True
skater_D/cam_7/Flip_10.mp4,D,7,Flip,10,D_Flip_10,False,True,train,2981010,True
skater_D/cam_7/Flip_2.mp4,D,7,Flip,2,D_Flip_2,False,True,test,2749790,True
skater_D/cam_7/Flip_3.mp4,D,7,Flip,3,D_Flip_3,False,True,train,2530600,True
skater_D/cam_7/Flip_4.mp4,D,7,Flip,4,D_Flip_4,False,True,val,3014632,True
skater_D/cam_7/Flip_5.mp4,D,7,Flip,5,D_Flip_5,False,True,train,2931370,True
skater_D/cam_7/Flip_6.mp4,D,7,Flip,6,D_Flip_6,False,True,train,2554257,True
skater_D/cam_7/Flip_7.mp4,D,7,Flip,7,D_Flip_7,False,True,train,3020155,True
skater_D/cam_7/Flip_8.mp4,D,7,Flip,8,D_Flip_8,False,True,test,2371259,True
skater_D/cam_7/Flip_9.mp4,D,7,Flip,9,D_Flip_9,False,True,train,2833200,True
skater_D/cam_7/Loop_1.mp4,D,7,Loop,1,D_Loop_1,False,True,train,2968157,True
skater_D/cam_7/Loop_10.mp4,D,7,Loop,10,D_Loop_10,False,True,train,2978780,True
skater_D/cam_7/Loop_2.mp4,D,7,Loop,2,D_Loop_2,False,True,train,2631575,True
skater_D/cam_7/Loop_3.mp4,D,7,Loop,3,D_Loop_3,False,True,train,2496519,True
skater_D/cam_7/Loop_4.mp4,D,7,Loop,4,D_Loop_4,False,True,test,2439466,True
skater_D/cam_7/Loop_5.mp4,D,7,Loop,5,D_Loop_5,False,True,val,2732439,True
skater_D/cam_7/Loop_6.mp4,D,7,Loop,6,D_Loop_6,False,True,val,2734611,True
skater_D/cam_7/Loop_7.mp4,D,7,Loop,7,D_Loop_7,False,True,train,2935212,True
skater_D/cam_7/Loop_8.mp4,D,7,Loop,8,D_Loop_8,False,True,train,2826214,True
skater_D/cam_7/Loop_9.mp4,D,7,Loop,9,D_Loop_9,False,True,train,2915051,True
skater_D/cam_7/Lutz_1.mp4,D,7,Lutz,1,D_Lutz_1,False,True,val,2630871,True
skater_D/cam_7/Lutz_10.mp4,D,7,Lutz,10,D_Lutz_10,False,True,test,2591697,True
skater_D/cam_7/Lutz_2.mp4,D,7,Lutz,2,D_Lutz_2,False,True,train,2880647,True
skater_D/cam_7/Lutz_3.mp4,D,7,Lutz,3,D_Lutz_3,False,True,train,2743805,True
skater_D/cam_7/Lutz_4.mp4,D,7,Lutz,4,D_Lutz_4,False,True,train,2733236,True
skater_D/cam_7/Lutz_5.mp4,D,7,Lutz,5,D_Lutz_5,False,True,test,2544427,True
skater_D/cam_7/Lutz_6.mp4,D,7,Lutz,6,D_Lutz_6,False,True,train,2984945,True
skater_D/cam_7/Lutz_7.mp4,D,7,Lutz,7,D_Lutz_7,False,True,train,2706395,True
skater_D/cam_7/Lutz_8.mp4,D,7,Lutz,8,D_Lutz_8,False,True,train,2649371,True
skater_D/cam_7/Lutz_9.mp4,D,7,Lutz,9,D_Lutz_9,False,True,train,2860784,True
skater_D/cam_7/Salchow_1.mp4,D,7,Salchow,1,D_Salchow_1,False,True,test,2741141,True
skater_D/cam_7/Salchow_10.mp4,D,7,Salchow,10,D_Salchow_10,False,True,val,2971148,True
skater_D/cam_7/Salchow_2.mp4,D,7,Salchow,2,D_Salchow_2,False,True,train,2713339,True
skater_D/cam_7/Salchow_3.mp4,D,7,Salchow,3,D_Salchow_3,False,True,val,2843277,True
skater_D/cam_7/Salchow_4.mp4,D,7,Salchow,4,D_Salchow_4,False,True,train,2826787,True
skater_D/cam_7/Salchow_5.mp4,D,7,Salchow,5,D_Salchow_5,False,True,train,2889968,True
skater_D/cam_7/Salchow_6.mp4,D,7,Salchow,6,D_Salchow_6,False,True,train,2864113,True
skater_D/cam_7/Salchow_7.mp4,D,7,Salchow,7,D_Salchow_7,False,True,train,2994818,True
skater_D/cam_7/Salchow_8.mp4,D,7,Salchow,8,D_Salchow_8,False,True,train,2878977,True
skater_D/cam_7/Salchow_9.mp4,D,7,Salchow,9,D_Salchow_9,False,True,train,2866588,True
skater_D/cam_7/Toeloop_1.mp4,D,7,Toeloop,1,D_Toeloop_1,False,True,train,2908723,True
skater_D/cam_7/Toeloop_10.mp4,D,7,Toeloop,10,D_Toeloop_10,False,True,train,2531912,True
skater_D/cam_7/Toeloop_2.mp4,D,7,Toeloop,2,D_Toeloop_2,False,True,val,2591541,True
skater_D/cam_7/Toeloop_3.mp4,D,7,Toeloop,3,D_Toeloop_3,False,True,test,2389204,True
skater_D/cam_7/Toeloop_4.mp4,D,7,Toeloop,4,D_Toeloop_4,False,True,train,2821866,True
skater_D/cam_7/Toeloop_5.mp4,D,7,Toeloop,5,D_Toeloop_5,False,True,train,2847512,True
skater_D/cam_7/Toeloop_6.mp4,D,7,Toeloop,6,D_Toeloop_6,False,True,train,2329677,True
skater_D/cam_7/Toeloop_7.mp4,D,7,Toeloop,7,D_Toeloop_7,False,True,train,2971133,True
skater_D/cam_7/Toeloop_8.mp4,D,7,Toeloop,8,D_Toeloop_8,False,True,test,3043653,True
skater_D/cam_7/Toeloop_9.mp4,D,7,Toeloop,9,D_Toeloop_9,False,True,train,2925012,True
skater_D/cam_8/Axel_1.mp4,D,8,Axel,1,D_Axel_1,False,True,train,2221681,True
skater_D/cam_8/Axel_10.mp4,D,8,Axel,10,D_Axel_10,False,True,test,2722941,True
skater_D/cam_8/Axel_2.mp4,D,8,Axel,2,D_Axel_2,False,True,train,2421922,True
skater_D/cam_8/Axel_3.mp4,D,8,Axel,3,D_Axel_3,False,True,train,2305931,True
skater_D/cam_8/Axel_4.mp4,D,8,Axel,4,D_Axel_4,False,True,train,2763818,True
skater_D/cam_8/Axel_5.mp4,D,8,Axel,5,D_Axel_5,False,True,train,2410001,True
skater_D/cam_8/Axel_6.mp4,D,8,Axel,6,D_Axel_6,False,True,train,2536261,True
skater_D/cam_8/Axel_7.mp4,D,8,Axel,7,D_Axel_7,False,True,val,1888459,True
skater_D/cam_8/Axel_8.mp4,D,8,Axel,8,D_Axel_8,False,True,train,2676375,True
skater_D/cam_8/Axel_9.mp4,D,8,Axel,9,D_Axel_9,False,True,val,2249689,True
skater_D/cam_8/Flip_1.mp4,D,8,Flip,1,D_Flip_1,False,True,train,2327567,True
skater_D/cam_8/Flip_10.mp4,D,8,Flip,10,D_Flip_10,False,True,train,2806263,True
skater_D/cam_8/Flip_2.mp4,D,8,Flip,2,D_Flip_2,False,True,test,2546182,True
skater_D/cam_8/Flip_3.mp4,D,8,Flip,3,D_Flip_3,False,True,train,2162999,True
skater_D/cam_8/Flip_4.mp4,D,8,Flip,4,D_Flip_4,False,True,val,2765833,True
skater_D/cam_8/Flip_5.mp4,D,8,Flip,5,D_Flip_5,False,True,train,2648167,True
skater_D/cam_8/Flip_6.mp4,D,8,Flip,6,D_Flip_6,False,True,train,2154624,True
skater_D/cam_8/Flip_7.mp4,D,8,Flip,7,D_Flip_7,False,True,train,2694470,True
skater_D/cam_8/Flip_8.mp4,D,8,Flip,8,D_Flip_8,False,True,test,2020973,True
skater_D/cam_8/Flip_9.mp4,D,8,Flip,9,D_Flip_9,False,True,train,2531772,True
skater_D/cam_8/Loop_1.mp4,D,8,Loop,1,D_Loop_1,False,True,train,2615191,True
skater_D/cam_8/Loop_10.mp4,D,8,Loop,10,D_Loop_10,False,True,train,2669990,True
skater_D/cam_8/Loop_2.mp4,D,8,Loop,2,D_Loop_2,False,True,train,2177777,True
skater_D/cam_8/Loop_3.mp4,D,8,Loop,3,D_Loop_3,False,True,train,2103765,True
skater_D/cam_8/Loop_4.mp4,D,8,Loop,4,D_Loop_4,False,True,test,2026946,True
skater_D/cam_8/Loop_5.mp4,D,8,Loop,5,D_Loop_5,False,True,val,2518439,True
skater_D/cam_8/Loop_6.mp4,D,8,Loop,6,D_Loop_6,False,True,val,2373286,True
skater_D/cam_8/Loop_7.mp4,D,8,Loop,7,D_Loop_7,False,True,train,2801358,True
skater_D/cam_8/Loop_8.mp4,D,8,Loop,8,D_Loop_8,False,True,train,2519244,True
skater_D/cam_8/Loop_9.mp4,D,8,Loop,9,D_Loop_9,False,True,train,2767561,True
skater_D/cam_8/Lutz_1.mp4,D,8,Lutz,1,D_Lutz_1,False,True,val,2337379,True
skater_D/cam_8/Lutz_10.mp4,D,8,Lutz,10,D_Lutz_10,False,True,test,2194491,True
skater_D/cam_8/Lutz_2.mp4,D,8,Lutz,2,D_Lutz_2,False,True,train,2652179,True
skater_D/cam_8/Lutz_3.mp4,D,8,Lutz,3,D_Lutz_3,False,True,train,2426497,True
skater_D/cam_8/Lutz_4.mp4,D,8,Lutz,4,D_Lutz_4,False,True,train,2412884,True
skater_D/cam_8/Lutz_5.mp4,D,8,Lutz,5,D_Lutz_5,False,True,test,2090259,True
skater_D/cam_8/Lutz_6.mp4,D,8,Lutz,6,D_Lutz_6,False,True,train,2762384,True
skater_D/cam_8/Lutz_7.mp4,D,8,Lutz,7,D_Lutz_7,False,True,train,2372528,True
skater_D/cam_8/Lutz_8.mp4,D,8,Lutz,8,D_Lutz_8,False,True,train,2230920,True
skater_D/cam_8/Lutz_9.mp4,D,8,Lutz,9,D_Lutz_9,False,True,train,2641106,True
skater_D/cam_8/Salchow_1.mp4,D,8,Salchow,1,D_Salchow_1,False,True,test,2365815,True
skater_D/cam_8/Salchow_10.mp4,D,8,Salchow,10,D_Salchow_10,False,True,val,2626063,True
skater_D/cam_8/Salchow_2.mp4,D,8,Salchow,2,D_Salchow_2,False,True,train,2354973,True
skater_D/cam_8/Salchow_3.mp4,D,8,Salchow,3,D_Salchow_3,False,True,val,2618517,True
skater_D/cam_8/Salchow_4.mp4,D,8,Salchow,4,D_Salchow_4,False,True,train,2565028,True
skater_D/cam_8/Salchow_5.mp4,D,8,Salchow,5,D_Salchow_5,False,True,train,2565921,True
skater_D/cam_8/Salchow_6.mp4,D,8,Salchow,6,D_Salchow_6,False,True,train,2583905,True
skater_D/cam_8/Salchow_7.mp4,D,8,Salchow,7,D_Salchow_7,False,True,train,2820659,True
skater_D/cam_8/Salchow_8.mp4,D,8,Salchow,8,D_Salchow_8,False,True,train,2741743,True
skater_D/cam_8/Salchow_9.mp4,D,8,Salchow,9,D_Salchow_9,False,True,train,2629576,True
skater_D/cam_8/Toeloop_1.mp4,D,8,Toeloop,1,D_Toeloop_1,False,True,train,2613758,True
skater_D/cam_8/Toeloop_10.mp4,D,8,Toeloop,10,D_Toeloop_10,False,True,train,2114904,True
skater_D/cam_8/Toeloop_2.mp4,D,8,Toeloop,2,D_Toeloop_2,False,True,val,2437454,True
skater_D/cam_8/Toeloop_3.mp4,D,8,Toeloop,3,D_Toeloop_3,False,True,test,1962782,True
skater_D/cam_8/Toeloop_4.mp4,D,8,Toeloop,4,D_Toeloop_4,False,True,train,2499814,True
skater_D/cam_8/Toeloop_5.mp4,D,8,Toeloop,5,D_Toeloop_5,False,True,train,2523626,True
skater_D/cam_8/Toeloop_6.mp4,D,8,Toeloop,6,D_Toeloop_6,False,True,train,1906738,True
skater_D/cam_8/Toeloop_7.mp4,D,8,Toeloop,7,D_Toeloop_7,False,True,train,2767168,True
skater_D/cam_8/Toeloop_8.mp4,D,8,Toeloop,8,D_Toeloop_8,False,True,test,2802940,True
skater_D/cam_8/Toeloop_9.mp4,D,8,Toeloop,9,D_Toeloop_9,False,True,train,2778461,True
skater_D/cam_9/Axel_1.mp4,D,9,Axel,1,D_Axel_1,False,True,train,2390662,True
skater_D/cam_9/Axel_10.mp4,D,9,Axel,10,D_Axel_10,False,True,test,2920401,True
skater_D/cam_9/Axel_2.mp4,D,9,Axel,2,D_Axel_2,False,True,train,2634936,True
skater_D/cam_9/Axel_3.mp4,D,9,Axel,3,D_Axel_3,False,True,train,2334040,True
skater_D/cam_9/Axel_4.mp4,D,9,Axel,4,D_Axel_4,False,True,train,2765095,True
skater_D/cam_9/Axel_5.mp4,D,9,Axel,5,D_Axel_5,False,True,train,2486702,True
skater_D/cam_9/Axel_6.mp4,D,9,Axel,6,D_Axel_6,False,True,train,2722198,True
skater_D/cam_9/Axel_7.mp4,D,9,Axel,7,D_Axel_7,False,True,val,2270662,True
skater_D/cam_9/Axel_8.mp4,D,9,Axel,8,D_Axel_8,False,True,train,2769367,True
skater_D/cam_9/Axel_9.mp4,D,9,Axel,9,D_Axel_9,False,True,val,2510286,True
skater_D/cam_9/Flip_1.mp4,D,9,Flip,1,D_Flip_1,False,True,train,2523657,True
skater_D/cam_9/Flip_10.mp4,D,9,Flip,10,D_Flip_10,False,True,train,2982481,True
skater_D/cam_9/Flip_2.mp4,D,9,Flip,2,D_Flip_2,False,True,test,2699551,True
skater_D/cam_9/Flip_3.mp4,D,9,Flip,3,D_Flip_3,False,True,train,2437472,True
skater_D/cam_9/Flip_4.mp4,D,9,Flip,4,D_Flip_4,False,True,val,3001917,True
skater_D/cam_9/Flip_5.mp4,D,9,Flip,5,D_Flip_5,False,True,train,2922451,True
skater_D/cam_9/Flip_6.mp4,D,9,Flip,6,D_Flip_6,False,True,train,2428886,True
skater_D/cam_9/Flip_7.mp4,D,9,Flip,7,D_Flip_7,False,True,train,2888450,True
skater_D/cam_9/Flip_8.mp4,D,9,Flip,8,D_Flip_8,False,True,test,2262890,True
skater_D/cam_9/Flip_9.mp4,D,9,Flip,9,D_Flip_9,False,True,train,2706099,True
skater_D/cam_9/Loop_1.mp4,D,9,Loop,1,D_Loop_1,False,True,train,2787917,True
skater_D/cam_9/Loop_10.mp4,D,9,Loop,10,D_Loop_10,False,True,train,2884068,True
skater_D/cam_9/Loop_2.mp4,D,9,Loop,2,D_Loop_2,False,True,train,2475617,True
skater_D/cam_9/Loop_3.mp4,D,9,Loop,3,D_Loop_3,False,True,train,2209066,True
skater_D/cam_9/Loop_4.mp4,D,9,Loop,4,D_Loop_4,False,True,test,2227203,True
skater_D/cam_9/Loop_5.mp4,D,9,Loop,5,D_Loop_5,False,True,val,2712212,True
skater_D/cam_9/Loop_6.mp4,D,9,Loop,6,D_Loop_6,False,True,val,2611729,True
skater_D/cam_9/Loop_7.mp4,D,9,Loop,7,D_Loop_7,False,True,train,2890702,True
skater_D/cam_9/Loop_8.mp4,D,9,Loop,8,D_Loop_8,False,True,train,2685301,True
skater_D/cam_9/Loop_9.mp4,D,9,Loop,9,D_Loop_9,False,True,train,2873156,True
skater_D/cam_9/Lutz_1.mp4,D,9,Lutz,1,D_Lutz_1,False,True,val,2502798,True
skater_D/cam_9/Lutz_10.mp4,D,9,Lutz,10,D_Lutz_10,False,True,test,2297368,True
skater_D/cam_9/Lutz_2.mp4,D,9,Lutz,2,D_Lutz_2,False,True,train,2712914,True
skater_D/cam_9/Lutz_3.mp4,D,9,Lutz,3,D_Lutz_3,False,True,train,2467205,True
skater_D/cam_9/Lutz_4.mp4,D,9,Lutz,4,D_Lutz_4,False,True,train,2502745,True
skater_D/cam_9/Lutz_5.mp4,D,9,Lutz,5,D_Lutz_5,False,True,test,2271329,True
skater_D/cam_9/Lutz_6.mp4,D,9,Lutz,6,D_Lutz_6,False,True,train,2767719,True
skater_D/cam_9/Lutz_7.mp4,D,9,Lutz,7,D_Lutz_7,False,True,train,2455501,True
skater_D/cam_9/Lutz_8.mp4,D,9,Lutz,8,D_Lutz_8,False,True,train,2381797,True
skater_D/cam_9/Lutz_9.mp4,D,9,Lutz,9,D_Lutz_9,False,True,train,2652634,True
skater_D/cam_9/Salchow_1.mp4,D,9,Salchow,1,D_Salchow_1,False,True,test,2558763,True
skater_D/cam_9/Salchow_10.mp4,D,9,Salchow,10,D_Salchow_10,False,True,val,2825783,True
skater_D/cam_9/Salchow_2.mp4,D,9,Salchow,2,D_Salchow_2,False,True,train,2630730,True
skater_D/cam_9/Salchow_3.mp4,D,9,Salchow,3,D_Salchow_3,False,True,val,2751895,True
skater_D/cam_9/Salchow_4.mp4,D,9,Salchow,4,D_Salchow_4,False,True,train,2729762,True
skater_D/cam_9/Salchow_5.mp4,D,9,Salchow,5,D_Salchow_5,False,True,train,2780186,True
skater_D/cam_9/Salchow_6.mp4,D,9,Salchow,6,D_Salchow_6,False,True,train,2771282,True
skater_D/cam_9/Salchow_7.mp4,D,9,Salchow,7,D_Salchow_7,False,True,train,2892816,True
skater_D/cam_9/Salchow_8.mp4,D,9,Salchow,8,D_Salchow_8,False,True,train,2671318,True
skater_D/cam_9/Salchow_9.mp4,D,9,Salchow,9,D_Salchow_9,False,True,train,2749950,True
skater_D/cam_9/Toeloop_1.mp4,D,9,Toeloop,1,D_Toeloop_1,False,True,train,2772504,True
skater_D/cam_9/Toeloop_10.mp4,D,9,Toeloop,10,D_Toeloop_10,False,True,train,2420932,True
skater_D/cam_9/Toeloop_2.mp4,D,9,Toeloop,2,D_Toeloop_2,False,True,val,2532481,True
skater_D/cam_9/Toeloop_3.mp4,D,9,Toeloop,3,D_Toeloop_3,False,True,test,2304790,True
skater_D/cam_9/Toeloop_4.mp4,D,9,Toeloop,4,D_Toeloop_4,False,True,train,2695735,True
skater_D/cam_9/Toeloop_5.mp4,D,9,Toeloop,5,D_Toeloop_5,False,True,train,2642221,True
skater_D/cam_9/Toeloop_6.mp4,D,9,Toeloop,6,D_Toeloop_6,False,True,train,2250415,True
skater_D/cam_9/Toeloop_7.mp4,D,9,Toeloop,7,D_Toeloop_7,False,True,train,2808220,True
skater_D/cam_9/Toeloop_8.mp4,D,9,Toeloop,8,D_Toeloop_8,False,True,test,2909087,True
skater_D/cam_9/Toeloop_9.mp4,D,9,Toeloop,9,D_Toeloop_9,False,True,train,2689496,True
