filepath,skater,camera,jump_type,attempt_number,group_id,is_combination,is_target_class,split,file_size_bytes,mp4_header_ok
skater_A/cam_1/Axel_1.mp4,A,1,Axel,1,A_Axel_1,False,True,,2490664,True
skater_A/cam_1/Axel_10.mp4,A,1,Axel,10,A_Axel_10,False,True,,2537900,True
skater_A/cam_1/Axel_2.mp4,A,1,Axel,2,A_Axel_2,False,True,,3085273,True
skater_A/cam_1/Axel_3.mp4,A,1,Axel,3,A_Axel_3,False,True,,2589403,True
skater_A/cam_1/Axel_4.mp4,A,1,Axel,4,A_Axel_4,False,True,,2555386,True
skater_A/cam_1/Axel_5.mp4,A,1,Axel,5,A_Axel_5,False,True,,2779002,True
skater_A/cam_1/Axel_6.mp4,A,1,Axel,6,A_Axel_6,False,True,,3003848,True
skater_A/cam_1/Axel_7.mp4,A,1,Axel,7,A_Axel_7,False,True,,2482482,True
skater_A/cam_1/Axel_8.mp4,A,1,Axel,8,A_Axel_8,False,True,,3029817,True
skater_A/cam_1/Axel_9.mp4,A,1,Axel,9,A_Axel_9,False,True,,2585090,True
skater_A/cam_1/Comb_1.mp4,A,1,Comb,1,A_Comb_1,True,False,,5619032,True
skater_A/cam_1/Comb_2.mp4,A,1,Comb,2,A_Comb_2,True,False,,5002905,True
skater_A/cam_1/Comb_3.mp4,A,1,Comb,3,A_Comb_3,True,False,,5079251,True
skater_A/cam_1/Flip_1.mp4,A,1,Flip,1,A_Flip_1,False,True,,3106338,True
skater_A/cam_1/Flip_10.mp4,A,1,Flip,10,A_Flip_10,False,True,,2763082,True
skater_A/cam_1/Flip_2.mp4,A,1,Flip,2,A_Flip_2,False,True,,3120907,True
skater_A/cam_1/Flip_3.mp4,A,1,Flip,3,A_Flip_3,False,True,,2723351,True
skater_A/cam_1/Flip_4.mp4,A,1,Flip,4,A_Flip_4,False,True,,3050010,True
skater_A/cam_1/Flip_5.mp4,A,1,Flip,5,A_Flip_5,False,True,,3076593,True
skater_A/cam_1/Flip_6.mp4,A,1,Flip,6,A_Flip_6,False,True,,2962041,True
skater_A/cam_1/Flip_7.mp4,A,1,Flip,7,A_Flip_7,False,True,,3046103,True
skater_A/cam_1/Flip_8.mp4,A,1,Flip,8,A_Flip_8,False,True,,2999943,True
skater_A/cam_1/Flip_9.mp4,A,1,Flip,9,A_Flip_9,False,True,,2912566,True
skater_A/cam_1/Loop_1.mp4,A,1,Loop,1,A_Loop_1,False,True,,2839721,True
skater_A/cam_1/Loop_10.mp4,A,1,Loop,10,A_Loop_10,False,True,,2546834,True
skater_A/cam_1/Loop_2.mp4,A,1,Loop,2,A_Loop_2,False,True,,2629838,True
skater_A/cam_1/Loop_3.mp4,A,1,Loop,3,A_Loop_3,False,True,,2768047,True
skater_A/cam_1/Loop_4.mp4,A,1,Loop,4,A_Loop_4,False,True,,3166867,True
skater_A/cam_1/Loop_5.mp4,A,1,Loop,5,A_Loop_5,False,True,,3108274,True
skater_A/cam_1/Loop_6.mp4,A,1,Loop,6,A_Loop_6,False,True,,2560744,True
skater_A/cam_1/Loop_7.mp4,A,1,Loop,7,A_Loop_7,False,True,,2750523,True
skater_A/cam_1/Loop_8.mp4,A,1,Loop,8,A_Loop_8,False,True,,3010655,True
skater_A/cam_1/Loop_9.mp4,A,1,Loop,9,A_Loop_9,False,True,,3030076,True
skater_A/cam_1/Lutz_1.mp4,A,1,Lutz,1,A_Lutz_1,False,True,,3250052,True
skater_A/cam_1/Lutz_10.mp4,A,1,Lutz,10,A_Lutz_10,False,True,,2603823,True
skater_A/cam_1/Lutz_2.mp4,A,1,Lutz,2,A_Lutz_2,False,True,,2498934,True
skater_A/cam_1/Lutz_3.mp4,A,1,Lutz,3,A_Lutz_3,False,True,,2528627,True
skater_A/cam_1/Lutz_4.mp4,A,1,Lutz,4,A_Lutz_4,False,True,,2624657,True
skater_A/cam_1/Lutz_5.mp4,A,1,Lutz,5,A_Lutz_5,False,True,,3051124,True
skater_A/cam_1/Lutz_6.mp4,A,1,Lutz,6,A_Lutz_6,False,True,,3013756,True
skater_A/cam_1/Lutz_7.mp4,A,1,Lutz,7,A_Lutz_7,False,True,,2816999,True
skater_A/cam_1/Lutz_8.mp4,A,1,Lutz,8,A_Lutz_8,False,True,,3144104,True
skater_A/cam_1/Lutz_9.mp4,A,1,Lutz,9,A_Lutz_9,False,True,,2921677,True
skater_A/cam_1/Salchow_1.mp4,A,1,Salchow,1,A_Salchow_1,False,True,,2862926,True
skater_A/cam_1/Salchow_10.mp4,A,1,Salchow,10,A_Salchow_10,False,True,,3023338,True
skater_A/cam_1/Salchow_2.mp4,A,1,Salchow,2,A_Salchow_2,False,True,,2575050,True
skater_A/cam_1/Salchow_3.mp4,A,1,Salchow,3,A_Salchow_3,False,True,,2696891,True
skater_A/cam_1/Salchow_4.mp4,A,1,Salchow,4,A_Salchow_4,False,True,,3073683,True
skater_A/cam_1/Salchow_5.mp4,A,1,Salchow,5,A_Salchow_5,False,True,,2835332,True
skater_A/cam_1/Salchow_6.mp4,A,1,Salchow,6,A_Salchow_6,False,True,,2790985,True
skater_A/cam_1/Salchow_7.mp4,A,1,Salchow,7,A_Salchow_7,False,True,,2850281,True
skater_A/cam_1/Salchow_8.mp4,A,1,Salchow,8,A_Salchow_8,False,True,,3060391,True
skater_A/cam_1/Salchow_9.mp4,A,1,Salchow,9,A_Salchow_9,False,True,,2722586,True
skater_A/cam_1/Toeloop_1.mp4,A,1,Toeloop,1,A_Toeloop_1,False,True,,2822976,True
skater_A/cam_1/Toeloop_10.mp4,A,1,Toeloop,10,A_Toeloop_10,False,True,,2854411,True
skater_A/cam_1/Toeloop_2.mp4,A,1,Toeloop,2,A_Toeloop_2,False,True,,2783277,True
skater_A/cam_1/Toeloop_3.mp4,A,1,Toeloop,3,A_Toeloop_3,False,True,,3174040,True
skater_A/cam_1/Toeloop_4.mp4,A,1,Toeloop,4,A_Toeloop_4,False,True,,2885523,True
skater_A/cam_1/Toeloop_5.mp4,A,1,Toeloop,5,A_Toeloop_5,False,True,,2654230,True
skater_A/cam_1/Toeloop_6.mp4,A,1,Toeloop,6,A_Toeloop_6,False,True,,3096756,True
skater_A/cam_1/Toeloop_7.mp4,A,1,Toeloop,7,A_Toeloop_7,False,True,,2757503,True
skater_A/cam_1/Toeloop_8.mp4,A,1,Toeloop,8,A_Toeloop_8,False,True,,2896868,True
skater_A/cam_1/Toeloop_9.mp4,A,1,Toeloop,9,A_Toeloop_9,False,True,,2876035,True
skater_A/cam_10/Axel_1.mp4,A,10,Axel,1,A_Axel_1,False,True,,2122126,True
skater_A/cam_10/Axel_10.mp4,A,10,Axel,10,A_Axel_10,False,True,,2454100,True
skater_A/cam_10/Axel_2.mp4,A,10,Axel,2,A_Axel_2,False,True,,2633420,True
skater_A/cam_10/Axel_3.mp4,A,10,Axel,3,A_Axel_3,False,True,,2527045,True
skater_A/cam_10/Axel_4.mp4,A,10,Axel,4,A_Axel_4,False,True,,2043023,True
skater_A/cam_10/Axel_5.mp4,A,10,Axel,5,A_Axel_5,False,True,,2735706,True
skater_A/cam_10/Axel_6.mp4,A,10,Axel,6,A_Axel_6,False,True,,2400947,True
skater_A/cam_10/Axel_7.mp4,A,10,Axel,7,A_Axel_7,False,True,,2225373,True
skater_A/cam_10/Axel_8.mp4,A,10,Axel,8,A_Axel_8,False,True,,2699568,True
skater_A/cam_10/Axel_9.mp4,A,10,Axel,9,A_Axel_9,False,True,,2087059,True
skater_A/cam_10/Comb_1.mp4,A,10,Comb,1,A_Comb_1,True,False,,4636575,True
skater_A/cam_10/Comb_2.mp4,A,10,Comb,2,A_Comb_2,True,False,,3996113,True
skater_A/cam_10/Comb_3.mp4,A,10,Comb,3,A_Comb_3,True,False,,5071953,True
skater_A/cam_10/Flip_1.mp4,A,10,Flip,1,A_Flip_1,False,True,,2876136,True
skater_A/cam_10/Flip_10.mp4,A,10,Flip,10,A_Flip_10,False,True,,2710341,True
skater_A/cam_10/Flip_2.mp4,A,10,Flip,2,A_Flip_2,False,True,,2599668,True
skater_A/cam_10/Flip_3.mp4,A,10,Flip,3,A_Flip_3,False,True,,2825052,True
skater_A/cam_10/Flip_4.mp4,A,10,Flip,4,A_Flip_4,False,True,,2689627,True
skater_A/cam_10/Flip_5.mp4,A,10,Flip,5,A_Flip_5,False,True,,2740747,True
skater_A/cam_10/Flip_6.mp4,A,10,Flip,6,A_Flip_6,False,True,,2784137,True
skater_A/cam_10/Flip_7.mp4,A,10,Flip,7,A_Flip_7,False,True,,2846096,True
skater_A/cam_10/Flip_8.mp4,A,10,Flip,8,A_Flip_8,False,True,,2866410,True
skater_A/cam_10/Flip_9.mp4,A,10,Flip,9,A_Flip_9,False,True,,2411056,True
skater_A/cam_10/Loop_1.mp4,A,10,Loop,1,A_Loop_1,False,True,,2349437,True
skater_A/cam_10/Loop_10.mp4,A,10,Loop,10,A_Loop_10,False,True,,2404071,True
skater_A/cam_10/Loop_2.mp4,A,10,Loop,2,A_Loop_2,False,True,,2169366,True
skater_A/cam_10/Loop_3.mp4,A,10,Loop,3,A_Loop_3,False,True,,2280558,True
skater_A/cam_10/Loop_4.mp4,A,10,Loop,4,A_Loop_4,False,True,,2925894,True
skater_A/cam_10/Loop_5.mp4,A,10,Loop,5,A_Loop_5,False,True,,2711251,True
skater_A/cam_10/Loop_6.mp4,A,10,Loop,6,A_Loop_6,False,True,,1970716,True
skater_A/cam_10/Loop_7.mp4,A,10,Loop,7,A_Loop_7,False,True,,2126032,True
skater_A/cam_10/Loop_8.mp4,A,10,Loop,8,A_Loop_8,False,True,,2563043,True
skater_A/cam_10/Loop_9.mp4,A,10,Loop,9,A_Loop_9,False,True,,2824522,True
skater_A/cam_10/Lutz_1.mp4,A,10,Lutz,1,A_Lutz_1,False,True,,2736164,True
skater_A/cam_10/Lutz_10.mp4,A,10,Lutz,10,A_Lutz_10,False,True,,2558645,True
skater_A/cam_10/Lutz_2.mp4,A,10,Lutz,2,A_Lutz_2,False,True,,2336314,True
skater_A/cam_10/Lutz_3.mp4,A,10,Lutz,3,A_Lutz_3,False,True,,2537126,True
skater_A/cam_10/Lutz_4.mp4,A,10,Lutz,4,A_Lutz_4,False,True,,2451295,True
skater_A/cam_10/Lutz_5.mp4,A,10,Lutz,5,A_Lutz_5,False,True,,2772622,True
skater_A/cam_10/Lutz_6.mp4,A,10,Lutz,6,A_Lutz_6,False,True,,2902013,True
skater_A/cam_10/Lutz_7.mp4,A,10,Lutz,7,A_Lutz_7,False,True,,2531789,True
skater_A/cam_10/Lutz_8.mp4,A,10,Lutz,8,A_Lutz_8,False,True,,2878600,True
skater_A/cam_10/Lutz_9.mp4,A,10,Lutz,9,A_Lutz_9,False,True,,2342709,True
skater_A/cam_10/Salchow_1.mp4,A,10,Salchow,1,A_Salchow_1,False,True,,2350965,True
skater_A/cam_10/Salchow_10.mp4,A,10,Salchow,10,A_Salchow_10,False,True,,2549042,True
skater_A/cam_10/Salchow_2.mp4,A,10,Salchow,2,A_Salchow_2,False,True,,2326679,True
skater_A/cam_10/Salchow_3.mp4,A,10,Salchow,3,A_Salchow_3,False,True,,2207739,True
skater_A/cam_10/Salchow_4.mp4,A,10,Salchow,4,A_Salchow_4,False,True,,2834681,True
skater_A/cam_10/Salchow_5.mp4,A,10,Salchow,5,A_Salchow_5,False,True,,2323135,True
skater_A/cam_10/Salchow_6.mp4,A,10,Salchow,6,A_Salchow_6,False,True,,2541716,True
skater_A/cam_10/Salchow_7.mp4,A,10,Salchow,7,A_Salchow_7,False,True,,2315620,True
skater_A/cam_10/Salchow_8.mp4,A,10,Salchow,8,A_Salchow_8,False,True,,2828473,True
skater_A/cam_10/Salchow_9.mp4,A,10,Salchow,9,A_Salchow_9,False,True,,2574288,True
skater_A/cam_10/Toeloop_1.mp4,A,10,Toeloop,1,A_Toeloop_1,False,True,,2820666,True
skater_A/cam_10/Toeloop_10.mp4,A,10,Toeloop,10,A_Toeloop_10,False,True,,2550458,True
skater_A/cam_10/Toeloop_2.mp4,A,10,Toeloop,2,A_Toeloop_2,False,True,,2200726,True
skater_A/cam_10/Toeloop_3.mp4,A,10,Toeloop,3,A_Toeloop_3,False,True,,2757764,True
skater_A/cam_10/Toeloop_4.mp4,A,10,Toeloop,4,A_Toeloop_4,False,True,,2451137,True
skater_A/cam_10/Toeloop_5.mp4,A,10,Toeloop,5,A_Toeloop_5,False,True,,2172721,True
skater_A/cam_10/Toeloop_6.mp4,A,10,Toeloop,6,A_Toeloop_6,False,True,,2840209,True
skater_A/cam_10/Toeloop_7.mp4,A,10,Toeloop,7,A_Toeloop_7,False,True,,2197447,True
skater_A/cam_10/Toeloop_8.mp4,A,10,Toeloop,8,A_Toeloop_8,False,True,,2656658,True
skater_A/cam_10/Toeloop_9.mp4,A,10,Toeloop,9,A_Toeloop_9,False,True,,2735403,True
skater_A/cam_11/Axel_1.mp4,A,11,Axel,1,A_Axel_1,False,True,,2515187,True
skater_A/cam_11/Axel_10.mp4,A,11,Axel,10,A_Axel_10,False,True,,2867200,True
skater_A/cam_11/Axel_2.mp4,A,11,Axel,2,A_Axel_2,False,True,,3020791,True
skater_A/cam_11/Axel_3.mp4,A,11,Axel,3,A_Axel_3,False,True,,2924716,True
skater_A/cam_11/Axel_4.mp4,A,11,Axel,4,A_Axel_4,False,True,,2453560,True
skater_A/cam_11/Axel_5.mp4,A,11,Axel,5,A_Axel_5,False,True,,3155967,True
skater_A/cam_11/Axel_6.mp4,A,11,Axel,6,A_Axel_6,False,True,,2788934,True
skater_A/cam_11/Axel_7.mp4,A,11,Axel,7,A_Axel_7,False,True,,2525648,True
skater_A/cam_11/Axel_8.mp4,A,11,Axel,8,A_Axel_8,False,True,,3070808,True
skater_A/cam_11/Axel_9.mp4,A,11,Axel,9,A_Axel_9,False,True,,2381536,True
skater_A/cam_11/Comb_1.mp4,A,11,Comb,1,A_Comb_1,True,False,,5240600,True
skater_A/cam_11/Comb_2.mp4,A,11,Comb,2,A_Comb_2,True,False,,4633485,True
skater_A/cam_11/Comb_3.mp4,A,11,Comb,3,A_Comb_3,True,False,,5714633,True
skater_A/cam_11/Flip_1.mp4,A,11,Flip,1,A_Flip_1,False,True,,3290394,True
skater_A/cam_11/Flip_10.mp4,A,11,Flip,10,A_Flip_10,False,True,,2973054,True
skater_A/cam_11/Flip_2.mp4,A,11,Flip,2,A_Flip_2,False,True,,3007027,True
skater_A/cam_11/Flip_3.mp4,A,11,Flip,3,A_Flip_3,False,True,,3121457,True
skater_A/cam_11/Flip_4.mp4,A,11,Flip,4,A_Flip_4,False,True,,3101495,True
skater_A/cam_11/Flip_5.mp4,A,11,Flip,5,A_Flip_5,False,True,,3198085,True
skater_A/cam_11/Flip_6.mp4,A,11,Flip,6,A_Flip_6,False,True,,3301572,True
skater_A/cam_11/Flip_7.mp4,A,11,Flip,7,A_Flip_7,False,True,,3264206,True
skater_A/cam_11/Flip_8.mp4,A,11,Flip,8,A_Flip_8,False,True,,3330069,True
skater_A/cam_11/Flip_9.mp4,A,11,Flip,9,A_Flip_9,False,True,,2800806,True
skater_A/cam_11/Loop_1.mp4,A,11,Loop,1,A_Loop_1,False,True,,2777190,True
skater_A/cam_11/Loop_10.mp4,A,11,Loop,10,A_Loop_10,False,True,,2744974,True
skater_A/cam_11/Loop_2.mp4,A,11,Loop,2,A_Loop_2,False,True,,2510971,True
skater_A/cam_11/Loop_3.mp4,A,11,Loop,3,A_Loop_3,False,True,,2670965,True
skater_A/cam_11/Loop_4.mp4,A,11,Loop,4,A_Loop_4,False,True,,3371510,True
skater_A/cam_11/Loop_5.mp4,A,11,Loop,5,A_Loop_5,False,True,,3125111,True
skater_A/cam_11/Loop_6.mp4,A,11,Loop,6,A_Loop_6,False,True,,2477563,True
skater_A/cam_11/Loop_7.mp4,A,11,Loop,7,A_Loop_7,False,True,,2482777,True
skater_A/cam_11/Loop_8.mp4,A,11,Loop,8,A_Loop_8,False,True,,2930193,True
skater_A/cam_11/Loop_9.mp4,A,11,Loop,9,A_Loop_9,False,True,,3239633,True
skater_A/cam_11/Lutz_1.mp4,A,11,Lutz,1,A_Lutz_1,False,True,,3236235,True
skater_A/cam_11/Lutz_10.mp4,A,11,Lutz,10,A_Lutz_10,False,True,,2878569,True
skater_A/cam_11/Lutz_2.mp4,A,11,Lutz,2,A_Lutz_2,False,True,,2692967,True
skater_A/cam_11/Lutz_3.mp4,A,11,Lutz,3,A_Lutz_3,False,True,,2877370,True
skater_A/cam_11/Lutz_4.mp4,A,11,Lutz,4,A_Lutz_4,False,True,,2801385,True
skater_A/cam_11/Lutz_5.mp4,A,11,Lutz,5,A_Lutz_5,False,True,,3224928,True
skater_A/cam_11/Lutz_6.mp4,A,11,Lutz,6,A_Lutz_6,False,True,,3253362,True
skater_A/cam_11/Lutz_7.mp4,A,11,Lutz,7,A_Lutz_7,False,True,,2959582,True
skater_A/cam_11/Lutz_8.mp4,A,11,Lutz,8,A_Lutz_8,False,True,,3339439,True
skater_A/cam_11/Lutz_9.mp4,A,11,Lutz,9,A_Lutz_9,False,True,,2766535,True
skater_A/cam_11/Salchow_1.mp4,A,11,Salchow,1,A_Salchow_1,False,True,,2767399,True
skater_A/cam_11/Salchow_10.mp4,A,11,Salchow,10,A_Salchow_10,False,True,,2916024,True
skater_A/cam_11/Salchow_2.mp4,A,11,Salchow,2,A_Salchow_2,False,True,,2751354,True
skater_A/cam_11/Salchow_3.mp4,A,11,Salchow,3,A_Salchow_3,False,True,,2537610,True
skater_A/cam_11/Salchow_4.mp4,A,11,Salchow,4,A_Salchow_4,False,True,,3312086,True
skater_A/cam_11/Salchow_5.mp4,A,11,Salchow,5,A_Salchow_5,False,True,,2768486,True
skater_A/cam_11/Salchow_6.mp4,A,11,Salchow,6,A_Salchow_6,False,True,,2991329,True
skater_A/cam_11/Salchow_7.mp4,A,11,Salchow,7,A_Salchow_7,False,True,,2725897,True
skater_A/cam_11/Salchow_8.mp4,A,11,Salchow,8,A_Salchow_8,False,True,,3181328,True
skater_A/cam_11/Salchow_9.mp4,A,11,Salchow,9,A_Salchow_9,False,True,,2993905,True
skater_A/cam_11/Toeloop_1.mp4,A,11,Toeloop,1,A_Toeloop_1,False,True,,3283563,True
skater_A/cam_11/Toeloop_10.mp4,A,11,Toeloop,10,A_Toeloop_10,False,True,,2907138,True
skater_A/cam_11/Toeloop_2.mp4,A,11,Toeloop,2,A_Toeloop_2,False,True,,2598148,True
skater_A/cam_11/Toeloop_3.mp4,A,11,Toeloop,3,A_Toeloop_3,False,True,,3116688,True
skater_A/cam_11/Toeloop_4.mp4,A,11,Toeloop,4,A_Toeloop_4,False,True,,2912235,True
skater_A/cam_11/Toeloop_5.mp4,A,11,Toeloop,5,A_Toeloop_5,False,True,,2431465,True
skater_A/cam_11/Toeloop_6.mp4,A,11,Toeloop,6,A_Toeloop_6,False,True,,3188493,True
skater_A/cam_11/Toeloop_7.mp4,A,11,Toeloop,7,A_Toeloop_7,False,True,,2543579,True
skater_A/cam_11/Toeloop_8.mp4,A,11,Toeloop,8,A_Toeloop_8,False,True,,3233488,True
skater_A/cam_11/Toeloop_9.mp4,A,11,Toeloop,9,A_Toeloop_9,False,True,,3178510,True
skater_A/cam_12/Axel_1.mp4,A,12,Axel,1,A_Axel_1,False,True,,2722093,True
skater_A/cam_12/Axel_10.mp4,A,12,Axel,10,A_Axel_10,False,True,,3070000,True
skater_A/cam_12/Axel_2.mp4,A,12,Axel,2,A_Axel_2,False,True,,3192027,True
skater_A/cam_12/Axel_3.mp4,A,12,Axel,3,A_Axel_3,False,True,,3035635,True
skater_A/cam_12/Axel_4.mp4,A,12,Axel,4,A_Axel_4,False,True,,2602529,True
skater_A/cam_12/Axel_5.mp4,A,12,Axel,5,A_Axel_5,False,True,,3260868,True
skater_A/cam_12/Axel_6.mp4,A,12,Axel,6,A_Axel_6,False,True,,2946215,True
skater_A/cam_12/Axel_7.mp4,A,12,Axel,7,A_Axel_7,False,True,,2706030,True
skater_A/cam_12/Axel_8.mp4,A,12,Axel,8,A_Axel_8,False,True,,3174638,True
skater_A/cam_12/Axel_9.mp4,A,12,Axel,9,A_Axel_9,False,True,,2600382,True
skater_A/cam_12/Comb_1.mp4,A,12,Comb,1,A_Comb_1,True,False,,5395557,True
skater_A/cam_12/Comb_2.mp4,A,12,Comb,2,A_Comb_2,True,False,,4929615,True
skater_A/cam_12/Comb_3.mp4,A,12,Comb,3,A_Comb_3,True,False,,5991316,True
skater_A/cam_12/Flip_1.mp4,A,12,Flip,1,A_Flip_1,False,True,,3487216,True
skater_A/cam_12/Flip_10.mp4,A,12,Flip,10,A_Flip_10,False,True,,3149075,True
skater_A/cam_12/Flip_2.mp4,A,12,Flip,2,A_Flip_2,False,True,,3201511,True
skater_A/cam_12/Flip_3.mp4,A,12,Flip,3,A_Flip_3,False,True,,3281548,True
skater_A/cam_12/Flip_4.mp4,A,12,Flip,4,A_Flip_4,False,True,,3222485,True
skater_A/cam_12/Flip_5.mp4,A,12,Flip,5,A_Flip_5,False,True,,3235442,True
skater_A/cam_12/Flip_6.mp4,A,12,Flip,6,A_Flip_6,False,True,,3467473,True
skater_A/cam_12/Flip_7.mp4,A,12,Flip,7,A_Flip_7,False,True,,3434129,True
skater_A/cam_12/Flip_8.mp4,A,12,Flip,8,A_Flip_8,False,True,,3436650,True
skater_A/cam_12/Flip_9.mp4,A,12,Flip,9,A_Flip_9,False,True,,2944058,True
skater_A/cam_12/Loop_1.mp4,A,12,Loop,1,A_Loop_1,False,True,,2871679,True
skater_A/cam_12/Loop_10.mp4,A,12,Loop,10,A_Loop_10,False,True,,2813058,True
skater_A/cam_12/Loop_2.mp4,A,12,Loop,2,A_Loop_2,False,True,,2588576,True
skater_A/cam_12/Loop_3.mp4,A,12,Loop,3,A_Loop_3,False,True,,2822491,True
skater_A/cam_12/Loop_4.mp4,A,12,Loop,4,A_Loop_4,False,True,,3410100,True
skater_A/cam_12/Loop_5.mp4,A,12,Loop,5,A_Loop_5,False,True,,3239760,True
skater_A/cam_12/Loop_6.mp4,A,12,Loop,6,A_Loop_6,False,True,,2558027,True
skater_A/cam_12/Loop_7.mp4,A,12,Loop,7,A_Loop_7,False,True,,2601602,True
skater_A/cam_12/Loop_8.mp4,A,12,Loop,8,A_Loop_8,False,True,,3114491,True
skater_A/cam_12/Loop_9.mp4,A,12,Loop,9,A_Loop_9,False,True,,3376199,True
skater_A/cam_12/Lutz_1.mp4,A,12,Lutz,1,A_Lutz_1,False,True,,3352021,True
skater_A/cam_12/Lutz_10.mp4,A,12,Lutz,10,A_Lutz_10,False,True,,3183201,True
skater_A/cam_12/Lutz_2.mp4,A,12,Lutz,2,A_Lutz_2,False,True,,3022408,True
skater_A/cam_12/Lutz_3.mp4,A,12,Lutz,3,A_Lutz_3,False,True,,2960695,True
skater_A/cam_12/Lutz_4.mp4,A,12,Lutz,4,A_Lutz_4,False,True,,2921353,True
skater_A/cam_12/Lutz_5.mp4,A,12,Lutz,5,A_Lutz_5,False,True,,3315959,True
skater_A/cam_12/Lutz_6.mp4,A,12,Lutz,6,A_Lutz_6,False,True,,3399535,True
skater_A/cam_12/Lutz_7.mp4,A,12,Lutz,7,A_Lutz_7,False,True,,3047164,True
skater_A/cam_12/Lutz_8.mp4,A,12,Lutz,8,A_Lutz_8,False,True,,3390760,True
skater_A/cam_12/Lutz_9.mp4,A,12,Lutz,9,A_Lutz_9,False,True,,2903760,True
skater_A/cam_12/Salchow_1.mp4,A,12,Salchow,1,A_Salchow_1,False,True,,2867685,True
skater_A/cam_12/Salchow_10.mp4,A,12,Salchow,10,A_Salchow_10,False,True,,3207247,True
skater_A/cam_12/Salchow_2.mp4,A,12,Salchow,2,A_Salchow_2,False,True,,2868199,True
skater_A/cam_12/Salchow_3.mp4,A,12,Salchow,3,A_Salchow_3,False,True,,2678961,True
skater_A/cam_12/Salchow_4.mp4,A,12,Salchow,4,A_Salchow_4,False,True,,3408004,True
skater_A/cam_12/Salchow_5.mp4,A,12,Salchow,5,A_Salchow_5,False,True,,2848837,True
skater_A/cam_12/Salchow_6.mp4,A,12,Salchow,6,A_Salchow_6,False,True,,3137475,True
skater_A/cam_12/Salchow_7.mp4,A,12,Salchow,7,A_Salchow_7,False,True,,2851296,True
skater_A/cam_12/Salchow_8.mp4,A,12,Salchow,8,A_Salchow_8,False,True,,3326018,True
skater_A/cam_12/Salchow_9.mp4,A,12,Salchow,9,A_Salchow_9,False,True,,3164035,True
skater_A/cam_12/Toeloop_1.mp4,A,12,Toeloop,1,A_Toeloop_1,False,True,,3354722,True
skater_A/cam_12/Toeloop_10.mp4,A,12,Toeloop,10,A_Toeloop_10,False,True,,2967738,True
skater_A/cam_12/Toeloop_2.mp4,A,12,Toeloop,2,A_Toeloop_2,False,True,,2715474,True
skater_A/cam_12/Toeloop_3.mp4,A,12,Toeloop,3,A_Toeloop_3,False,True,,3325219,True
skater_A/cam_12/Toeloop_4.mp4,A,12,Toeloop,4,A_Toeloop_4,False,True,,2935440,True
skater_A/cam_12/Toeloop_5.mp4,A,12,Toeloop,5,A_Toeloop_5,False,True,,2666647,True
skater_A/cam_12/Toeloop_6.mp4,A,12,Toeloop,6,A_Toeloop_6,False,True,,3287161,True
skater_A/cam_12/Toeloop_7.mp4,A,12,Toeloop,7,A_Toeloop_7,False,True,,2733416,True
skater_A/cam_12/Toeloop_8.mp4,A,12,Toeloop,8,A_Toeloop_8,False,True,,3391257,True
skater_A/cam_12/Toeloop_9.mp4,A,12,Toeloop,9,A_Toeloop_9,False,True,,3268220,True
skater_A/cam_2/Axel_1.mp4,A,2,Axel,1,A_Axel_1,False,True,,2288477,True
skater_A/cam_2/Axel_10.mp4,A,2,Axel,10,A_Axel_10,False,True,,2286384,True
skater_A/cam_2/Axel_2.mp4,A,2,Axel,2,A_Axel_2,False,True,,3086684,True
skater_A/cam_2/Axel_3.mp4,A,2,Axel,3,A_Axel_3,False,True,,2540631,True
skater_A/cam_2/Axel_4.mp4,A,2,Axel,4,A_Axel_4,False,True,,2418993,True
skater_A/cam_2/Axel_5.mp4,A,2,Axel,5,A_Axel_5,False,True,,2673479,True
skater_A/cam_2/Axel_6.mp4,A,2,Axel,6,A_Axel_6,False,True,,2913590,True
skater_A/cam_2/Axel_7.mp4,A,2,Axel,7,A_Axel_7,False,True,,2424648,True
skater_A/cam_2/Axel_8.mp4,A,2,Axel,8,A_Axel_8,False,True,,3115283,True
skater_A/cam_2/Axel_9.mp4,A,2,Axel,9,A_Axel_9,False,True,,2443186,True
skater_A/cam_2/Comb_1.mp4,A,2,Comb,1,A_Comb_1,True,False,,5643421,True
skater_A/cam_2/Comb_2.mp4,A,2,Comb,2,A_Comb_2,True,False,,4691885,True
skater_A/cam_2/Comb_3.mp4,A,2,Comb,3,A_Comb_3,True,False,,4804649,True
skater_A/cam_2/Flip_1.mp4,A,2,Flip,1,A_Flip_1,False,True,,3228101,True
skater_A/cam_2/Flip_10.mp4,A,2,Flip,10,A_Flip_10,False,True,,2627612,True
skater_A/cam_2/Flip_2.mp4,A,2,Flip,2,A_Flip_2,False,True,,3138771,True
skater_A/cam_2/Flip_3.mp4,A,2,Flip,3,A_Flip_3,False,True,,2673360,True
skater_A/cam_2/Flip_4.mp4,A,2,Flip,4,A_Flip_4,False,True,,2969746,True
skater_A/cam_2/Flip_5.mp4,A,2,Flip,5,A_Flip_5,False,True,,3097440,True
skater_A/cam_2/Flip_6.mp4,A,2,Flip,6,A_Flip_6,False,True,,3115029,True
skater_A/cam_2/Flip_7.mp4,A,2,Flip,7,A_Flip_7,False,True,,3104961,True
skater_A/cam_2/Flip_8.mp4,A,2,Flip,8,A_Flip_8,False,True,,3079873,True
skater_A/cam_2/Flip_9.mp4,A,2,Flip,9,A_Flip_9,False,True,,2766749,True
skater_A/cam_2/Loop_1.mp4,A,2,Loop,1,A_Loop_1,False,True,,2852751,True
skater_A/cam_2/Loop_10.mp4,A,2,Loop,10,A_Loop_10,False,True,,2466739,True
skater_A/cam_2/Loop_2.mp4,A,2,Loop,2,A_Loop_2,False,True,,2469502,True
skater_A/cam_2/Loop_3.mp4,A,2,Loop,3,A_Loop_3,False,True,,2735588,True
skater_A/cam_2/Loop_4.mp4,A,2,Loop,4,A_Loop_4,False,True,,3117023,True
skater_A/cam_2/Loop_5.mp4,A,2,Loop,5,A_Loop_5,False,True,,2956228,True
skater_A/cam_2/Loop_6.mp4,A,2,Loop,6,A_Loop_6,False,True,,2457246,True
skater_A/cam_2/Loop_7.mp4,A,2,Loop,7,A_Loop_7,False,True,,2603099,True
skater_A/cam_2/Loop_8.mp4,A,2,Loop,8,A_Loop_8,False,True,,2896198,True
skater_A/cam_2/Loop_9.mp4,A,2,Loop,9,A_Loop_9,False,True,,3086270,True
skater_A/cam_2/Lutz_1.mp4,A,2,Lutz,1,A_Lutz_1,False,True,,3202676,True
skater_A/cam_2/Lutz_10.mp4,A,2,Lutz,10,A_Lutz_10,False,True,,2578861,True
skater_A/cam_2/Lutz_2.mp4,A,2,Lutz,2,A_Lutz_2,False,True,,2394618,True
skater_A/cam_2/Lutz_3.mp4,A,2,Lutz,3,A_Lutz_3,False,True,,2420506,True
skater_A/cam_2/Lutz_4.mp4,A,2,Lutz,4,A_Lutz_4,False,True,,2482278,True
skater_A/cam_2/Lutz_5.mp4,A,2,Lutz,5,A_Lutz_5,False,True,,3182054,True
skater_A/cam_2/Lutz_6.mp4,A,2,Lutz,6,A_Lutz_6,False,True,,3169515,True
skater_A/cam_2/Lutz_7.mp4,A,2,Lutz,7,A_Lutz_7,False,True,,2718476,True
skater_A/cam_2/Lutz_8.mp4,A,2,Lutz,8,A_Lutz_8,False,True,,3228205,True
skater_A/cam_2/Lutz_9.mp4,A,2,Lutz,9,A_Lutz_9,False,True,,2882823,True
skater_A/cam_2/Salchow_1.mp4,A,2,Salchow,1,A_Salchow_1,False,True,,2790692,True
skater_A/cam_2/Salchow_10.mp4,A,2,Salchow,10,A_Salchow_10,False,True,,2979245,True
skater_A/cam_2/Salchow_2.mp4,A,2,Salchow,2,A_Salchow_2,False,True,,2463551,True
skater_A/cam_2/Salchow_3.mp4,A,2,Salchow,3,A_Salchow_3,False,True,,2593030,True
skater_A/cam_2/Salchow_4.mp4,A,2,Salchow,4,A_Salchow_4,False,True,,3188834,True
skater_A/cam_2/Salchow_5.mp4,A,2,Salchow,5,A_Salchow_5,False,True,,2796748,True
skater_A/cam_2/Salchow_6.mp4,A,2,Salchow,6,A_Salchow_6,False,True,,2693587,True
skater_A/cam_2/Salchow_7.mp4,A,2,Salchow,7,A_Salchow_7,False,True,,2848340,True
skater_A/cam_2/Salchow_8.mp4,A,2,Salchow,8,A_Salchow_8,False,True,,3205800,True
skater_A/cam_2/Salchow_9.mp4,A,2,Salchow,9,A_Salchow_9,False,True,,2674770,True
skater_A/cam_2/Toeloop_1.mp4,A,2,Toeloop,1,A_Toeloop_1,False,True,,2797472,True
skater_A/cam_2/Toeloop_10.mp4,A,2,Toeloop,10,A_Toeloop_10,False,True,,2869537,True
skater_A/cam_2/Toeloop_2.mp4,A,2,Toeloop,2,A_Toeloop_2,False,True,,2723950,True
skater_A/cam_2/Toeloop_3.mp4,A,2,Toeloop,3,A_Toeloop_3,False,True,,3067974,True
skater_A/cam_2/Toeloop_4.mp4,A,2,Toeloop,4,A_Toeloop_4,False,True,,2928961,True
skater_A/cam_2/Toeloop_5.mp4,A,2,Toeloop,5,A_Toeloop_5,False,True,,2522260,True
skater_A/cam_2/Toeloop_6.mp4,A,2,Toeloop,6,A_Toeloop_6,False,True,,3079213,True
skater_A/cam_2/Toeloop_7.mp4,A,2,Toeloop,7,A_Toeloop_7,False,True,,2630201,True
skater_A/cam_2/Toeloop_8.mp4,A,2,Toeloop,8,A_Toeloop_8,False,True,,3063316,True
skater_A/cam_2/Toeloop_9.mp4,A,2,Toeloop,9,A_Toeloop_9,False,True,,2736126,True
skater_A/cam_3/Axel_1.mp4,A,3,Axel,1,A_Axel_1,False,True,,2424876,True
skater_A/cam_3/Axel_10.mp4,A,3,Axel,10,A_Axel_10,False,True,,2411944,True
skater_A/cam_3/Axel_2.mp4,A,3,Axel,2,A_Axel_2,False,True,,3556060,True
skater_A/cam_3/Axel_3.mp4,A,3,Axel,3,A_Axel_3,False,True,,2561161,True
skater_A/cam_3/Axel_4.mp4,A,3,Axel,4,A_Axel_4,False,True,,2479187,True
skater_A/cam_3/Axel_5.mp4,A,3,Axel,5,A_Axel_5,False,True,,2691483,True
skater_A/cam_3/Axel_6.mp4,A,3,Axel,6,A_Axel_6,False,True,,3079018,True
skater_A/cam_3/Axel_7.mp4,A,3,Axel,7,A_Axel_7,False,True,,2385753,True
skater_A/cam_3/Axel_8.mp4,A,3,Axel,8,A_Axel_8,False,True,,2979603,True
skater_A/cam_3/Axel_9.mp4,A,3,Axel,9,A_Axel_9,False,True,,2601528,True
skater_A/cam_3/Comb_1.mp4,A,3,Comb,1,A_Comb_1,True,False,,5862070,True
skater_A/cam_3/Comb_2.mp4,A,3,Comb,2,A_Comb_2,True,False,,4993935,True
skater_A/cam_3/Comb_3.mp4,A,3,Comb,3,A_Comb_3,True,False,,5085535,True
skater_A/cam_3/Flip_1.mp4,A,3,Flip,1,A_Flip_1,False,True,,2938388,True
skater_A/cam_3/Flip_10.mp4,A,3,Flip,10,A_Flip_10,False,True,,2612040,True
skater_A/cam_3/Flip_2.mp4,A,3,Flip,2,A_Flip_2,False,True,,3033653,True
skater_A/cam_3/Flip_3.mp4,A,3,Flip,3,A_Flip_3,False,True,,2832568,True
skater_A/cam_3/Flip_4.mp4,A,3,Flip,4,A_Flip_4,False,True,,2978830,True
skater_A/cam_3/Flip_5.mp4,A,3,Flip,5,A_Flip_5,False,True,,3032824,True
skater_A/cam_3/Flip_6.mp4,A,3,Flip,6,A_Flip_6,False,True,,3057161,True
skater_A/cam_3/Flip_7.mp4,A,3,Flip,7,A_Flip_7,False,True,,3070408,True
skater_A/cam_3/Flip_8.mp4,A,3,Flip,8,A_Flip_8,False,True,,3007300,True
skater_A/cam_3/Flip_9.mp4,A,3,Flip,9,A_Flip_9,False,True,,2960247,True
skater_A/cam_3/Loop_1.mp4,A,3,Loop,1,A_Loop_1,False,True,,2785409,True
skater_A/cam_3/Loop_10.mp4,A,3,Loop,10,A_Loop_10,False,True,,2467291,True
skater_A/cam_3/Loop_2.mp4,A,3,Loop,2,A_Loop_2,False,True,,2448156,True
skater_A/cam_3/Loop_3.mp4,A,3,Loop,3,A_Loop_3,False,True,,2794558,True
skater_A/cam_3/Loop_4.mp4,A,3,Loop,4,A_Loop_4,False,True,,2994857,True
skater_A/cam_3/Loop_5.mp4,A,3,Loop,5,A_Loop_5,False,True,,2961464,True
skater_A/cam_3/Loop_6.mp4,A,3,Loop,6,A_Loop_6,False,True,,2431657,True
skater_A/cam_3/Loop_7.mp4,A,3,Loop,7,A_Loop_7,False,True,,2607891,True
skater_A/cam_3/Loop_8.mp4,A,3,Loop,8,A_Loop_8,False,True,,2798728,True
skater_A/cam_3/Loop_9.mp4,A,3,Loop,9,A_Loop_9,False,True,,2973829,True
skater_A/cam_3/Lutz_1.mp4,A,3,Lutz,1,A_Lutz_1,False,True,,2916060,True
skater_A/cam_3/Lutz_10.mp4,A,3,Lutz,10,A_Lutz_10,False,True,,2753235,True
skater_A/cam_3/Lutz_2.mp4,A,3,Lutz,2,A_Lutz_2,False,True,,2381879,True
skater_A/cam_3/Lutz_3.mp4,A,3,Lutz,3,A_Lutz_3,False,True,,2586441,True
skater_A/cam_3/Lutz_4.mp4,A,3,Lutz,4,A_Lutz_4,False,True,,2436988,True
skater_A/cam_3/Lutz_5.mp4,A,3,Lutz,5,A_Lutz_5,False,True,,3104278,True
skater_A/cam_3/Lutz_6.mp4,A,3,Lutz,6,A_Lutz_6,False,True,,3108648,True
skater_A/cam_3/Lutz_7.mp4,A,3,Lutz,7,A_Lutz_7,False,True,,2770380,True
skater_A/cam_3/Lutz_8.mp4,A,3,Lutz,8,A_Lutz_8,False,True,,3664905,True
skater_A/cam_3/Lutz_9.mp4,A,3,Lutz,9,A_Lutz_9,False,True,,2894129,True
skater_A/cam_3/Salchow_1.mp4,A,3,Salchow,1,A_Salchow_1,False,True,,2792598,True
skater_A/cam_3/Salchow_10.mp4,A,3,Salchow,10,A_Salchow_10,False,True,,2813639,True
skater_A/cam_3/Salchow_2.mp4,A,3,Salchow,2,A_Salchow_2,False,True,,2454521,True
skater_A/cam_3/Salchow_3.mp4,A,3,Salchow,3,A_Salchow_3,False,True,,2715843,True
skater_A/cam_3/Salchow_4.mp4,A,3,Salchow,4,A_Salchow_4,False,True,,3165735,True
skater_A/cam_3/Salchow_5.mp4,A,3,Salchow,5,A_Salchow_5,False,True,,2771270,True
skater_A/cam_3/Salchow_6.mp4,A,3,Salchow,6,A_Salchow_6,False,True,,2763131,True
skater_A/cam_3/Salchow_7.mp4,A,3,Salchow,7,A_Salchow_7,False,True,,2842698,True
skater_A/cam_3/Salchow_8.mp4,A,3,Salchow,8,A_Salchow_8,False,True,,3163695,True
skater_A/cam_3/Salchow_9.mp4,A,3,Salchow,9,A_Salchow_9,False,True,,2709637,True
skater_A/cam_3/Toeloop_1.mp4,A,3,Toeloop,1,A_Toeloop_1,False,True,,2786126,True
skater_A/cam_3/Toeloop_10.mp4,A,3,Toeloop,10,A_Toeloop_10,False,True,,2986054,True
skater_A/cam_3/Toeloop_2.mp4,A,3,Toeloop,2,A_Toeloop_2,False,True,,2710765,True
skater_A/cam_3/Toeloop_3.mp4,A,3,Toeloop,3,A_Toeloop_3,False,True,,2945287,True
skater_A/cam_3/Toeloop_4.mp4,A,3,Toeloop,4,A_Toeloop_4,False,True,,2831388,True
skater_A/cam_3/Toeloop_5.mp4,A,3,Toeloop,5,A_Toeloop_5,False,True,,2672180,True
skater_A/cam_3/Toeloop_6.mp4,A,3,Toeloop,6,A_Toeloop_6,False,True,,3064162,True
skater_A/cam_3/Toeloop_7.mp4,A,3,Toeloop,7,A_Toeloop_7,False,True,,2685554,True
skater_A/cam_3/Toeloop_8.mp4,A,3,Toeloop,8,A_Toeloop_8,False,True,,2876438,True
skater_A/cam_3/Toeloop_9.mp4,A,3,Toeloop,9,A_Toeloop_9,False,True,,2776019,True
skater_A/cam_4/Axel_1.mp4,A,4,Axel,1,A_Axel_1,False,True,,2341104,True
skater_A/cam_4/Axel_10.mp4,A,4,Axel,10,A_Axel_10,False,True,,2402856,True
skater_A/cam_4/Axel_2.mp4,A,4,Axel,2,A_Axel_2,False,True,,3098520,True
skater_A/cam_4/Axel_3.mp4,A,4,Axel,3,A_Axel_3,False,True,,2602424,True
skater_A/cam_4/Axel_4.mp4,A,4,Axel,4,A_Axel_4,False,True,,2401180,True
skater_A/cam_4/Axel_5.mp4,A,4,Axel,5,A_Axel_5,False,True,,2781594,True
skater_A/cam_4/Axel_6.mp4,A,4,Axel,6,A_Axel_6,False,True,,2913188,True
skater_A/cam_4/Axel_7.mp4,A,4,Axel,7,A_Axel_7,False,True,,2333060,True
skater_A/cam_4/Axel_8.mp4,A,4,Axel,8,A_Axel_8,False,True,,3013915,True
skater_A/cam_4/Axel_9.mp4,A,4,Axel,9,A_Axel_9,False,True,,2404938,True
skater_A/cam_4/Comb_1.mp4,A,4,Comb,1,A_Comb_1,True,False,,5692349,True
skater_A/cam_4/Comb_2.mp4,A,4,Comb,2,A_Comb_2,True,False,,4680436,True
skater_A/cam_4/Comb_3.mp4,A,4,Comb,3,A_Comb_3,True,False,,5113782,True
skater_A/cam_4/Flip_1.mp4,A,4,Flip,1,A_Flip_1,False,True,,3184836,True
skater_A/cam_4/Flip_10.mp4,A,4,Flip,10,A_Flip_10,False,True,,2956312,True
skater_A/cam_4/Flip_2.mp4,A,4,Flip,2,A_Flip_2,False,True,,3085001,True
skater_A/cam_4/Flip_3.mp4,A,4,Flip,3,A_Flip_3,False,True,,2868149,True
skater_A/cam_4/Flip_4.mp4,A,4,Flip,4,A_Flip_4,False,True,,2843050,True
skater_A/cam_4/Flip_5.mp4,A,4,Flip,5,A_Flip_5,False,True,,3036370,True
skater_A/cam_4/Flip_6.mp4,A,4,Flip,6,A_Flip_6,False,True,,3233876,True
skater_A/cam_4/Flip_7.mp4,A,4,Flip,7,A_Flip_7,False,True,,3183344,True
skater_A/cam_4/Flip_8.mp4,A,4,Flip,8,A_Flip_8,False,True,,3074551,True
skater_A/cam_4/Flip_9.mp4,A,4,Flip,9,A_Flip_9,False,True,,2614461,True
skater_A/cam_4/Loop_1.mp4,A,4,Loop,1,A_Loop_1,False,True,,2689575,True
skater_A/cam_4/Loop_10.mp4,A,4,Loop,10,A_Loop_10,False,True,,2416935,True
skater_A/cam_4/Loop_2.mp4,A,4,Loop,2,A_Loop_2,False,True,,2346746,True
skater_A/cam_4/Loop_3.mp4,A,4,Loop,3,A_Loop_3,False,True,,2560575,True
skater_A/cam_4/Loop_4.mp4,A,4,Loop,4,A_Loop_4,False,True,,3126882,True
skater_A/cam_4/Loop_5.mp4,A,4,Loop,5,A_Loop_5,False,True,,2915269,True
skater_A/cam_4/Loop_6.mp4,A,4,Loop,6,A_Loop_6,False,True,,2281881,True
skater_A/cam_4/Loop_7.mp4,A,4,Loop,7,A_Loop_7,False,True,,2325674,True
skater_A/cam_4/Loop_8.mp4,A,4,Loop,8,A_Loop_8,False,True,,2759418,True
skater_A/cam_4/Loop_9.mp4,A,4,Loop,9,A_Loop_9,False,True,,3026106,True
skater_A/cam_4/Lutz_1.mp4,A,4,Lutz,1,A_Lutz_1,False,True,,2855126,True
skater_A/cam_4/Lutz_10.mp4,A,4,Lutz,10,A_Lutz_10,False,True,,2602930,True
skater_A/cam_4/Lutz_2.mp4,A,4,Lutz,2,A_Lutz_2,False,True,,2184194,True
skater_A/cam_4/Lutz_3.mp4,A,4,Lutz,3,A_Lutz_3,False,True,,2487998,True
skater_A/cam_4/Lutz_4.mp4,A,4,Lutz,4,A_Lutz_4,False,True,,2363282,True
skater_A/cam_4/Lutz_5.mp4,A,4,Lutz,5,A_Lutz_5,False,True,,3062397,True
skater_A/cam_4/Lutz_6.mp4,A,4,Lutz,6,A_Lutz_6,False,True,,3157788,True
skater_A/cam_4/Lutz_7.mp4,A,4,Lutz,7,A_Lutz_7,False,True,,2712400,True
skater_A/cam_4/Lutz_8.mp4,A,4,Lutz,8,A_Lutz_8,False,True,,3119313,True
skater_A/cam_4/Lutz_9.mp4,A,4,Lutz,9,A_Lutz_9,False,True,,2775503,True
skater_A/cam_4/Salchow_1.mp4,A,4,Salchow,1,A_Salchow_1,False,True,,2660097,True
skater_A/cam_4/Salchow_10.mp4,A,4,Salchow,10,A_Salchow_10,False,True,,3022214,True
skater_A/cam_4/Salchow_2.mp4,A,4,Salchow,2,A_Salchow_2,False,True,,2366574,True
skater_A/cam_4/Salchow_3.mp4,A,4,Salchow,3,A_Salchow_3,False,True,,2500747,True
skater_A/cam_4/Salchow_4.mp4,A,4,Salchow,4,A_Salchow_4,False,True,,3159471,True
skater_A/cam_4/Salchow_5.mp4,A,4,Salchow,5,A_Salchow_5,False,True,,2699818,True
skater_A/cam_4/Salchow_6.mp4,A,4,Salchow,6,A_Salchow_6,False,True,,2711154,True
skater_A/cam_4/Salchow_7.mp4,A,4,Salchow,7,A_Salchow_7,False,True,,2805469,True
skater_A/cam_4/Salchow_8.mp4,A,4,Salchow,8,A_Salchow_8,False,True,,3169010,True
skater_A/cam_4/Salchow_9.mp4,A,4,Salchow,9,A_Salchow_9,False,True,,2709207,True
skater_A/cam_4/Toeloop_1.mp4,A,4,Toeloop,1,A_Toeloop_1,False,True,,2952429,True
skater_A/cam_4/Toeloop_10.mp4,A,4,Toeloop,10,A_Toeloop_10,False,True,,3013014,True
skater_A/cam_4/Toeloop_2.mp4,A,4,Toeloop,2,A_Toeloop_2,False,True,,2607105,True
skater_A/cam_4/Toeloop_3.mp4,A,4,Toeloop,3,A_Toeloop_3,False,True,,2899657,True
skater_A/cam_4/Toeloop_4.mp4,A,4,Toeloop,4,A_Toeloop_4,False,True,,2805353,True
skater_A/cam_4/Toeloop_5.mp4,A,4,Toeloop,5,A_Toeloop_5,False,True,,2403691,True
skater_A/cam_4/Toeloop_6.mp4,A,4,Toeloop,6,A_Toeloop_6,False,True,,3054364,True
skater_A/cam_4/Toeloop_7.mp4,A,4,Toeloop,7,A_Toeloop_7,False,True,,2575649,True
skater_A/cam_4/Toeloop_8.mp4,A,4,Toeloop,8,A_Toeloop_8,False,True,,2981572,True
skater_A/cam_4/Toeloop_9.mp4,A,4,Toeloop,9,A_Toeloop_9,False,True,,2806311,True
skater_A/cam_5/Axel_1.mp4,A,5,Axel,1,A_Axel_1,False,True,,2331390,True
skater_A/cam_5/Axel_10.mp4,A,5,Axel,10,A_Axel_10,False,True,,2515504,True
skater_A/cam_5/Axel_2.mp4,A,5,Axel,2,A_Axel_2,False,True,,3262335,True
skater_A/cam_5/Axel_3.mp4,A,5,Axel,3,A_Axel_3,False,True,,2589198,True
skater_A/cam_5/Axel_4.mp4,A,5,Axel,4,A_Axel_4,False,True,,2435912,True
skater_A/cam_5/Axel_5.mp4,A,5,Axel,5,A_Axel_5,False,True,,2761103,True
skater_A/cam_5/Axel_6.mp4,A,5,Axel,6,A_Axel_6,False,True,,2833114,True
skater_A/cam_5/Axel_7.mp4,A,5,Axel,7,A_Axel_7,False,True,,2365031,True
skater_A/cam_5/Axel_8.mp4,A,5,Axel,8,A_Axel_8,False,True,,2889482,True
skater_A/cam_5/Axel_9.mp4,A,5,Axel,9,A_Axel_9,False,True,,2413954,True
skater_A/cam_5/Comb_1.mp4,A,5,Comb,1,A_Comb_1,True,False,,5543747,True
skater_A/cam_5/Comb_2.mp4,A,5,Comb,2,A_Comb_2,True,False,,4570200,True
skater_A/cam_5/Comb_3.mp4,A,5,Comb,3,A_Comb_3,True,False,,5129890,True
skater_A/cam_5/Flip_1.mp4,A,5,Flip,1,A_Flip_1,False,True,,2865311,True
skater_A/cam_5/Flip_10.mp4,A,5,Flip,10,A_Flip_10,False,True,,2893670,True
skater_A/cam_5/Flip_2.mp4,A,5,Flip,2,A_Flip_2,False,True,,2789613,True
skater_A/cam_5/Flip_3.mp4,A,5,Flip,3,A_Flip_3,False,True,,2764968,True
skater_A/cam_5/Flip_4.mp4,A,5,Flip,4,A_Flip_4,False,True,,2825480,True
skater_A/cam_5/Flip_5.mp4,A,5,Flip,5,A_Flip_5,False,True,,2812678,True
skater_A/cam_5/Flip_6.mp4,A,5,Flip,6,A_Flip_6,False,True,,2941007,True
skater_A/cam_5/Flip_7.mp4,A,5,Flip,7,A_Flip_7,False,True,,2949013,True
skater_A/cam_5/Flip_8.mp4,A,5,Flip,8,A_Flip_8,False,True,,3003128,True
skater_A/cam_5/Flip_9.mp4,A,5,Flip,9,A_Flip_9,False,True,,2618295,True
skater_A/cam_5/Loop_1.mp4,A,5,Loop,1,A_Loop_1,False,True,,2579636,True
skater_A/cam_5/Loop_10.mp4,A,5,Loop,10,A_Loop_10,False,True,,2368758,True
skater_A/cam_5/Loop_2.mp4,A,5,Loop,2,A_Loop_2,False,True,,2285700,True
skater_A/cam_5/Loop_3.mp4,A,5,Loop,3,A_Loop_3,False,True,,2544731,True
skater_A/cam_5/Loop_4.mp4,A,5,Loop,4,A_Loop_4,False,True,,2919491,True
skater_A/cam_5/Loop_5.mp4,A,5,Loop,5,A_Loop_5,False,True,,2784141,True
skater_A/cam_5/Loop_6.mp4,A,5,Loop,6,A_Loop_6,False,True,,2214291,True
skater_A/cam_5/Loop_7.mp4,A,5,Loop,7,A_Loop_7,False,True,,2367860,True
skater_A/cam_5/Loop_8.mp4,A,5,Loop,8,A_Loop_8,False,True,,2645240,True
skater_A/cam_5/Loop_9.mp4,A,5,Loop,9,A_Loop_9,False,True,,3153486,True
skater_A/cam_5/Lutz_1.mp4,A,5,Lutz,1,A_Lutz_1,False,True,,2859648,True
skater_A/cam_5/Lutz_10.mp4,A,5,Lutz,10,A_Lutz_10,False,True,,2566611,True
skater_A/cam_5/Lutz_2.mp4,A,5,Lutz,2,A_Lutz_2,False,True,,2301207,True
skater_A/cam_5/Lutz_3.mp4,A,5,Lutz,3,A_Lutz_3,False,True,,2482883,True
skater_A/cam_5/Lutz_4.mp4,A,5,Lutz,4,A_Lutz_4,False,True,,2356788,True
skater_A/cam_5/Lutz_5.mp4,A,5,Lutz,5,A_Lutz_5,False,True,,3071316,True
skater_A/cam_5/Lutz_6.mp4,A,5,Lutz,6,A_Lutz_6,False,True,,2957697,True
skater_A/cam_5/Lutz_7.mp4,A,5,Lutz,7,A_Lutz_7,False,True,,2575386,True
skater_A/cam_5/Lutz_8.mp4,A,5,Lutz,8,A_Lutz_8,False,True,,2985197,True
skater_A/cam_5/Lutz_9.mp4,A,5,Lutz,9,A_Lutz_9,False,True,,2690400,True
skater_A/cam_5/Salchow_1.mp4,A,5,Salchow,1,A_Salchow_1,False,True,,2542803,True
skater_A/cam_5/Salchow_10.mp4,A,5,Salchow,10,A_Salchow_10,False,True,,2848906,True
skater_A/cam_5/Salchow_2.mp4,A,5,Salchow,2,A_Salchow_2,False,True,,2445801,True
skater_A/cam_5/Salchow_3.mp4,A,5,Salchow,3,A_Salchow_3,False,True,,2499840,True
skater_A/cam_5/Salchow_4.mp4,A,5,Salchow,4,A_Salchow_4,False,True,,3028825,True
skater_A/cam_5/Salchow_5.mp4,A,5,Salchow,5,A_Salchow_5,False,True,,2629764,True
skater_A/cam_5/Salchow_6.mp4,A,5,Salchow,6,A_Salchow_6,False,True,,2647688,True
skater_A/cam_5/Salchow_7.mp4,A,5,Salchow,7,A_Salchow_7,False,True,,2720196,True
skater_A/cam_5/Salchow_8.mp4,A,5,Salchow,8,A_Salchow_8,False,True,,2998147,True
skater_A/cam_5/Salchow_9.mp4,A,5,Salchow,9,A_Salchow_9,False,True,,2663506,True
skater_A/cam_5/Toeloop_1.mp4,A,5,Toeloop,1,A_Toeloop_1,False,True,,2762735,True
skater_A/cam_5/Toeloop_10.mp4,A,5,Toeloop,10,A_Toeloop_10,False,True,,2855614,True
skater_A/cam_5/Toeloop_2.mp4,A,5,Toeloop,2,A_Toeloop_2,False,True,,2394527,True
skater_A/cam_5/Toeloop_3.mp4,A,5,Toeloop,3,A_Toeloop_3,False,True,,2768508,True
skater_A/cam_5/Toeloop_4.mp4,A,5,Toeloop,4,A_Toeloop_4,False,True,,2625042,True
skater_A/cam_5/Toeloop_5.mp4,A,5,Toeloop,5,A_Toeloop_5,False,True,,2285631,True
skater_A/cam_5/Toeloop_6.mp4,A,5,Toeloop,6,A_Toeloop_6,False,True,,2845224,True
skater_A/cam_5/Toeloop_7.mp4,A,5,Toeloop,7,A_Toeloop_7,False,True,,2501895,True
skater_A/cam_5/Toeloop_8.mp4,A,5,Toeloop,8,A_Toeloop_8,False,True,,3034426,True
skater_A/cam_5/Toeloop_9.mp4,A,5,Toeloop,9,A_Toeloop_9,False,True,,2715830,True
skater_A/cam_6/Axel_1.mp4,A,6,Axel,1,A_Axel_1,False,True,,2589756,True
skater_A/cam_6/Axel_10.mp4,A,6,Axel,10,A_Axel_10,False,True,,2808320,True
skater_A/cam_6/Axel_2.mp4,A,6,Axel,2,A_Axel_2,False,True,,3142188,True
skater_A/cam_6/Axel_3.mp4,A,6,Axel,3,A_Axel_3,False,True,,2839969,True
skater_A/cam_6/Axel_4.mp4,A,6,Axel,4,A_Axel_4,False,True,,2690532,True
skater_A/cam_6/Axel_5.mp4,A,6,Axel,5,A_Axel_5,False,True,,3028452,True
skater_A/cam_6/Axel_6.mp4,A,6,Axel,6,A_Axel_6,False,True,,3095577,True
skater_A/cam_6/Axel_7.mp4,A,6,Axel,7,A_Axel_7,False,True,,2644498,True
skater_A/cam_6/Axel_8.mp4,A,6,Axel,8,A_Axel_8,False,True,,3157280,True
skater_A/cam_6/Axel_9.mp4,A,6,Axel,9,A_Axel_9,False,True,,2685748,True
skater_A/cam_6/Comb_1.mp4,A,6,Comb,1,A_Comb_1,True,False,,6293673,True
skater_A/cam_6/Comb_2.mp4,A,6,Comb,2,A_Comb_2,True,False,,5255387,True
skater_A/cam_6/Comb_3.mp4,A,6,Comb,3,A_Comb_3,True,False,,5597019,True
skater_A/cam_6/Flip_1.mp4,A,6,Flip,1,A_Flip_1,False,True,,3077985,True
skater_A/cam_6/Flip_10.mp4,A,6,Flip,10,A_Flip_10,False,True,,3101805,True
skater_A/cam_6/Flip_2.mp4,A,6,Flip,2,A_Flip_2,False,True,,3391968,True
skater_A/cam_6/Flip_3.mp4,A,6,Flip,3,A_Flip_3,False,True,,2990686,True
skater_A/cam_6/Flip_4.mp4,A,6,Flip,4,A_Flip_4,False,True,,3082997,True
skater_A/cam_6/Flip_5.mp4,A,6,Flip,5,A_Flip_5,False,True,,3147690,True
skater_A/cam_6/Flip_6.mp4,A,6,Flip,6,A_Flip_6,False,True,,3568091,True
skater_A/cam_6/Flip_7.mp4,A,6,Flip,7,A_Flip_7,False,True,,3222915,True
skater_A/cam_6/Flip_8.mp4,A,6,Flip,8,A_Flip_8,False,True,,3088219,True
skater_A/cam_6/Flip_9.mp4,A,6,Flip,9,A_Flip_9,False,True,,2858131,True
skater_A/cam_6/Loop_1.mp4,A,6,Loop,1,A_Loop_1,False,True,,2908716,True
skater_A/cam_6/Loop_10.mp4,A,6,Loop,10,A_Loop_10,False,True,,2596692,True
skater_A/cam_6/Loop_2.mp4,A,6,Loop,2,A_Loop_2,False,True,,2564485,True
skater_A/cam_6/Loop_3.mp4,A,6,Loop,3,A_Loop_3,False,True,,2830563,True
skater_A/cam_6/Loop_4.mp4,A,6,Loop,4,A_Loop_4,False,True,,3262010,True
skater_A/cam_6/Loop_5.mp4,A,6,Loop,5,A_Loop_5,False,True,,3091500,True
skater_A/cam_6/Loop_6.mp4,A,6,Loop,6,A_Loop_6,False,True,,2556041,True
skater_A/cam_6/Loop_7.mp4,A,6,Loop,7,A_Loop_7,False,True,,2604649,True
skater_A/cam_6/Loop_8.mp4,A,6,Loop,8,A_Loop_8,False,True,,2933188,True
skater_A/cam_6/Loop_9.mp4,A,6,Loop,9,A_Loop_9,False,True,,3181524,True
skater_A/cam_6/Lutz_1.mp4,A,6,Lutz,1,A_Lutz_1,False,True,,3000232,True
skater_A/cam_6/Lutz_10.mp4,A,6,Lutz,10,A_Lutz_10,False,True,,2908746,True
skater_A/cam_6/Lutz_2.mp4,A,6,Lutz,2,A_Lutz_2,False,True,,2479950,True
skater_A/cam_6/Lutz_3.mp4,A,6,Lutz,3,A_Lutz_3,False,True,,2648564,True
skater_A/cam_6/Lutz_4.mp4,A,6,Lutz,4,A_Lutz_4,False,True,,2618084,True
skater_A/cam_6/Lutz_5.mp4,A,6,Lutz,5,A_Lutz_5,False,True,,3225914,True
skater_A/cam_6/Lutz_6.mp4,A,6,Lutz,6,A_Lutz_6,False,True,,3541416,True
skater_A/cam_6/Lutz_7.mp4,A,6,Lutz,7,A_Lutz_7,False,True,,2968660,True
skater_A/cam_6/Lutz_8.mp4,A,6,Lutz,8,A_Lutz_8,False,True,,3553779,True
skater_A/cam_6/Lutz_9.mp4,A,6,Lutz,9,A_Lutz_9,False,True,,2953486,True
skater_A/cam_6/Salchow_1.mp4,A,6,Salchow,1,A_Salchow_1,False,True,,2822015,True
skater_A/cam_6/Salchow_10.mp4,A,6,Salchow,10,A_Salchow_10,False,True,,3334527,True
skater_A/cam_6/Salchow_2.mp4,A,6,Salchow,2,A_Salchow_2,False,True,,2670031,True
skater_A/cam_6/Salchow_3.mp4,A,6,Salchow,3,A_Salchow_3,False,True,,2804253,True
skater_A/cam_6/Salchow_4.mp4,A,6,Salchow,4,A_Salchow_4,False,True,,3560916,True
skater_A/cam_6/Salchow_5.mp4,A,6,Salchow,5,A_Salchow_5,False,True,,2882884,True
skater_A/cam_6/Salchow_6.mp4,A,6,Salchow,6,A_Salchow_6,False,True,,2988610,True
skater_A/cam_6/Salchow_7.mp4,A,6,Salchow,7,A_Salchow_7,False,True,,2979918,True
skater_A/cam_6/Salchow_8.mp4,A,6,Salchow,8,A_Salchow_8,False,True,,3196799,True
skater_A/cam_6/Salchow_9.mp4,A,6,Salchow,9,A_Salchow_9,False,True,,2970190,True
skater_A/cam_6/Toeloop_1.mp4,A,6,Toeloop,1,A_Toeloop_1,False,True,,3065297,True
skater_A/cam_6/Toeloop_10.mp4,A,6,Toeloop,10,A_Toeloop_10,False,True,,2944329,True
skater_A/cam_6/Toeloop_2.mp4,A,6,Toeloop,2,A_Toeloop_2,False,True,,2754794,True
skater_A/cam_6/Toeloop_3.mp4,A,6,Toeloop,3,A_Toeloop_3,False,True,,3097774,True
skater_A/cam_6/Toeloop_4.mp4,A,6,Toeloop,4,A_Toeloop_4,False,True,,2958958,True
skater_A/cam_6/Toeloop_5.mp4,A,6,Toeloop,5,A_Toeloop_5,False,True,,2677714,True
skater_A/cam_6/Toeloop_6.mp4,A,6,Toeloop,6,A_Toeloop_6,False,True,,3156216,True
skater_A/cam_6/Toeloop_7.mp4,A,6,Toeloop,7,A_Toeloop_7,False,True,,2794063,True
skater_A/cam_6/Toeloop_8.mp4,A,6,Toeloop,8,A_Toeloop_8,False,True,,2950286,True
skater_A/cam_6/Toeloop_9.mp4,A,6,Toeloop,9,A_Toeloop_9,False,True,,3041199,True
skater_A/cam_7/Axel_1.mp4,A,7,Axel,1,A_Axel_1,False,True,,2363091,True
skater_A/cam_7/Axel_10.mp4,A,7,Axel,10,A_Axel_10,False,True,,2607402,True
skater_A/cam_7/Axel_2.mp4,A,7,Axel,2,A_Axel_2,False,True,,2891857,True
skater_A/cam_7/Axel_3.mp4,A,7,Axel,3,A_Axel_3,False,True,,2694973,True
skater_A/cam_7/Axel_4.mp4,A,7,Axel,4,A_Axel_4,False,True,,2449176,True
skater_A/cam_7/Axel_5.mp4,A,7,Axel,5,A_Axel_5,False,True,,2894987,True
skater_A/cam_7/Axel_6.mp4,A,7,Axel,6,A_Axel_6,False,True,,2775016,True
skater_A/cam_7/Axel_7.mp4,A,7,Axel,7,A_Axel_7,False,True,,2385616,True
skater_A/cam_7/Axel_8.mp4,A,7,Axel,8,A_Axel_8,False,True,,2975986,True
skater_A/cam_7/Axel_9.mp4,A,7,Axel,9,A_Axel_9,False,True,,2327496,True
skater_A/cam_7/Comb_1.mp4,A,7,Comb,1,A_Comb_1,True,False,,5198103,True
skater_A/cam_7/Comb_2.mp4,A,7,Comb,2,A_Comb_2,True,False,,4485414,True
skater_A/cam_7/Comb_3.mp4,A,7,Comb,3,A_Comb_3,True,False,,5302572,True
skater_A/cam_7/Flip_1.mp4,A,7,Flip,1,A_Flip_1,False,True,,2985881,True
skater_A/cam_7/Flip_10.mp4,A,7,Flip,10,A_Flip_10,False,True,,2815636,True
skater_A/cam_7/Flip_2.mp4,A,7,Flip,2,A_Flip_2,False,True,,2804649,True
skater_A/cam_7/Flip_3.mp4,A,7,Flip,3,A_Flip_3,False,True,,2851391,True
skater_A/cam_7/Flip_4.mp4,A,7,Flip,4,A_Flip_4,False,True,,2865511,True
skater_A/cam_7/Flip_5.mp4,A,7,Flip,5,A_Flip_5,False,True,,2895401,True
skater_A/cam_7/Flip_6.mp4,A,7,Flip,6,A_Flip_6,False,True,,2987829,True
skater_A/cam_7/Flip_7.mp4,A,7,Flip,7,A_Flip_7,False,True,,3067563,True
skater_A/cam_7/Flip_8.mp4,A,7,Flip,8,A_Flip_8,False,True,,2910004,True
skater_A/cam_7/Flip_9.mp4,A,7,Flip,9,A_Flip_9,False,True,,2631810,True
skater_A/cam_7/Loop_1.mp4,A,7,Loop,1,A_Loop_1,False,True,,2612125,True
skater_A/cam_7/Loop_10.mp4,A,7,Loop,10,A_Loop_10,False,True,,2491030,True
skater_A/cam_7/Loop_2.mp4,A,7,Loop,2,A_Loop_2,False,True,,2357824,True
skater_A/cam_7/Loop_3.mp4,A,7,Loop,3,A_Loop_3,False,True,,2543070,True
skater_A/cam_7/Loop_4.mp4,A,7,Loop,4,A_Loop_4,False,True,,3034531,True
skater_A/cam_7/Loop_5.mp4,A,7,Loop,5,A_Loop_5,False,True,,2860726,True
skater_A/cam_7/Loop_6.mp4,A,7,Loop,6,A_Loop_6,False,True,,2297089,True
skater_A/cam_7/Loop_7.mp4,A,7,Loop,7,A_Loop_7,False,True,,2342666,True
skater_A/cam_7/Loop_8.mp4,A,7,Loop,8,A_Loop_8,False,True,,2752159,True
skater_A/cam_7/Loop_9.mp4,A,7,Loop,9,A_Loop_9,False,True,,2949657,True
skater_A/cam_7/Lutz_1.mp4,A,7,Lutz,1,A_Lutz_1,False,True,,2935358,True
skater_A/cam_7/Lutz_10.mp4,A,7,Lutz,10,A_Lutz_10,False,True,,2575700,True
skater_A/cam_7/Lutz_2.mp4,A,7,Lutz,2,A_Lutz_2,False,True,,2352753,True
skater_A/cam_7/Lutz_3.mp4,A,7,Lutz,3,A_Lutz_3,False,True,,2503386,True
skater_A/cam_7/Lutz_4.mp4,A,7,Lutz,4,A_Lutz_4,False,True,,2501568,True
skater_A/cam_7/Lutz_5.mp4,A,7,Lutz,5,A_Lutz_5,False,True,,2999727,True
skater_A/cam_7/Lutz_6.mp4,A,7,Lutz,6,A_Lutz_6,False,True,,2936652,True
skater_A/cam_7/Lutz_7.mp4,A,7,Lutz,7,A_Lutz_7,False,True,,2672939,True
skater_A/cam_7/Lutz_8.mp4,A,7,Lutz,8,A_Lutz_8,False,True,,3005308,True
skater_A/cam_7/Lutz_9.mp4,A,7,Lutz,9,A_Lutz_9,False,True,,2605618,True
skater_A/cam_7/Salchow_1.mp4,A,7,Salchow,1,A_Salchow_1,False,True,,2601842,True
skater_A/cam_7/Salchow_10.mp4,A,7,Salchow,10,A_Salchow_10,False,True,,2744992,True
skater_A/cam_7/Salchow_2.mp4,A,7,Salchow,2,A_Salchow_2,False,True,,2482155,True
skater_A/cam_7/Salchow_3.mp4,A,7,Salchow,3,A_Salchow_3,False,True,,2359108,True
skater_A/cam_7/Salchow_4.mp4,A,7,Salchow,4,A_Salchow_4,False,True,,3043928,True
skater_A/cam_7/Salchow_5.mp4,A,7,Salchow,5,A_Salchow_5,False,True,,2643261,True
skater_A/cam_7/Salchow_6.mp4,A,7,Salchow,6,A_Salchow_6,False,True,,2697371,True
skater_A/cam_7/Salchow_7.mp4,A,7,Salchow,7,A_Salchow_7,False,True,,2650313,True
skater_A/cam_7/Salchow_8.mp4,A,7,Salchow,8,A_Salchow_8,False,True,,2983038,True
skater_A/cam_7/Salchow_9.mp4,A,7,Salchow,9,A_Salchow_9,False,True,,2788139,True
skater_A/cam_7/Toeloop_1.mp4,A,7,Toeloop,1,A_Toeloop_1,False,True,,2888825,True
skater_A/cam_7/Toeloop_10.mp4,A,7,Toeloop,10,A_Toeloop_10,False,True,,2757564,True
skater_A/cam_7/Toeloop_2.mp4,A,7,Toeloop,2,A_Toeloop_2,False,True,,2416526,True
skater_A/cam_7/Toeloop_3.mp4,A,7,Toeloop,3,A_Toeloop_3,False,True,,2922671,True
skater_A/cam_7/Toeloop_4.mp4,A,7,Toeloop,4,A_Toeloop_4,False,True,,2668094,True
skater_A/cam_7/Toeloop_5.mp4,A,7,Toeloop,5,A_Toeloop_5,False,True,,2375896,True
skater_A/cam_7/Toeloop_6.mp4,A,7,Toeloop,6,A_Toeloop_6,False,True,,2950204,True
skater_A/cam_7/Toeloop_7.mp4,A,7,Toeloop,7,A_Toeloop_7,False,True,,2431603,True
skater_A/cam_7/Toeloop_8.mp4,A,7,Toeloop,8,A_Toeloop_8,False,True,,2778227,True
skater_A/cam_7/Toeloop_9.mp4,A,7,Toeloop,9,A_Toeloop_9,False,True,,2885980,True
skater_A/cam_8/Axel_1.mp4,A,8,Axel,1,A_Axel_1,False,True,,1863608,True
skater_A/cam_8/Axel_10.mp4,A,8,Axel,10,A_Axel_10,False,True,,2390574,True
skater_A/cam_8/Axel_2.mp4,A,8,Axel,2,A_Axel_2,False,True,,2607143,True
skater_A/cam_8/Axel_3.mp4,A,8,Axel,3,A_Axel_3,False,True,,2277043,True
skater_A/cam_8/Axel_4.mp4,A,8,Axel,4,A_Axel_4,False,True,,1970855,True
skater_A/cam_8/Axel_5.mp4,A,8,Axel,5,A_Axel_5,False,True,,2487126,True
skater_A/cam_8/Axel_6.mp4,A,8,Axel,6,A_Axel_6,False,True,,2386191,True
skater_A/cam_8/Axel_7.mp4,A,8,Axel,7,A_Axel_7,False,True,,1893008,True
skater_A/cam_8/Axel_8.mp4,A,8,Axel,8,A_Axel_8,False,True,,2608231,True
skater_A/cam_8/Axel_9.mp4,A,8,Axel,9,A_Axel_9,False,True,,1825597,True
skater_A/cam_8/Comb_1.mp4,A,8,Comb,1,A_Comb_1,True,False,,4547889,True
skater_A/cam_8/Comb_2.mp4,A,8,Comb,2,A_Comb_2,True,False,,3554209,True
skater_A/cam_8/Comb_3.mp4,A,8,Comb,3,A_Comb_3,True,False,,4636629,True
skater_A/cam_8/Flip_1.mp4,A,8,Flip,1,A_Flip_1,False,True,,2743214,True
skater_A/cam_8/Flip_10.mp4,A,8,Flip,10,A_Flip_10,False,True,,2445256,True
skater_A/cam_8/Flip_2.mp4,A,8,Flip,2,A_Flip_2,False,True,,2527750,True
skater_A/cam_8/Flip_3.mp4,A,8,Flip,3,A_Flip_3,False,True,,2511556,True
skater_A/cam_8/Flip_4.mp4,A,8,Flip,4,A_Flip_4,False,True,,2526078,True
skater_A/cam_8/Flip_5.mp4,A,8,Flip,5,A_Flip_5,False,True,,2614353,True
skater_A/cam_8/Flip_6.mp4,A,8,Flip,6,A_Flip_6,False,True,,2784123,True
skater_A/cam_8/Flip_7.mp4,A,8,Flip,7,A_Flip_7,False,True,,2731126,True
skater_A/cam_8/Flip_8.mp4,A,8,Flip,8,A_Flip_8,False,True,,2654619,True
skater_A/cam_8/Flip_9.mp4,A,8,Flip,9,A_Flip_9,False,True,,2222022,True
skater_A/cam_8/Loop_1.mp4,A,8,Loop,1,A_Loop_1,False,True,,2209770,True
skater_A/cam_8/Loop_10.mp4,A,8,Loop,10,A_Loop_10,False,True,,2089017,True
skater_A/cam_8/Loop_2.mp4,A,8,Loop,2,A_Loop_2,False,True,,1838253,True
skater_A/cam_8/Loop_3.mp4,A,8,Loop,3,A_Loop_3,False,True,,2137020,True
skater_A/cam_8/Loop_4.mp4,A,8,Loop,4,A_Loop_4,False,True,,2769217,True
skater_A/cam_8/Loop_5.mp4,A,8,Loop,5,A_Loop_5,False,True,,2579463,True
skater_A/cam_8/Loop_6.mp4,A,8,Loop,6,A_Loop_6,False,True,,1782252,True
skater_A/cam_8/Loop_7.mp4,A,8,Loop,7,A_Loop_7,False,True,,1915621,True
skater_A/cam_8/Loop_8.mp4,A,8,Loop,8,A_Loop_8,False,True,,2442375,True
skater_A/cam_8/Loop_9.mp4,A,8,Loop,9,A_Loop_9,False,True,,2737208,True
skater_A/cam_8/Lutz_1.mp4,A,8,Lutz,1,A_Lutz_1,False,True,,2627811,True
skater_A/cam_8/Lutz_10.mp4,A,8,Lutz,10,A_Lutz_10,False,True,,2369689,True
skater_A/cam_8/Lutz_2.mp4,A,8,Lutz,2,A_Lutz_2,False,True,,2087805,True
skater_A/cam_8/Lutz_3.mp4,A,8,Lutz,3,A_Lutz_3,False,True,,2177598,True
skater_A/cam_8/Lutz_4.mp4,A,8,Lutz,4,A_Lutz_4,False,True,,2161484,True
skater_A/cam_8/Lutz_5.mp4,A,8,Lutz,5,A_Lutz_5,False,True,,2754363,True
skater_A/cam_8/Lutz_6.mp4,A,8,Lutz,6,A_Lutz_6,False,True,,2714920,True
skater_A/cam_8/Lutz_7.mp4,A,8,Lutz,7,A_Lutz_7,False,True,,2337752,True
skater_A/cam_8/Lutz_8.mp4,A,8,Lutz,8,A_Lutz_8,False,True,,2795678,True
skater_A/cam_8/Lutz_9.mp4,A,8,Lutz,9,A_Lutz_9,False,True,,2282760,True
skater_A/cam_8/Salchow_1.mp4,A,8,Salchow,1,A_Salchow_1,False,True,,2208686,True
skater_A/cam_8/Salchow_10.mp4,A,8,Salchow,10,A_Salchow_10,False,True,,2508214,True
skater_A/cam_8/Salchow_2.mp4,A,8,Salchow,2,A_Salchow_2,False,True,,2153664,True
skater_A/cam_8/Salchow_3.mp4,A,8,Salchow,3,A_Salchow_3,False,True,,1884796,True
skater_A/cam_8/Salchow_4.mp4,A,8,Salchow,4,A_Salchow_4,False,True,,2779680,True
skater_A/cam_8/Salchow_5.mp4,A,8,Salchow,5,A_Salchow_5,False,True,,2226920,True
skater_A/cam_8/Salchow_6.mp4,A,8,Salchow,6,A_Salchow_6,False,True,,2375632,True
skater_A/cam_8/Salchow_7.mp4,A,8,Salchow,7,A_Salchow_7,False,True,,2227544,True
skater_A/cam_8/Salchow_8.mp4,A,8,Salchow,8,A_Salchow_8,False,True,,2738809,True
skater_A/cam_8/Salchow_9.mp4,A,8,Salchow,9,A_Salchow_9,False,True,,2345153,True
skater_A/cam_8/Toeloop_1.mp4,A,8,Toeloop,1,A_Toeloop_1,False,True,,2659276,True
skater_A/cam_8/Toeloop_10.mp4,A,8,Toeloop,10,A_Toeloop_10,False,True,,2456989,True
skater_A/cam_8/Toeloop_2.mp4,A,8,Toeloop,2,A_Toeloop_2,False,True,,1980889,True
skater_A/cam_8/Toeloop_3.mp4,A,8,Toeloop,3,A_Toeloop_3,False,True,,2574182,True
skater_A/cam_8/Toeloop_4.mp4,A,8,Toeloop,4,A_Toeloop_4,False,True,,2336697,True
skater_A/cam_8/Toeloop_5.mp4,A,8,Toeloop,5,A_Toeloop_5,False,True,,1984543,True
skater_A/cam_8/Toeloop_6.mp4,A,8,Toeloop,6,A_Toeloop_6,False,True,,2709823,True
skater_A/cam_8/Toeloop_7.mp4,A,8,Toeloop,7,A_Toeloop_7,False,True,,2014215,True
skater_A/cam_8/Toeloop_8.mp4,A,8,Toeloop,8,A_Toeloop_8,False,True,,2572127,True
skater_A/cam_8/Toeloop_9.mp4,A,8,Toeloop,9,A_Toeloop_9,False,True,,2537610,True
skater_A/cam_9/Axel_1.mp4,A,9,Axel,1,A_Axel_1,False,True,,2203780,True
skater_A/cam_9/Axel_10.mp4,A,9,Axel,10,A_Axel_10,False,True,,2359011,True
skater_A/cam_9/Axel_2.mp4,A,9,Axel,2,A_Axel_2,False,True,,2788154,True
skater_A/cam_9/Axel_3.mp4,A,9,Axel,3,A_Axel_3,False,True,,2570153,True
skater_A/cam_9/Axel_4.mp4,A,9,Axel,4,A_Axel_4,False,True,,2242646,True
skater_A/cam_9/Axel_5.mp4,A,9,Axel,5,A_Axel_5,False,True,,2755187,True
skater_A/cam_9/Axel_6.mp4,A,9,Axel,6,A_Axel_6,False,True,,2624241,True
skater_A/cam_9/Axel_7.mp4,A,9,Axel,7,A_Axel_7,False,True,,2276256,True
skater_A/cam_9/Axel_8.mp4,A,9,Axel,8,A_Axel_8,False,True,,2869619,True
skater_A/cam_9/Axel_9.mp4,A,9,Axel,9,A_Axel_9,False,True,,2186944,True
skater_A/cam_9/Comb_1.mp4,A,9,Comb,1,A_Comb_1,True,False,,4908344,True
skater_A/cam_9/Comb_2.mp4,A,9,Comb,2,A_Comb_2,True,False,,4258451,True
skater_A/cam_9/Comb_3.mp4,A,9,Comb,3,A_Comb_3,True,False,,4882931,True
skater_A/cam_9/Flip_1.mp4,A,9,Flip,1,A_Flip_1,False,True,,2864703,True
skater_A/cam_9/Flip_10.mp4,A,9,Flip,10,A_Flip_10,False,True,,2591752,True
skater_A/cam_9/Flip_2.mp4,A,9,Flip,2,A_Flip_2,False,True,,2721469,True
skater_A/cam_9/Flip_3.mp4,A,9,Flip,3,A_Flip_3,False,True,,2743563,True
skater_A/cam_9/Flip_4.mp4,A,9,Flip,4,A_Flip_4,False,True,,2743152,True
skater_A/cam_9/Flip_5.mp4,A,9,Flip,5,A_Flip_5,False,True,,2838149,True
skater_A/cam_9/Flip_6.mp4,A,9,Flip,6,A_Flip_6,False,True,,2901091,True
skater_A/cam_9/Flip_7.mp4,A,9,Flip,7,A_Flip_7,False,True,,2982461,True
skater_A/cam_9/Flip_8.mp4,A,9,Flip,8,A_Flip_8,False,True,,2828408,True
skater_A/cam_9/Flip_9.mp4,A,9,Flip,9,A_Flip_9,False,True,,2533902,True
skater_A/cam_9/Loop_1.mp4,A,9,Loop,1,A_Loop_1,False,True,,2553318,True
skater_A/cam_9/Loop_10.mp4,A,9,Loop,10,A_Loop_10,False,True,,2421455,True
skater_A/cam_9/Loop_2.mp4,A,9,Loop,2,A_Loop_2,False,True,,2202576,True
skater_A/cam_9/Loop_3.mp4,A,9,Loop,3,A_Loop_3,False,True,,2461350,True
skater_A/cam_9/Loop_4.mp4,A,9,Loop,4,A_Loop_4,False,True,,2985438,True
skater_A/cam_9/Loop_5.mp4,A,9,Loop,5,A_Loop_5,False,True,,2781131,True
skater_A/cam_9/Loop_6.mp4,A,9,Loop,6,A_Loop_6,False,True,,2138985,True
skater_A/cam_9/Loop_7.mp4,A,9,Loop,7,A_Loop_7,False,True,,2249832,True
skater_A/cam_9/Loop_8.mp4,A,9,Loop,8,A_Loop_8,False,True,,2662237,True
skater_A/cam_9/Loop_9.mp4,A,9,Loop,9,A_Loop_9,False,True,,2853916,True
skater_A/cam_9/Lutz_1.mp4,A,9,Lutz,1,A_Lutz_1,False,True,,2861214,True
skater_A/cam_9/Lutz_10.mp4,A,9,Lutz,10,A_Lutz_10,False,True,,2557748,True
skater_A/cam_9/Lutz_2.mp4,A,9,Lutz,2,A_Lutz_2,False,True,,2266571,True
skater_A/cam_9/Lutz_3.mp4,A,9,Lutz,3,A_Lutz_3,False,True,,2334063,True
skater_A/cam_9/Lutz_4.mp4,A,9,Lutz,4,A_Lutz_4,False,True,,2339695,True
skater_A/cam_9/Lutz_5.mp4,A,9,Lutz,5,A_Lutz_5,False,True,,2866470,True
skater_A/cam_9/Lutz_6.mp4,A,9,Lutz,6,A_Lutz_6,False,True,,2846915,True
skater_A/cam_9/Lutz_7.mp4,A,9,Lutz,7,A_Lutz_7,False,True,,2604771,True
skater_A/cam_9/Lutz_8.mp4,A,9,Lutz,8,A_Lutz_8,False,True,,3018193,True
skater_A/cam_9/Lutz_9.mp4,A,9,Lutz,9,A_Lutz_9,False,True,,2519701,True
skater_A/cam_9/Salchow_1.mp4,A,9,Salchow,1,A_Salchow_1,False,True,,2478955,True
skater_A/cam_9/Salchow_10.mp4,A,9,Salchow,10,A_Salchow_10,False,True,,2764338,True
skater_A/cam_9/Salchow_2.mp4,A,9,Salchow,2,A_Salchow_2,False,True,,2374750,True
skater_A/cam_9/Salchow_3.mp4,A,9,Salchow,3,A_Salchow_3,False,True,,2245100,True
skater_A/cam_9/Salchow_4.mp4,A,9,Salchow,4,A_Salchow_4,False,True,,2901246,True
skater_A/cam_9/Salchow_5.mp4,A,9,Salchow,5,A_Salchow_5,False,True,,2485483,True
skater_A/cam_9/Salchow_6.mp4,A,9,Salchow,6,A_Salchow_6,False,True,,2652533,True
skater_A/cam_9/Salchow_7.mp4,A,9,Salchow,7,A_Salchow_7,False,True,,2498922,True
skater_A/cam_9/Salchow_8.mp4,A,9,Salchow,8,A_Salchow_8,False,True,,2978352,True
skater_A/cam_9/Salchow_9.mp4,A,9,Salchow,9,A_Salchow_9,False,True,,2646739,True
skater_A/cam_9/Toeloop_1.mp4,A,9,Toeloop,1,A_Toeloop_1,False,True,,2782613,True
skater_A/cam_9/Toeloop_10.mp4,A,9,Toeloop,10,A_Toeloop_10,False,True,,2583277,True
skater_A/cam_9/Toeloop_2.mp4,A,9,Toeloop,2,A_Toeloop_2,False,True,,2265320,True
skater_A/cam_9/Toeloop_3.mp4,A,9,Toeloop,3,A_Toeloop_3,False,True,,2771562,True
skater_A/cam_9/Toeloop_4.mp4,A,9,Toeloop,4,A_Toeloop_4,False,True,,2558683,True
skater_A/cam_9/Toeloop_5.mp4,A,9,Toeloop,5,A_Toeloop_5,False,True,,2188291,True
skater_A/cam_9/Toeloop_6.mp4,A,9,Toeloop,6,A_Toeloop_6,False,True,,2839677,True
skater_A/cam_9/Toeloop_7.mp4,A,9,Toeloop,7,A_Toeloop_7,False,True,,2348274,True
skater_A/cam_9/Toeloop_8.mp4,A,9,Toeloop,8,A_Toeloop_8,False,True,,2798577,True
skater_A/cam_9/Toeloop_9.mp4,A,9,Toeloop,9,A_Toeloop_9,False,True,,2750113,True
skater_B/cam_1/Axel_1.mp4,B,1,Axel,1,B_Axel_1,False,True,,2725742,True
skater_B/cam_1/Axel_10.mp4,B,1,Axel,10,B_Axel_10,False,True,,2545166,True
skater_B/cam_1/Axel_2.mp4,B,1,Axel,2,B_Axel_2,False,True,,2738976,True
skater_B/cam_1/Axel_3.mp4,B,1,Axel,3,B_Axel_3,False,True,,2614728,True
skater_B/cam_1/Axel_4.mp4,B,1,Axel,4,B_Axel_4,False,True,,2706143,True
skater_B/cam_1/Axel_5.mp4,B,1,Axel,5,B_Axel_5,False,True,,2880147,True
skater_B/cam_1/Axel_6.mp4,B,1,Axel,6,B_Axel_6,False,True,,2888295,True
skater_B/cam_1/Axel_7.mp4,B,1,Axel,7,B_Axel_7,False,True,,2941485,True
skater_B/cam_1/Axel_8.mp4,B,1,Axel,8,B_Axel_8,False,True,,2974414,True
skater_B/cam_1/Axel_9.mp4,B,1,Axel,9,B_Axel_9,False,True,,2546978,True
skater_B/cam_1/Comb_1.mp4,B,1,Comb,1,B_Comb_1,True,False,,6071289,True
skater_B/cam_1/Comb_2.mp4,B,1,Comb,2,B_Comb_2,True,False,,5914078,True
skater_B/cam_1/Comb_3.mp4,B,1,Comb,3,B_Comb_3,True,False,,5400527,True
skater_B/cam_1/Flip_1.mp4,B,1,Flip,1,B_Flip_1,False,True,,3049103,True
skater_B/cam_1/Flip_10.mp4,B,1,Flip,10,B_Flip_10,False,True,,2962183,True
skater_B/cam_1/Flip_2.mp4,B,1,Flip,2,B_Flip_2,False,True,,2811636,True
skater_B/cam_1/Flip_3.mp4,B,1,Flip,3,B_Flip_3,False,True,,2804214,True
skater_B/cam_1/Flip_4.mp4,B,1,Flip,4,B_Flip_4,False,True,,3125579,True
skater_B/cam_1/Flip_5.mp4,B,1,Flip,5,B_Flip_5,False,True,,3101831,True
skater_B/cam_1/Flip_6.mp4,B,1,Flip,6,B_Flip_6,False,True,,2811405,True
skater_B/cam_1/Flip_7.mp4,B,1,Flip,7,B_Flip_7,False,True,,2898563,True
skater_B/cam_1/Flip_8.mp4,B,1,Flip,8,B_Flip_8,False,True,,3052415,True
skater_B/cam_1/Flip_9.mp4,B,1,Flip,9,B_Flip_9,False,True,,2989062,True
skater_B/cam_1/Loop_1.mp4,B,1,Loop,1,B_Loop_1,False,True,,2793660,True
skater_B/cam_1/Loop_10.mp4,B,1,Loop,10,B_Loop_10,False,True,,3034762,True
skater_B/cam_1/Loop_2.mp4,B,1,Loop,2,B_Loop_2,False,True,,2895559,True
skater_B/cam_1/Loop_3.mp4,B,1,Loop,3,B_Loop_3,False,True,,2992724,True
skater_B/cam_1/Loop_4.mp4,B,1,Loop,4,B_Loop_4,False,True,,3098229,True
skater_B/cam_1/Loop_5.mp4,B,1,Loop,5,B_Loop_5,False,True,,2719236,True
skater_B/cam_1/Loop_6.mp4,B,1,Loop,6,B_Loop_6,False,True,,2537321,True
skater_B/cam_1/Loop_7.mp4,B,1,Loop,7,B_Loop_7,False,True,,2559048,True
skater_B/cam_1/Loop_8.mp4,B,1,Loop,8,B_Loop_8,False,True,,2636488,True
skater_B/cam_1/Loop_9.mp4,B,1,Loop,9,B_Loop_9,False,True,,2960977,True
skater_B/cam_1/Lutz_1.mp4,B,1,Lutz,1,B_Lutz_1,False,True,,2974954,True
skater_B/cam_1/Lutz_10.mp4,B,1,Lutz,10,B_Lutz_10,False,True,,2896131,True
skater_B/cam_1/Lutz_2.mp4,B,1,Lutz,2,B_Lutz_2,False,True,,2511938,True
skater_B/cam_1/Lutz_3.mp4,B,1,Lutz,3,B_Lutz_3,False,True,,3017074,True
skater_B/cam_1/Lutz_4.mp4,B,1,Lutz,4,B_Lutz_4,False,True,,2691445,True
skater_B/cam_1/Lutz_5.mp4,B,1,Lutz,5,B_Lutz_5,False,True,,2773290,True
skater_B/cam_1/Lutz_6.mp4,B,1,Lutz,6,B_Lutz_6,False,True,,2882941,True
skater_B/cam_1/Lutz_7.mp4,B,1,Lutz,7,B_Lutz_7,False,True,,2776768,True
skater_B/cam_1/Lutz_8.mp4,B,1,Lutz,8,B_Lutz_8,False,True,,2896023,True
skater_B/cam_1/Lutz_9.mp4,B,1,Lutz,9,B_Lutz_9,False,True,,3001085,True
skater_B/cam_1/Salchow_1.mp4,B,1,Salchow,1,B_Salchow_1,False,True,,2477289,True
skater_B/cam_1/Salchow_10.mp4,B,1,Salchow,10,B_Salchow_10,False,True,,2654838,True
skater_B/cam_1/Salchow_2.mp4,B,1,Salchow,2,B_Salchow_2,False,True,,2710959,True
skater_B/cam_1/Salchow_3.mp4,B,1,Salchow,3,B_Salchow_3,False,True,,2733268,True
skater_B/cam_1/Salchow_4.mp4,B,1,Salchow,4,B_Salchow_4,False,True,,2851376,True
skater_B/cam_1/Salchow_5.mp4,B,1,Salchow,5,B_Salchow_5,False,True,,2788848,True
skater_B/cam_1/Salchow_6.mp4,B,1,Salchow,6,B_Salchow_6,False,True,,2755517,True
skater_B/cam_1/Salchow_7.mp4,B,1,Salchow,7,B_Salchow_7,False,True,,2874871,True
skater_B/cam_1/Salchow_8.mp4,B,1,Salchow,8,B_Salchow_8,False,True,,2796900,True
skater_B/cam_1/Salchow_9.mp4,B,1,Salchow,9,B_Salchow_9,False,True,,2902197,True
skater_B/cam_1/Toeloop_1.mp4,B,1,Toeloop,1,B_Toeloop_1,False,True,,3052132,True
skater_B/cam_1/Toeloop_10.mp4,B,1,Toeloop,10,B_Toeloop_10,False,True,,2891756,True
skater_B/cam_1/Toeloop_2.mp4,B,1,Toeloop,2,B_Toeloop_2,False,True,,2971314,True
skater_B/cam_1/Toeloop_3.mp4,B,1,Toeloop,3,B_Toeloop_3,False,True,,2970096,True
skater_B/cam_1/Toeloop_4.mp4,B,1,Toeloop,4,B_Toeloop_4,False,True,,2570518,True
skater_B/cam_1/Toeloop_5.mp4,B,1,Toeloop,5,B_Toeloop_5,False,True,,2671083,True
skater_B/cam_1/Toeloop_6.mp4,B,1,Toeloop,6,B_Toeloop_6,False,True,,2562198,True
skater_B/cam_1/Toeloop_7.mp4,B,1,Toeloop,7,B_Toeloop_7,False,True,,2825349,True
skater_B/cam_1/Toeloop_8.mp4,B,1,Toeloop,8,B_Toeloop_8,False,True,,2887600,True
skater_B/cam_1/Toeloop_9.mp4,B,1,Toeloop,9,B_Toeloop_9,False,True,,2912522,True
skater_B/cam_10/Axel_1.mp4,B,10,Axel,1,B_Axel_1,False,True,,2023582,True
skater_B/cam_10/Axel_10.mp4,B,10,Axel,10,B_Axel_10,False,True,,2230935,True
skater_B/cam_10/Axel_2.mp4,B,10,Axel,2,B_Axel_2,False,True,,2354142,True
skater_B/cam_10/Axel_3.mp4,B,10,Axel,3,B_Axel_3,False,True,,2241944,True
skater_B/cam_10/Axel_4.mp4,B,10,Axel,4,B_Axel_4,False,True,,2188164,True
skater_B/cam_10/Axel_5.mp4,B,10,Axel,5,B_Axel_5,False,True,,2586266,True
skater_B/cam_10/Axel_6.mp4,B,10,Axel,6,B_Axel_6,False,True,,2389536,True
skater_B/cam_10/Axel_7.mp4,B,10,Axel,7,B_Axel_7,False,True,,2545334,True
skater_B/cam_10/Axel_8.mp4,B,10,Axel,8,B_Axel_8,False,True,,2498304,True
skater_B/cam_10/Axel_9.mp4,B,10,Axel,9,B_Axel_9,False,True,,2088307,True
skater_B/cam_10/Comb_1.mp4,B,10,Comb,1,B_Comb_1,True,False,,5462406,True
skater_B/cam_10/Comb_2.mp4,B,10,Comb,2,B_Comb_2,True,False,,5254860,True
skater_B/cam_10/Comb_3.mp4,B,10,Comb,3,B_Comb_3,True,False,,4777568,True
skater_B/cam_10/Flip_1.mp4,B,10,Flip,1,B_Flip_1,False,True,,2542674,True
skater_B/cam_10/Flip_10.mp4,B,10,Flip,10,B_Flip_10,False,True,,2850669,True
skater_B/cam_10/Flip_2.mp4,B,10,Flip,2,B_Flip_2,False,True,,2296591,True
skater_B/cam_10/Flip_3.mp4,B,10,Flip,3,B_Flip_3,False,True,,2296184,True
skater_B/cam_10/Flip_4.mp4,B,10,Flip,4,B_Flip_4,False,True,,2890218,True
skater_B/cam_10/Flip_5.mp4,B,10,Flip,5,B_Flip_5,False,True,,2952167,True
skater_B/cam_10/Flip_6.mp4,B,10,Flip,6,B_Flip_6,False,True,,2662821,True
skater_B/cam_10/Flip_7.mp4,B,10,Flip,7,B_Flip_7,False,True,,2606750,True
skater_B/cam_10/Flip_8.mp4,B,10,Flip,8,B_Flip_8,False,True,,2874318,True
skater_B/cam_10/Flip_9.mp4,B,10,Flip,9,B_Flip_9,False,True,,2849383,True
skater_B/cam_10/Loop_1.mp4,B,10,Loop,1,B_Loop_1,False,True,,2685275,True
skater_B/cam_10/Loop_10.mp4,B,10,Loop,10,B_Loop_10,False,True,,2860198,True
skater_B/cam_10/Loop_2.mp4,B,10,Loop,2,B_Loop_2,False,True,,2847284,True
skater_B/cam_10/Loop_3.mp4,B,10,Loop,3,B_Loop_3,False,True,,2762456,True
skater_B/cam_10/Loop_4.mp4,B,10,Loop,4,B_Loop_4,False,True,,2801586,True
skater_B/cam_10/Loop_5.mp4,B,10,Loop,5,B_Loop_5,False,True,,2651149,True
skater_B/cam_10/Loop_6.mp4,B,10,Loop,6,B_Loop_6,False,True,,2408741,True
skater_B/cam_10/Loop_7.mp4,B,10,Loop,7,B_Loop_7,False,True,,2218300,True
skater_B/cam_10/Loop_8.mp4,B,10,Loop,8,B_Loop_8,False,True,,2150257,True
skater_B/cam_10/Loop_9.mp4,B,10,Loop,9,B_Loop_9,False,True,,2419301,True
skater_B/cam_10/Lutz_1.mp4,B,10,Lutz,1,B_Lutz_1,False,True,,2852080,True
skater_B/cam_10/Lutz_10.mp4,B,10,Lutz,10,B_Lutz_10,False,True,,2417655,True
skater_B/cam_10/Lutz_2.mp4,B,10,Lutz,2,B_Lutz_2,False,True,,2059082,True
skater_B/cam_10/Lutz_3.mp4,B,10,Lutz,3,B_Lutz_3,False,True,,2655664,True
skater_B/cam_10/Lutz_4.mp4,B,10,Lutz,4,B_Lutz_4,False,True,,2021049,True
skater_B/cam_10/Lutz_5.mp4,B,10,Lutz,5,B_Lutz_5,False,True,,2461062,True
skater_B/cam_10/Lutz_6.mp4,B,10,Lutz,6,B_Lutz_6,False,True,,2920632,True
skater_B/cam_10/Lutz_7.mp4,B,10,Lutz,7,B_Lutz_7,False,True,,2448674,True
skater_B/cam_10/Lutz_8.mp4,B,10,Lutz,8,B_Lutz_8,False,True,,2677884,True
skater_B/cam_10/Lutz_9.mp4,B,10,Lutz,9,B_Lutz_9,False,True,,2592433,True
skater_B/cam_10/Salchow_1.mp4,B,10,Salchow,1,B_Salchow_1,False,True,,2322584,True
skater_B/cam_10/Salchow_10.mp4,B,10,Salchow,10,B_Salchow_10,False,True,,2645302,True
skater_B/cam_10/Salchow_2.mp4,B,10,Salchow,2,B_Salchow_2,False,True,,2188611,True
skater_B/cam_10/Salchow_3.mp4,B,10,Salchow,3,B_Salchow_3,False,True,,2852671,True
skater_B/cam_10/Salchow_4.mp4,B,10,Salchow,4,B_Salchow_4,False,True,,2443050,True
skater_B/cam_10/Salchow_5.mp4,B,10,Salchow,5,B_Salchow_5,False,True,,2690425,True
skater_B/cam_10/Salchow_6.mp4,B,10,Salchow,6,B_Salchow_6,False,True,,2243448,True
skater_B/cam_10/Salchow_7.mp4,B,10,Salchow,7,B_Salchow_7,False,True,,2795456,True
skater_B/cam_10/Salchow_8.mp4,B,10,Salchow,8,B_Salchow_8,False,True,,2485328,True
skater_B/cam_10/Salchow_9.mp4,B,10,Salchow,9,B_Salchow_9,False,True,,2763252,True
skater_B/cam_10/Toeloop_1.mp4,B,10,Toeloop,1,B_Toeloop_1,False,True,,2804392,True
skater_B/cam_10/Toeloop_10.mp4,B,10,Toeloop,10,B_Toeloop_10,False,True,,2538571,True
skater_B/cam_10/Toeloop_2.mp4,B,10,Toeloop,2,B_Toeloop_2,False,True,,2716997,True
skater_B/cam_10/Toeloop_3.mp4,B,10,Toeloop,3,B_Toeloop_3,False,True,,2868397,True
skater_B/cam_10/Toeloop_4.mp4,B,10,Toeloop,4,B_Toeloop_4,False,True,,2186636,True
skater_B/cam_10/Toeloop_5.mp4,B,10,Toeloop,5,B_Toeloop_5,False,True,,2690552,True
skater_B/cam_10/Toeloop_6.mp4,B,10,Toeloop,6,B_Toeloop_6,False,True,,2553598,True
skater_B/cam_10/Toeloop_7.mp4,B,10,Toeloop,7,B_Toeloop_7,False,True,,2320265,True
skater_B/cam_10/Toeloop_8.mp4,B,10,Toeloop,8,B_Toeloop_8,False,True,,2317850,True
skater_B/cam_10/Toeloop_9.mp4,B,10,Toeloop,9,B_Toeloop_9,False,True,,2550458,True
skater_B/cam_11/Axel_1.mp4,B,11,Axel,1,B_Axel_1,False,True,,2457867,True
skater_B/cam_11/Axel_10.mp4,B,11,Axel,10,B_Axel_10,False,True,,2431598,True
skater_B/cam_11/Axel_2.mp4,B,11,Axel,2,B_Axel_2,False,True,,2831906,True
skater_B/cam_11/Axel_3.mp4,B,11,Axel,3,B_Axel_3,False,True,,2602835,True
skater_B/cam_11/Axel_4.mp4,B,11,Axel,4,B_Axel_4,False,True,,2587208,True
skater_B/cam_11/Axel_5.mp4,B,11,Axel,5,B_Axel_5,False,True,,2981616,True
skater_B/cam_11/Axel_6.mp4,B,11,Axel,6,B_Axel_6,False,True,,2680873,True
skater_B/cam_11/Axel_7.mp4,B,11,Axel,7,B_Axel_7,False,True,,2887522,True
skater_B/cam_11/Axel_8.mp4,B,11,Axel,8,B_Axel_8,False,True,,2901175,True
skater_B/cam_11/Axel_9.mp4,B,11,Axel,9,B_Axel_9,False,True,,2451083,True
skater_B/cam_11/Comb_1.mp4,B,11,Comb,1,B_Comb_1,True,False,,6396106,True
skater_B/cam_11/Comb_2.mp4,B,11,Comb,2,B_Comb_2,True,False,,6021659,True
skater_B/cam_11/Comb_3.mp4,B,11,Comb,3,B_Comb_3,True,False,,5602492,True
skater_B/cam_11/Flip_1.mp4,B,11,Flip,1,B_Flip_1,False,True,,3016632,True
skater_B/cam_11/Flip_10.mp4,B,11,Flip,10,B_Flip_10,False,True,,3408407,True
skater_B/cam_11/Flip_2.mp4,B,11,Flip,2,B_Flip_2,False,True,,2641520,True
skater_B/cam_11/Flip_3.mp4,B,11,Flip,3,B_Flip_3,False,True,,2709173,True
skater_B/cam_11/Flip_4.mp4,B,11,Flip,4,B_Flip_4,False,True,,3320798,True
skater_B/cam_11/Flip_5.mp4,B,11,Flip,5,B_Flip_5,False,True,,3406136,True
skater_B/cam_11/Flip_6.mp4,B,11,Flip,6,B_Flip_6,False,True,,3131577,True
skater_B/cam_11/Flip_7.mp4,B,11,Flip,7,B_Flip_7,False,True,,3145325,True
skater_B/cam_11/Flip_8.mp4,B,11,Flip,8,B_Flip_8,False,True,,3356669,True
skater_B/cam_11/Flip_9.mp4,B,11,Flip,9,B_Flip_9,False,True,,3270011,True
skater_B/cam_11/Loop_1.mp4,B,11,Loop,1,B_Loop_1,False,True,,3186714,True
skater_B/cam_11/Loop_10.mp4,B,11,Loop,10,B_Loop_10,False,True,,3307516,True
skater_B/cam_11/Loop_2.mp4,B,11,Loop,2,B_Loop_2,False,True,,3257966,True
skater_B/cam_11/Loop_3.mp4,B,11,Loop,3,B_Loop_3,False,True,,3107861,True
skater_B/cam_11/Loop_4.mp4,B,11,Loop,4,B_Loop_4,False,True,,3277383,True
skater_B/cam_11/Loop_5.mp4,B,11,Loop,5,B_Loop_5,False,True,,3118439,True
skater_B/cam_11/Loop_6.mp4,B,11,Loop,6,B_Loop_6,False,True,,2804632,True
skater_B/cam_11/Loop_7.mp4,B,11,Loop,7,B_Loop_7,False,True,,2568387,True
skater_B/cam_11/Loop_8.mp4,B,11,Loop,8,B_Loop_8,False,True,,2497009,True
skater_B/cam_11/Loop_9.mp4,B,11,Loop,9,B_Loop_9,False,True,,2796957,True
skater_B/cam_11/Lutz_1.mp4,B,11,Lutz,1,B_Lutz_1,False,True,,3203256,True
skater_B/cam_11/Lutz_10.mp4,B,11,Lutz,10,B_Lutz_10,False,True,,2878676,True
skater_B/cam_11/Lutz_2.mp4,B,11,Lutz,2,B_Lutz_2,False,True,,2464230,True
skater_B/cam_11/Lutz_3.mp4,B,11,Lutz,3,B_Lutz_3,False,True,,3040218,True
skater_B/cam_11/Lutz_4.mp4,B,11,Lutz,4,B_Lutz_4,False,True,,2548083,True
skater_B/cam_11/Lutz_5.mp4,B,11,Lutz,5,B_Lutz_5,False,True,,2835021,True
skater_B/cam_11/Lutz_6.mp4,B,11,Lutz,6,B_Lutz_6,False,True,,3347777,True
skater_B/cam_11/Lutz_7.mp4,B,11,Lutz,7,B_Lutz_7,False,True,,2891841,True
skater_B/cam_11/Lutz_8.mp4,B,11,Lutz,8,B_Lutz_8,False,True,,3054604,True
skater_B/cam_11/Lutz_9.mp4,B,11,Lutz,9,B_Lutz_9,False,True,,3041535,True
skater_B/cam_11/Salchow_1.mp4,B,11,Salchow,1,B_Salchow_1,False,True,,2682589,True
skater_B/cam_11/Salchow_10.mp4,B,11,Salchow,10,B_Salchow_10,False,True,,3064308,True
skater_B/cam_11/Salchow_2.mp4,B,11,Salchow,2,B_Salchow_2,False,True,,2604289,True
skater_B/cam_11/Salchow_3.mp4,B,11,Salchow,3,B_Salchow_3,False,True,,3241721,True
skater_B/cam_11/Salchow_4.mp4,B,11,Salchow,4,B_Salchow_4,False,True,,2874623,True
skater_B/cam_11/Salchow_5.mp4,B,11,Salchow,5,B_Salchow_5,False,True,,3107903,True
skater_B/cam_11/Salchow_6.mp4,B,11,Salchow,6,B_Salchow_6,False,True,,2639711,True
skater_B/cam_11/Salchow_7.mp4,B,11,Salchow,7,B_Salchow_7,False,True,,3411768,True
skater_B/cam_11/Salchow_8.mp4,B,11,Salchow,8,B_Salchow_8,False,True,,2941092,True
skater_B/cam_11/Salchow_9.mp4,B,11,Salchow,9,B_Salchow_9,False,True,,3305090,True
skater_B/cam_11/Toeloop_1.mp4,B,11,Toeloop,1,B_Toeloop_1,False,True,,3327726,True
skater_B/cam_11/Toeloop_10.mp4,B,11,Toeloop,10,B_Toeloop_10,False,True,,2947490,True
skater_B/cam_11/Toeloop_2.mp4,B,11,Toeloop,2,B_Toeloop_2,False,True,,3130302,True
skater_B/cam_11/Toeloop_3.mp4,B,11,Toeloop,3,B_Toeloop_3,False,True,,3288867,True
skater_B/cam_11/Toeloop_4.mp4,B,11,Toeloop,4,B_Toeloop_4,False,True,,2605804,True
skater_B/cam_11/Toeloop_5.mp4,B,11,Toeloop,5,B_Toeloop_5,False,True,,3001592,True
skater_B/cam_11/Toeloop_6.mp4,B,11,Toeloop,6,B_Toeloop_6,False,True,,2950308,True
skater_B/cam_11/Toeloop_7.mp4,B,11,Toeloop,7,B_Toeloop_7,False,True,,2645307,True
skater_B/cam_11/Toeloop_8.mp4,B,11,Toeloop,8,B_Toeloop_8,False,True,,2785881,True
skater_B/cam_11/Toeloop_9.mp4,B,11,Toeloop,9,B_Toeloop_9,False,True,,2977627,True
skater_B/cam_12/Axel_1.mp4,B,12,Axel,1,B_Axel_1,False,True,,2662619,True
skater_B/cam_12/Axel_10.mp4,B,12,Axel,10,B_Axel_10,False,True,,2690378,True
skater_B/cam_12/Axel_2.mp4,B,12,Axel,2,B_Axel_2,False,True,,2932390,True
skater_B/cam_12/Axel_3.mp4,B,12,Axel,3,B_Axel_3,False,True,,2738306,True
skater_B/cam_12/Axel_4.mp4,B,12,Axel,4,B_Axel_4,False,True,,2793188,True
skater_B/cam_12/Axel_5.mp4,B,12,Axel,5,B_Axel_5,False,True,,3153803,True
skater_B/cam_12/Axel_6.mp4,B,12,Axel,6,B_Axel_6,False,True,,2856470,True
skater_B/cam_12/Axel_7.mp4,B,12,Axel,7,B_Axel_7,False,True,,3180152,True
skater_B/cam_12/Axel_8.mp4,B,12,Axel,8,B_Axel_8,False,True,,3042439,True
skater_B/cam_12/Axel_9.mp4,B,12,Axel,9,B_Axel_9,False,True,,2652448,True
skater_B/cam_12/Comb_1.mp4,B,12,Comb,1,B_Comb_1,True,False,,6560212,True
skater_B/cam_12/Comb_2.mp4,B,12,Comb,2,B_Comb_2,True,False,,6303021,True
skater_B/cam_12/Comb_3.mp4,B,12,Comb,3,B_Comb_3,True,False,,5887195,True
skater_B/cam_12/Flip_1.mp4,B,12,Flip,1,B_Flip_1,False,True,,3082720,True
skater_B/cam_12/Flip_10.mp4,B,12,Flip,10,B_Flip_10,False,True,,3480403,True
skater_B/cam_12/Flip_2.mp4,B,12,Flip,2,B_Flip_2,False,True,,2738544,True
skater_B/cam_12/Flip_3.mp4,B,12,Flip,3,B_Flip_3,False,True,,2860002,True
skater_B/cam_12/Flip_4.mp4,B,12,Flip,4,B_Flip_4,False,True,,3338633,True
skater_B/cam_12/Flip_5.mp4,B,12,Flip,5,B_Flip_5,False,True,,3462107,True
skater_B/cam_12/Flip_6.mp4,B,12,Flip,6,B_Flip_6,False,True,,3174303,True
skater_B/cam_12/Flip_7.mp4,B,12,Flip,7,B_Flip_7,False,True,,3200669,True
skater_B/cam_12/Flip_8.mp4,B,12,Flip,8,B_Flip_8,False,True,,3434321,True
skater_B/cam_12/Flip_9.mp4,B,12,Flip,9,B_Flip_9,False,True,,3409732,True
skater_B/cam_12/Loop_1.mp4,B,12,Loop,1,B_Loop_1,False,True,,3278505,True
skater_B/cam_12/Loop_10.mp4,B,12,Loop,10,B_Loop_10,False,True,,3483953,True
skater_B/cam_12/Loop_2.mp4,B,12,Loop,2,B_Loop_2,False,True,,3402792,True
skater_B/cam_12/Loop_3.mp4,B,12,Loop,3,B_Loop_3,False,True,,3154964,True
skater_B/cam_12/Loop_4.mp4,B,12,Loop,4,B_Loop_4,False,True,,3297650,True
skater_B/cam_12/Loop_5.mp4,B,12,Loop,5,B_Loop_5,False,True,,3154925,True
skater_B/cam_12/Loop_6.mp4,B,12,Loop,6,B_Loop_6,False,True,,2857958,True
skater_B/cam_12/Loop_7.mp4,B,12,Loop,7,B_Loop_7,False,True,,2667648,True
skater_B/cam_12/Loop_8.mp4,B,12,Loop,8,B_Loop_8,False,True,,2664321,True
skater_B/cam_12/Loop_9.mp4,B,12,Loop,9,B_Loop_9,False,True,,2864221,True
skater_B/cam_12/Lutz_1.mp4,B,12,Lutz,1,B_Lutz_1,False,True,,3344790,True
skater_B/cam_12/Lutz_10.mp4,B,12,Lutz,10,B_Lutz_10,False,True,,2990910,True
skater_B/cam_12/Lutz_2.mp4,B,12,Lutz,2,B_Lutz_2,False,True,,2611195,True
skater_B/cam_12/Lutz_3.mp4,B,12,Lutz,3,B_Lutz_3,False,True,,3098631,True
skater_B/cam_12/Lutz_4.mp4,B,12,Lutz,4,B_Lutz_4,False,True,,2685908,True
skater_B/cam_12/Lutz_5.mp4,B,12,Lutz,5,B_Lutz_5,False,True,,2912388,True
skater_B/cam_12/Lutz_6.mp4,B,12,Lutz,6,B_Lutz_6,False,True,,3523675,True
skater_B/cam_12/Lutz_7.mp4,B,12,Lutz,7,B_Lutz_7,False,True,,2992191,True
skater_B/cam_12/Lutz_8.mp4,B,12,Lutz,8,B_Lutz_8,False,True,,3111414,True
skater_B/cam_12/Lutz_9.mp4,B,12,Lutz,9,B_Lutz_9,False,True,,3061784,True
skater_B/cam_12/Salchow_1.mp4,B,12,Salchow,1,B_Salchow_1,False,True,,2755457,True
skater_B/cam_12/Salchow_10.mp4,B,12,Salchow,10,B_Salchow_10,False,True,,3102362,True
skater_B/cam_12/Salchow_2.mp4,B,12,Salchow,2,B_Salchow_2,False,True,,2718385,True
skater_B/cam_12/Salchow_3.mp4,B,12,Salchow,3,B_Salchow_3,False,True,,3400036,True
skater_B/cam_12/Salchow_4.mp4,B,12,Salchow,4,B_Salchow_4,False,True,,2938964,True
skater_B/cam_12/Salchow_5.mp4,B,12,Salchow,5,B_Salchow_5,False,True,,3145779,True
skater_B/cam_12/Salchow_6.mp4,B,12,Salchow,6,B_Salchow_6,False,True,,2707153,True
skater_B/cam_12/Salchow_7.mp4,B,12,Salchow,7,B_Salchow_7,False,True,,3393543,True
skater_B/cam_12/Salchow_8.mp4,B,12,Salchow,8,B_Salchow_8,False,True,,3017633,True
skater_B/cam_12/Salchow_9.mp4,B,12,Salchow,9,B_Salchow_9,False,True,,3352956,True
skater_B/cam_12/Toeloop_1.mp4,B,12,Toeloop,1,B_Toeloop_1,False,True,,3355913,True
skater_B/cam_12/Toeloop_10.mp4,B,12,Toeloop,10,B_Toeloop_10,False,True,,3031701,True
skater_B/cam_12/Toeloop_2.mp4,B,12,Toeloop,2,B_Toeloop_2,False,True,,3224014,True
skater_B/cam_12/Toeloop_3.mp4,B,12,Toeloop,3,B_Toeloop_3,False,True,,3417245,True
skater_B/cam_12/Toeloop_4.mp4,B,12,Toeloop,4,B_Toeloop_4,False,True,,2701269,True
skater_B/cam_12/Toeloop_5.mp4,B,12,Toeloop,5,B_Toeloop_5,False,True,,3014972,True
skater_B/cam_12/Toeloop_6.mp4,B,12,Toeloop,6,B_Toeloop_6,False,True,,3033048,True
skater_B/cam_12/Toeloop_7.mp4,B,12,Toeloop,7,B_Toeloop_7,False,True,,2801829,True
skater_B/cam_12/Toeloop_8.mp4,B,12,Toeloop,8,B_Toeloop_8,False,True,,2889845,True
skater_B/cam_12/Toeloop_9.mp4,B,12,Toeloop,9,B_Toeloop_9,False,True,,3049729,True
skater_B/cam_2/Axel_1.mp4,B,2,Axel,1,B_Axel_1,False,True,,2446439,True
skater_B/cam_2/Axel_10.mp4,B,2,Axel,10,B_Axel_10,False,True,,2406376,True
skater_B/cam_2/Axel_2.mp4,B,2,Axel,2,B_Axel_2,False,True,,2612070,True
skater_B/cam_2/Axel_3.mp4,B,2,Axel,3,B_Axel_3,False,True,,2467041,True
skater_B/cam_2/Axel_4.mp4,B,2,Axel,4,B_Axel_4,False,True,,2612359,True
skater_B/cam_2/Axel_5.mp4,B,2,Axel,5,B_Axel_5,False,True,,3089021,True
skater_B/cam_2/Axel_6.mp4,B,2,Axel,6,B_Axel_6,False,True,,2859699,True
skater_B/cam_2/Axel_7.mp4,B,2,Axel,7,B_Axel_7,False,True,,2965455,True
skater_B/cam_2/Axel_8.mp4,B,2,Axel,8,B_Axel_8,False,True,,3002425,True
skater_B/cam_2/Axel_9.mp4,B,2,Axel,9,B_Axel_9,False,True,,2473106,True
skater_B/cam_2/Comb_1.mp4,B,2,Comb,1,B_Comb_1,True,False,,6089149,True
skater_B/cam_2/Comb_2.mp4,B,2,Comb,2,B_Comb_2,True,False,,5851704,True
skater_B/cam_2/Comb_3.mp4,B,2,Comb,3,B_Comb_3,True,False,,5212344,True
skater_B/cam_2/Flip_1.mp4,B,2,Flip,1,B_Flip_1,False,True,,3032631,True
skater_B/cam_2/Flip_10.mp4,B,2,Flip,10,B_Flip_10,False,True,,2946424,True
skater_B/cam_2/Flip_2.mp4,B,2,Flip,2,B_Flip_2,False,True,,2837874,True
skater_B/cam_2/Flip_3.mp4,B,2,Flip,3,B_Flip_3,False,True,,2711095,True
skater_B/cam_2/Flip_4.mp4,B,2,Flip,4,B_Flip_4,False,True,,3089054,True
skater_B/cam_2/Flip_5.mp4,B,2,Flip,5,B_Flip_5,False,True,,3016968,True
skater_B/cam_2/Flip_6.mp4,B,2,Flip,6,B_Flip_6,False,True,,2655555,True
skater_B/cam_2/Flip_7.mp4,B,2,Flip,7,B_Flip_7,False,True,,2809988,True
skater_B/cam_2/Flip_8.mp4,B,2,Flip,8,B_Flip_8,False,True,,3026076,True
skater_B/cam_2/Flip_9.mp4,B,2,Flip,9,B_Flip_9,False,True,,2981557,True
skater_B/cam_2/Loop_1.mp4,B,2,Loop,1,B_Loop_1,False,True,,2712540,True
skater_B/cam_2/Loop_10.mp4,B,2,Loop,10,B_Loop_10,False,True,,2969317,True
skater_B/cam_2/Loop_2.mp4,B,2,Loop,2,B_Loop_2,False,True,,2994818,True
skater_B/cam_2/Loop_3.mp4,B,2,Loop,3,B_Loop_3,False,True,,2959499,True
skater_B/cam_2/Loop_4.mp4,B,2,Loop,4,B_Loop_4,False,True,,2968356,True
skater_B/cam_2/Loop_5.mp4,B,2,Loop,5,B_Loop_5,False,True,,2634985,True
skater_B/cam_2/Loop_6.mp4,B,2,Loop,6,B_Loop_6,False,True,,2457667,True
skater_B/cam_2/Loop_7.mp4,B,2,Loop,7,B_Loop_7,False,True,,2436526,True
skater_B/cam_2/Loop_8.mp4,B,2,Loop,8,B_Loop_8,False,True,,2566159,True
skater_B/cam_2/Loop_9.mp4,B,2,Loop,9,B_Loop_9,False,True,,2900683,True
skater_B/cam_2/Lutz_1.mp4,B,2,Lutz,1,B_Lutz_1,False,True,,3032426,True
skater_B/cam_2/Lutz_10.mp4,B,2,Lutz,10,B_Lutz_10,False,True,,2964845,True
skater_B/cam_2/Lutz_2.mp4,B,2,Lutz,2,B_Lutz_2,False,True,,2293623,True
skater_B/cam_2/Lutz_3.mp4,B,2,Lutz,3,B_Lutz_3,False,True,,3090112,True
skater_B/cam_2/Lutz_4.mp4,B,2,Lutz,4,B_Lutz_4,False,True,,2575570,True
skater_B/cam_2/Lutz_5.mp4,B,2,Lutz,5,B_Lutz_5,False,True,,2670088,True
skater_B/cam_2/Lutz_6.mp4,B,2,Lutz,6,B_Lutz_6,False,True,,2955449,True
skater_B/cam_2/Lutz_7.mp4,B,2,Lutz,7,B_Lutz_7,False,True,,2618646,True
skater_B/cam_2/Lutz_8.mp4,B,2,Lutz,8,B_Lutz_8,False,True,,2864976,True
skater_B/cam_2/Lutz_9.mp4,B,2,Lutz,9,B_Lutz_9,False,True,,2934878,True
skater_B/cam_2/Salchow_1.mp4,B,2,Salchow,1,B_Salchow_1,False,True,,2349484,True
skater_B/cam_2/Salchow_10.mp4,B,2,Salchow,10,B_Salchow_10,False,True,,2522135,True
skater_B/cam_2/Salchow_2.mp4,B,2,Salchow,2,B_Salchow_2,False,True,,2622798,True
skater_B/cam_2/Salchow_3.mp4,B,2,Salchow,3,B_Salchow_3,False,True,,2692223,True
skater_B/cam_2/Salchow_4.mp4,B,2,Salchow,4,B_Salchow_4,False,True,,2769419,True
skater_B/cam_2/Salchow_5.mp4,B,2,Salchow,5,B_Salchow_5,False,True,,2696444,True
skater_B/cam_2/Salchow_6.mp4,B,2,Salchow,6,B_Salchow_6,False,True,,2685050,True
skater_B/cam_2/Salchow_7.mp4,B,2,Salchow,7,B_Salchow_7,False,True,,2818859,True
skater_B/cam_2/Salchow_8.mp4,B,2,Salchow,8,B_Salchow_8,False,True,,2651311,True
skater_B/cam_2/Salchow_9.mp4,B,2,Salchow,9,B_Salchow_9,False,True,,3070621,True
skater_B/cam_2/Toeloop_1.mp4,B,2,Toeloop,1,B_Toeloop_1,False,True,,2990675,True
skater_B/cam_2/Toeloop_10.mp4,B,2,Toeloop,10,B_Toeloop_10,False,True,,2808881,True
skater_B/cam_2/Toeloop_2.mp4,B,2,Toeloop,2,B_Toeloop_2,False,True,,2852188,True
skater_B/cam_2/Toeloop_3.mp4,B,2,Toeloop,3,B_Toeloop_3,False,True,,2960445,True
skater_B/cam_2/Toeloop_4.mp4,B,2,Toeloop,4,B_Toeloop_4,False,True,,2502600,True
skater_B/cam_2/Toeloop_5.mp4,B,2,Toeloop,5,B_Toeloop_5,False,True,,2637303,True
skater_B/cam_2/Toeloop_6.mp4,B,2,Toeloop,6,B_Toeloop_6,False,True,,2484078,True
skater_B/cam_2/Toeloop_7.mp4,B,2,Toeloop,7,B_Toeloop_7,False,True,,2892128,True
skater_B/cam_2/Toeloop_8.mp4,B,2,Toeloop,8,B_Toeloop_8,False,True,,2842753,True
skater_B/cam_2/Toeloop_9.mp4,B,2,Toeloop,9,B_Toeloop_9,False,True,,2805924,True
skater_B/cam_3/Axel_1.mp4,B,3,Axel,1,B_Axel_1,False,True,,2608082,True
skater_B/cam_3/Axel_10.mp4,B,3,Axel,10,B_Axel_10,False,True,,2473574,True
skater_B/cam_3/Axel_2.mp4,B,3,Axel,2,B_Axel_2,False,True,,2615713,True
skater_B/cam_3/Axel_3.mp4,B,3,Axel,3,B_Axel_3,False,True,,2473687,True
skater_B/cam_3/Axel_4.mp4,B,3,Axel,4,B_Axel_4,False,True,,2614643,True
skater_B/cam_3/Axel_5.mp4,B,3,Axel,5,B_Axel_5,False,True,,2959469,True
skater_B/cam_3/Axel_6.mp4,B,3,Axel,6,B_Axel_6,False,True,,2794040,True
skater_B/cam_3/Axel_7.mp4,B,3,Axel,7,B_Axel_7,False,True,,2651603,True
skater_B/cam_3/Axel_8.mp4,B,3,Axel,8,B_Axel_8,False,True,,2916489,True
skater_B/cam_3/Axel_9.mp4,B,3,Axel,9,B_Axel_9,False,True,,2457548,True
skater_B/cam_3/Comb_1.mp4,B,3,Comb,1,B_Comb_1,True,False,,5887836,True
skater_B/cam_3/Comb_2.mp4,B,3,Comb,2,B_Comb_2,True,False,,6130774,True
skater_B/cam_3/Comb_3.mp4,B,3,Comb,3,B_Comb_3,True,False,,5283243,True
skater_B/cam_3/Flip_1.mp4,B,3,Flip,1,B_Flip_1,False,True,,2913363,True
skater_B/cam_3/Flip_10.mp4,B,3,Flip,10,B_Flip_10,False,True,,2873619,True
skater_B/cam_3/Flip_2.mp4,B,3,Flip,2,B_Flip_2,False,True,,2957667,True
skater_B/cam_3/Flip_3.mp4,B,3,Flip,3,B_Flip_3,False,True,,2685692,True
skater_B/cam_3/Flip_4.mp4,B,3,Flip,4,B_Flip_4,False,True,,3021687,True
skater_B/cam_3/Flip_5.mp4,B,3,Flip,5,B_Flip_5,False,True,,2905679,True
skater_B/cam_3/Flip_6.mp4,B,3,Flip,6,B_Flip_6,False,True,,2676203,True
skater_B/cam_3/Flip_7.mp4,B,3,Flip,7,B_Flip_7,False,True,,2718646,True
skater_B/cam_3/Flip_8.mp4,B,3,Flip,8,B_Flip_8,False,True,,2866462,True
skater_B/cam_3/Flip_9.mp4,B,3,Flip,9,B_Flip_9,False,True,,2823588,True
skater_B/cam_3/Loop_1.mp4,B,3,Loop,1,B_Loop_1,False,True,,2686963,True
skater_B/cam_3/Loop_10.mp4,B,3,Loop,10,B_Loop_10,False,True,,2857433,True
skater_B/cam_3/Loop_2.mp4,B,3,Loop,2,B_Loop_2,False,True,,2853084,True
skater_B/cam_3/Loop_3.mp4,B,3,Loop,3,B_Loop_3,False,True,,2854651,True
skater_B/cam_3/Loop_4.mp4,B,3,Loop,4,B_Loop_4,False,True,,2842470,True
skater_B/cam_3/Loop_5.mp4,B,3,Loop,5,B_Loop_5,False,True,,2605646,True
skater_B/cam_3/Loop_6.mp4,B,3,Loop,6,B_Loop_6,False,True,,2411166,True
skater_B/cam_3/Loop_7.mp4,B,3,Loop,7,B_Loop_7,False,True,,2439837,True
skater_B/cam_3/Loop_8.mp4,B,3,Loop,8,B_Loop_8,False,True,,2573011,True
skater_B/cam_3/Loop_9.mp4,B,3,Loop,9,B_Loop_9,False,True,,2852081,True
skater_B/cam_3/Lutz_1.mp4,B,3,Lutz,1,B_Lutz_1,False,True,,3002441,True
skater_B/cam_3/Lutz_10.mp4,B,3,Lutz,10,B_Lutz_10,False,True,,2851039,True
skater_B/cam_3/Lutz_2.mp4,B,3,Lutz,2,B_Lutz_2,False,True,,2353696,True
skater_B/cam_3/Lutz_3.mp4,B,3,Lutz,3,B_Lutz_3,False,True,,3274791,True
skater_B/cam_3/Lutz_4.mp4,B,3,Lutz,4,B_Lutz_4,False,True,,2632950,True
skater_B/cam_3/Lutz_5.mp4,B,3,Lutz,5,B_Lutz_5,False,True,,2665334,True
skater_B/cam_3/Lutz_6.mp4,B,3,Lutz,6,B_Lutz_6,False,True,,2878124,True
skater_B/cam_3/Lutz_7.mp4,B,3,Lutz,7,B_Lutz_7,False,True,,2686948,True
skater_B/cam_3/Lutz_8.mp4,B,3,Lutz,8,B_Lutz_8,False,True,,2810691,True
skater_B/cam_3/Lutz_9.mp4,B,3,Lutz,9,B_Lutz_9,False,True,,2786868,True
skater_B/cam_3/Salchow_1.mp4,B,3,Salchow,1,B_Salchow_1,False,True,,2292938,True
skater_B/cam_3/Salchow_10.mp4,B,3,Salchow,10,B_Salchow_10,False,True,,2467886,True
skater_B/cam_3/Salchow_2.mp4,B,3,Salchow,2,B_Salchow_2,False,True,,2723275,True
skater_B/cam_3/Salchow_3.mp4,B,3,Salchow,3,B_Salchow_3,False,True,,2703874,True
skater_B/cam_3/Salchow_4.mp4,B,3,Salchow,4,B_Salchow_4,False,True,,2777502,True
skater_B/cam_3/Salchow_5.mp4,B,3,Salchow,5,B_Salchow_5,False,True,,2604633,True
skater_B/cam_3/Salchow_6.mp4,B,3,Salchow,6,B_Salchow_6,False,True,,2663867,True
skater_B/cam_3/Salchow_7.mp4,B,3,Salchow,7,B_Salchow_7,False,True,,2801225,True
skater_B/cam_3/Salchow_8.mp4,B,3,Salchow,8,B_Salchow_8,False,True,,2618064,True
skater_B/cam_3/Salchow_9.mp4,B,3,Salchow,9,B_Salchow_9,False,True,,2889865,True
skater_B/cam_3/Toeloop_1.mp4,B,3,Toeloop,1,B_Toeloop_1,False,True,,3072081,True
skater_B/cam_3/Toeloop_10.mp4,B,3,Toeloop,10,B_Toeloop_10,False,True,,2773237,True
skater_B/cam_3/Toeloop_2.mp4,B,3,Toeloop,2,B_Toeloop_2,False,True,,2835813,True
skater_B/cam_3/Toeloop_3.mp4,B,3,Toeloop,3,B_Toeloop_3,False,True,,2817568,True
skater_B/cam_3/Toeloop_4.mp4,B,3,Toeloop,4,B_Toeloop_4,False,True,,2505774,True
skater_B/cam_3/Toeloop_5.mp4,B,3,Toeloop,5,B_Toeloop_5,False,True,,2570494,True
skater_B/cam_3/Toeloop_6.mp4,B,3,Toeloop,6,B_Toeloop_6,False,True,,2496998,True
skater_B/cam_3/Toeloop_7.mp4,B,3,Toeloop,7,B_Toeloop_7,False,True,,2676732,True
skater_B/cam_3/Toeloop_8.mp4,B,3,Toeloop,8,B_Toeloop_8,False,True,,2754833,True
skater_B/cam_3/Toeloop_9.mp4,B,3,Toeloop,9,B_Toeloop_9,False,True,,2796021,True
skater_B/cam_4/Axel_1.mp4,B,4,Axel,1,B_Axel_1,False,True,,2308830,True
skater_B/cam_4/Axel_10.mp4,B,4,Axel,10,B_Axel_10,False,True,,2306241,True
skater_B/cam_4/Axel_2.mp4,B,4,Axel,2,B_Axel_2,False,True,,2437975,True
skater_B/cam_4/Axel_3.mp4,B,4,Axel,3,B_Axel_3,False,True,,2147938,True
skater_B/cam_4/Axel_4.mp4,B,4,Axel,4,B_Axel_4,False,True,,2476472,True
skater_B/cam_4/Axel_5.mp4,B,4,Axel,5,B_Axel_5,False,True,,2994849,True
skater_B/cam_4/Axel_6.mp4,B,4,Axel,6,B_Axel_6,False,True,,2654668,True
skater_B/cam_4/Axel_7.mp4,B,4,Axel,7,B_Axel_7,False,True,,2827310,True
skater_B/cam_4/Axel_8.mp4,B,4,Axel,8,B_Axel_8,False,True,,2864443,True
skater_B/cam_4/Axel_9.mp4,B,4,Axel,9,B_Axel_9,False,True,,2307414,True
skater_B/cam_4/Comb_1.mp4,B,4,Comb,1,B_Comb_1,True,False,,5864677,True
skater_B/cam_4/Comb_2.mp4,B,4,Comb,2,B_Comb_2,True,False,,5823402,True
skater_B/cam_4/Comb_3.mp4,B,4,Comb,3,B_Comb_3,True,False,,5247062,True
skater_B/cam_4/Flip_1.mp4,B,4,Flip,1,B_Flip_1,False,True,,2794272,True
skater_B/cam_4/Flip_10.mp4,B,4,Flip,10,B_Flip_10,False,True,,2937321,True
skater_B/cam_4/Flip_2.mp4,B,4,Flip,2,B_Flip_2,False,True,,2569069,True
skater_B/cam_4/Flip_3.mp4,B,4,Flip,3,B_Flip_3,False,True,,2562171,True
skater_B/cam_4/Flip_4.mp4,B,4,Flip,4,B_Flip_4,False,True,,2987505,True
skater_B/cam_4/Flip_5.mp4,B,4,Flip,5,B_Flip_5,False,True,,3049124,True
skater_B/cam_4/Flip_6.mp4,B,4,Flip,6,B_Flip_6,False,True,,2623229,True
skater_B/cam_4/Flip_7.mp4,B,4,Flip,7,B_Flip_7,False,True,,2731038,True
skater_B/cam_4/Flip_8.mp4,B,4,Flip,8,B_Flip_8,False,True,,2943784,True
skater_B/cam_4/Flip_9.mp4,B,4,Flip,9,B_Flip_9,False,True,,2900883,True
skater_B/cam_4/Loop_1.mp4,B,4,Loop,1,B_Loop_1,False,True,,2756953,True
skater_B/cam_4/Loop_10.mp4,B,4,Loop,10,B_Loop_10,False,True,,2972417,True
skater_B/cam_4/Loop_2.mp4,B,4,Loop,2,B_Loop_2,False,True,,2995591,True
skater_B/cam_4/Loop_3.mp4,B,4,Loop,3,B_Loop_3,False,True,,2859830,True
skater_B/cam_4/Loop_4.mp4,B,4,Loop,4,B_Loop_4,False,True,,2895465,True
skater_B/cam_4/Loop_5.mp4,B,4,Loop,5,B_Loop_5,False,True,,2624333,True
skater_B/cam_4/Loop_6.mp4,B,4,Loop,6,B_Loop_6,False,True,,2350229,True
skater_B/cam_4/Loop_7.mp4,B,4,Loop,7,B_Loop_7,False,True,,2381076,True
skater_B/cam_4/Loop_8.mp4,B,4,Loop,8,B_Loop_8,False,True,,2370186,True
skater_B/cam_4/Loop_9.mp4,B,4,Loop,9,B_Loop_9,False,True,,2797438,True
skater_B/cam_4/Lutz_1.mp4,B,4,Lutz,1,B_Lutz_1,False,True,,2994298,True
skater_B/cam_4/Lutz_10.mp4,B,4,Lutz,10,B_Lutz_10,False,True,,2792976,True
skater_B/cam_4/Lutz_2.mp4,B,4,Lutz,2,B_Lutz_2,False,True,,2206171,True
skater_B/cam_4/Lutz_3.mp4,B,4,Lutz,3,B_Lutz_3,False,True,,3193474,True
skater_B/cam_4/Lutz_4.mp4,B,4,Lutz,4,B_Lutz_4,False,True,,2396925,True
skater_B/cam_4/Lutz_5.mp4,B,4,Lutz,5,B_Lutz_5,False,True,,2598566,True
skater_B/cam_4/Lutz_6.mp4,B,4,Lutz,6,B_Lutz_6,False,True,,2991823,True
skater_B/cam_4/Lutz_7.mp4,B,4,Lutz,7,B_Lutz_7,False,True,,2574289,True
skater_B/cam_4/Lutz_8.mp4,B,4,Lutz,8,B_Lutz_8,False,True,,2787863,True
skater_B/cam_4/Lutz_9.mp4,B,4,Lutz,9,B_Lutz_9,False,True,,2837442,True
skater_B/cam_4/Salchow_1.mp4,B,4,Salchow,1,B_Salchow_1,False,True,,2272256,True
skater_B/cam_4/Salchow_10.mp4,B,4,Salchow,10,B_Salchow_10,False,True,,2523654,True
skater_B/cam_4/Salchow_2.mp4,B,4,Salchow,2,B_Salchow_2,False,True,,2388478,True
skater_B/cam_4/Salchow_3.mp4,B,4,Salchow,3,B_Salchow_3,False,True,,2758848,True
skater_B/cam_4/Salchow_4.mp4,B,4,Salchow,4,B_Salchow_4,False,True,,2675007,True
skater_B/cam_4/Salchow_5.mp4,B,4,Salchow,5,B_Salchow_5,False,True,,2624392,True
skater_B/cam_4/Salchow_6.mp4,B,4,Salchow,6,B_Salchow_6,False,True,,2413837,True
skater_B/cam_4/Salchow_7.mp4,B,4,Salchow,7,B_Salchow_7,False,True,,2846368,True
skater_B/cam_4/Salchow_8.mp4,B,4,Salchow,8,B_Salchow_8,False,True,,2586500,True
skater_B/cam_4/Salchow_9.mp4,B,4,Salchow,9,B_Salchow_9,False,True,,2992309,True
skater_B/cam_4/Toeloop_1.mp4,B,4,Toeloop,1,B_Toeloop_1,False,True,,2843957,True
skater_B/cam_4/Toeloop_10.mp4,B,4,Toeloop,10,B_Toeloop_10,False,True,,2731473,True
skater_B/cam_4/Toeloop_2.mp4,B,4,Toeloop,2,B_Toeloop_2,False,True,,2720024,True
skater_B/cam_4/Toeloop_3.mp4,B,4,Toeloop,3,B_Toeloop_3,False,True,,2868151,True
skater_B/cam_4/Toeloop_4.mp4,B,4,Toeloop,4,B_Toeloop_4,False,True,,2286338,True
skater_B/cam_4/Toeloop_5.mp4,B,4,Toeloop,5,B_Toeloop_5,False,True,,2476877,True
skater_B/cam_4/Toeloop_6.mp4,B,4,Toeloop,6,B_Toeloop_6,False,True,,2513977,True
skater_B/cam_4/Toeloop_7.mp4,B,4,Toeloop,7,B_Toeloop_7,False,True,,2566273,True
skater_B/cam_4/Toeloop_8.mp4,B,4,Toeloop,8,B_Toeloop_8,False,True,,2622493,True
skater_B/cam_4/Toeloop_9.mp4,B,4,Toeloop,9,B_Toeloop_9,False,True,,2717412,True
skater_B/cam_5/Axel_1.mp4,B,5,Axel,1,B_Axel_1,False,True,,2242673,True
skater_B/cam_5/Axel_10.mp4,B,5,Axel,10,B_Axel_10,False,True,,2235980,True
skater_B/cam_5/Axel_2.mp4,B,5,Axel,2,B_Axel_2,False,True,,2447772,True
skater_B/cam_5/Axel_3.mp4,B,5,Axel,3,B_Axel_3,False,True,,2221793,True
skater_B/cam_5/Axel_4.mp4,B,5,Axel,4,B_Axel_4,False,True,,2402839,True
skater_B/cam_5/Axel_5.mp4,B,5,Axel,5,B_Axel_5,False,True,,2802120,True
skater_B/cam_5/Axel_6.mp4,B,5,Axel,6,B_Axel_6,False,True,,2622508,True
skater_B/cam_5/Axel_7.mp4,B,5,Axel,7,B_Axel_7,False,True,,3095121,True
skater_B/cam_5/Axel_8.mp4,B,5,Axel,8,B_Axel_8,False,True,,2749051,True
skater_B/cam_5/Axel_9.mp4,B,5,Axel,9,B_Axel_9,False,True,,2280795,True
skater_B/cam_5/Comb_1.mp4,B,5,Comb,1,B_Comb_1,True,False,,5719805,True
skater_B/cam_5/Comb_2.mp4,B,5,Comb,2,B_Comb_2,True,False,,5771800,True
skater_B/cam_5/Comb_3.mp4,B,5,Comb,3,B_Comb_3,True,False,,5141755,True
skater_B/cam_5/Flip_1.mp4,B,5,Flip,1,B_Flip_1,False,True,,2758813,True
skater_B/cam_5/Flip_10.mp4,B,5,Flip,10,B_Flip_10,False,True,,2815279,True
skater_B/cam_5/Flip_2.mp4,B,5,Flip,2,B_Flip_2,False,True,,2539180,True
skater_B/cam_5/Flip_3.mp4,B,5,Flip,3,B_Flip_3,False,True,,2527443,True
skater_B/cam_5/Flip_4.mp4,B,5,Flip,4,B_Flip_4,False,True,,2839963,True
skater_B/cam_5/Flip_5.mp4,B,5,Flip,5,B_Flip_5,False,True,,2869925,True
skater_B/cam_5/Flip_6.mp4,B,5,Flip,6,B_Flip_6,False,True,,2612027,True
skater_B/cam_5/Flip_7.mp4,B,5,Flip,7,B_Flip_7,False,True,,2655337,True
skater_B/cam_5/Flip_8.mp4,B,5,Flip,8,B_Flip_8,False,True,,2888325,True
skater_B/cam_5/Flip_9.mp4,B,5,Flip,9,B_Flip_9,False,True,,2774862,True
skater_B/cam_5/Loop_1.mp4,B,5,Loop,1,B_Loop_1,False,True,,2652125,True
skater_B/cam_5/Loop_10.mp4,B,5,Loop,10,B_Loop_10,False,True,,2942856,True
skater_B/cam_5/Loop_2.mp4,B,5,Loop,2,B_Loop_2,False,True,,2781464,True
skater_B/cam_5/Loop_3.mp4,B,5,Loop,3,B_Loop_3,False,True,,2836751,True
skater_B/cam_5/Loop_4.mp4,B,5,Loop,4,B_Loop_4,False,True,,2766106,True
skater_B/cam_5/Loop_5.mp4,B,5,Loop,5,B_Loop_5,False,True,,2540902,True
skater_B/cam_5/Loop_6.mp4,B,5,Loop,6,B_Loop_6,False,True,,2338670,True
skater_B/cam_5/Loop_7.mp4,B,5,Loop,7,B_Loop_7,False,True,,2247413,True
skater_B/cam_5/Loop_8.mp4,B,5,Loop,8,B_Loop_8,False,True,,2330608,True
skater_B/cam_5/Loop_9.mp4,B,5,Loop,9,B_Loop_9,False,True,,2656216,True
skater_B/cam_5/Lutz_1.mp4,B,5,Lutz,1,B_Lutz_1,False,True,,2879514,True
skater_B/cam_5/Lutz_10.mp4,B,5,Lutz,10,B_Lutz_10,False,True,,2727213,True
skater_B/cam_5/Lutz_2.mp4,B,5,Lutz,2,B_Lutz_2,False,True,,2225678,True
skater_B/cam_5/Lutz_3.mp4,B,5,Lutz,3,B_Lutz_3,False,True,,2985827,True
skater_B/cam_5/Lutz_4.mp4,B,5,Lutz,4,B_Lutz_4,False,True,,2357596,True
skater_B/cam_5/Lutz_5.mp4,B,5,Lutz,5,B_Lutz_5,False,True,,2521895,True
skater_B/cam_5/Lutz_6.mp4,B,5,Lutz,6,B_Lutz_6,False,True,,2852068,True
skater_B/cam_5/Lutz_7.mp4,B,5,Lutz,7,B_Lutz_7,False,True,,2561433,True
skater_B/cam_5/Lutz_8.mp4,B,5,Lutz,8,B_Lutz_8,False,True,,2717038,True
skater_B/cam_5/Lutz_9.mp4,B,5,Lutz,9,B_Lutz_9,False,True,,2737450,True
skater_B/cam_5/Salchow_1.mp4,B,5,Salchow,1,B_Salchow_1,False,True,,2248362,True
skater_B/cam_5/Salchow_10.mp4,B,5,Salchow,10,B_Salchow_10,False,True,,2526712,True
skater_B/cam_5/Salchow_2.mp4,B,5,Salchow,2,B_Salchow_2,False,True,,2391137,True
skater_B/cam_5/Salchow_3.mp4,B,5,Salchow,3,B_Salchow_3,False,True,,2685494,True
skater_B/cam_5/Salchow_4.mp4,B,5,Salchow,4,B_Salchow_4,False,True,,2592757,True
skater_B/cam_5/Salchow_5.mp4,B,5,Salchow,5,B_Salchow_5,False,True,,2602403,True
skater_B/cam_5/Salchow_6.mp4,B,5,Salchow,6,B_Salchow_6,False,True,,2399393,True
skater_B/cam_5/Salchow_7.mp4,B,5,Salchow,7,B_Salchow_7,False,True,,2713146,True
skater_B/cam_5/Salchow_8.mp4,B,5,Salchow,8,B_Salchow_8,False,True,,2573601,True
skater_B/cam_5/Salchow_9.mp4,B,5,Salchow,9,B_Salchow_9,False,True,,2884700,True
skater_B/cam_5/Toeloop_1.mp4,B,5,Toeloop,1,B_Toeloop_1,False,True,,2757595,True
skater_B/cam_5/Toeloop_10.mp4,B,5,Toeloop,10,B_Toeloop_10,False,True,,2826002,True
skater_B/cam_5/Toeloop_2.mp4,B,5,Toeloop,2,B_Toeloop_2,False,True,,2696298,True
skater_B/cam_5/Toeloop_3.mp4,B,5,Toeloop,3,B_Toeloop_3,False,True,,2817645,True
skater_B/cam_5/Toeloop_4.mp4,B,5,Toeloop,4,B_Toeloop_4,False,True,,2280082,True
skater_B/cam_5/Toeloop_5.mp4,B,5,Toeloop,5,B_Toeloop_5,False,True,,2462417,True
skater_B/cam_5/Toeloop_6.mp4,B,5,Toeloop,6,B_Toeloop_6,False,True,,2465948,True
skater_B/cam_5/Toeloop_7.mp4,B,5,Toeloop,7,B_Toeloop_7,False,True,,2506017,True
skater_B/cam_5/Toeloop_8.mp4,B,5,Toeloop,8,B_Toeloop_8,False,True,,2668896,True
skater_B/cam_5/Toeloop_9.mp4,B,5,Toeloop,9,B_Toeloop_9,False,True,,2630062,True
skater_B/cam_6/Axel_1.mp4,B,6,Axel,1,B_Axel_1,False,True,,2608744,True
skater_B/cam_6/Axel_10.mp4,B,6,Axel,10,B_Axel_10,False,True,,2507904,True
skater_B/cam_6/Axel_2.mp4,B,6,Axel,2,B_Axel_2,False,True,,2751529,True
skater_B/cam_6/Axel_3.mp4,B,6,Axel,3,B_Axel_3,False,True,,2480554,True
skater_B/cam_6/Axel_4.mp4,B,6,Axel,4,B_Axel_4,False,True,,2731485,True
skater_B/cam_6/Axel_5.mp4,B,6,Axel,5,B_Axel_5,False,True,,3039206,True
skater_B/cam_6/Axel_6.mp4,B,6,Axel,6,B_Axel_6,False,True,,2887058,True
skater_B/cam_6/Axel_7.mp4,B,6,Axel,7,B_Axel_7,False,True,,3306340,True
skater_B/cam_6/Axel_8.mp4,B,6,Axel,8,B_Axel_8,False,True,,2993260,True
skater_B/cam_6/Axel_9.mp4,B,6,Axel,9,B_Axel_9,False,True,,2637731,True
skater_B/cam_6/Comb_1.mp4,B,6,Comb,1,B_Comb_1,True,False,,6422373,True
skater_B/cam_6/Comb_2.mp4,B,6,Comb,2,B_Comb_2,True,False,,6328353,True
skater_B/cam_6/Comb_3.mp4,B,6,Comb,3,B_Comb_3,True,False,,5798000,True
skater_B/cam_6/Flip_1.mp4,B,6,Flip,1,B_Flip_1,False,True,,3023920,True
skater_B/cam_6/Flip_10.mp4,B,6,Flip,10,B_Flip_10,False,True,,3125477,True
skater_B/cam_6/Flip_2.mp4,B,6,Flip,2,B_Flip_2,False,True,,2939703,True
skater_B/cam_6/Flip_3.mp4,B,6,Flip,3,B_Flip_3,False,True,,2844267,True
skater_B/cam_6/Flip_4.mp4,B,6,Flip,4,B_Flip_4,False,True,,3191313,True
skater_B/cam_6/Flip_5.mp4,B,6,Flip,5,B_Flip_5,False,True,,3149886,True
skater_B/cam_6/Flip_6.mp4,B,6,Flip,6,B_Flip_6,False,True,,2934528,True
skater_B/cam_6/Flip_7.mp4,B,6,Flip,7,B_Flip_7,False,True,,2914050,True
skater_B/cam_6/Flip_8.mp4,B,6,Flip,8,B_Flip_8,False,True,,3117320,True
skater_B/cam_6/Flip_9.mp4,B,6,Flip,9,B_Flip_9,False,True,,3051374,True
skater_B/cam_6/Loop_1.mp4,B,6,Loop,1,B_Loop_1,False,True,,2929745,True
skater_B/cam_6/Loop_10.mp4,B,6,Loop,10,B_Loop_10,False,True,,2986572,True
skater_B/cam_6/Loop_2.mp4,B,6,Loop,2,B_Loop_2,False,True,,3019018,True
skater_B/cam_6/Loop_3.mp4,B,6,Loop,3,B_Loop_3,False,True,,3024331,True
skater_B/cam_6/Loop_4.mp4,B,6,Loop,4,B_Loop_4,False,True,,3077880,True
skater_B/cam_6/Loop_5.mp4,B,6,Loop,5,B_Loop_5,False,True,,2816325,True
skater_B/cam_6/Loop_6.mp4,B,6,Loop,6,B_Loop_6,False,True,,2630870,True
skater_B/cam_6/Loop_7.mp4,B,6,Loop,7,B_Loop_7,False,True,,2502181,True
skater_B/cam_6/Loop_8.mp4,B,6,Loop,8,B_Loop_8,False,True,,2567405,True
skater_B/cam_6/Loop_9.mp4,B,6,Loop,9,B_Loop_9,False,True,,2945242,True
skater_B/cam_6/Lutz_1.mp4,B,6,Lutz,1,B_Lutz_1,False,True,,3169516,True
skater_B/cam_6/Lutz_10.mp4,B,6,Lutz,10,B_Lutz_10,False,True,,2928280,True
skater_B/cam_6/Lutz_2.mp4,B,6,Lutz,2,B_Lutz_2,False,True,,2474255,True
skater_B/cam_6/Lutz_3.mp4,B,6,Lutz,3,B_Lutz_3,False,True,,3130355,True
skater_B/cam_6/Lutz_4.mp4,B,6,Lutz,4,B_Lutz_4,False,True,,2659820,True
skater_B/cam_6/Lutz_5.mp4,B,6,Lutz,5,B_Lutz_5,False,True,,2845789,True
skater_B/cam_6/Lutz_6.mp4,B,6,Lutz,6,B_Lutz_6,False,True,,3559103,True
skater_B/cam_6/Lutz_7.mp4,B,6,Lutz,7,B_Lutz_7,False,True,,2800604,True
skater_B/cam_6/Lutz_8.mp4,B,6,Lutz,8,B_Lutz_8,False,True,,2912324,True
skater_B/cam_6/Lutz_9.mp4,B,6,Lutz,9,B_Lutz_9,False,True,,2969688,True
skater_B/cam_6/Salchow_1.mp4,B,6,Salchow,1,B_Salchow_1,False,True,,2491733,True
skater_B/cam_6/Salchow_10.mp4,B,6,Salchow,10,B_Salchow_10,False,True,,2803040,True
skater_B/cam_6/Salchow_2.mp4,B,6,Salchow,2,B_Salchow_2,False,True,,2749356,True
skater_B/cam_6/Salchow_3.mp4,B,6,Salchow,3,B_Salchow_3,False,True,,2960673,True
skater_B/cam_6/Salchow_4.mp4,B,6,Salchow,4,B_Salchow_4,False,True,,2914105,True
skater_B/cam_6/Salchow_5.mp4,B,6,Salchow,5,B_Salchow_5,False,True,,2866063,True
skater_B/cam_6/Salchow_6.mp4,B,6,Salchow,6,B_Salchow_6,False,True,,2720517,True
skater_B/cam_6/Salchow_7.mp4,B,6,Salchow,7,B_Salchow_7,False,True,,2971463,True
skater_B/cam_6/Salchow_8.mp4,B,6,Salchow,8,B_Salchow_8,False,True,,2828672,True
skater_B/cam_6/Salchow_9.mp4,B,6,Salchow,9,B_Salchow_9,False,True,,3086657,True
skater_B/cam_6/Toeloop_1.mp4,B,6,Toeloop,1,B_Toeloop_1,False,True,,3018954,True
skater_B/cam_6/Toeloop_10.mp4,B,6,Toeloop,10,B_Toeloop_10,False,True,,3159890,True
skater_B/cam_6/Toeloop_2.mp4,B,6,Toeloop,2,B_Toeloop_2,False,True,,2932122,True
skater_B/cam_6/Toeloop_3.mp4,B,6,Toeloop,3,B_Toeloop_3,False,True,,3064086,True
skater_B/cam_6/Toeloop_4.mp4,B,6,Toeloop,4,B_Toeloop_4,False,True,,2539799,True
skater_B/cam_6/Toeloop_5.mp4,B,6,Toeloop,5,B_Toeloop_5,False,True,,2752946,True
skater_B/cam_6/Toeloop_6.mp4,B,6,Toeloop,6,B_Toeloop_6,False,True,,2693240,True
skater_B/cam_6/Toeloop_7.mp4,B,6,Toeloop,7,B_Toeloop_7,False,True,,2850246,True
skater_B/cam_6/Toeloop_8.mp4,B,6,Toeloop,8,B_Toeloop_8,False,True,,3071954,True
skater_B/cam_6/Toeloop_9.mp4,B,6,Toeloop,9,B_Toeloop_9,False,True,,2933659,True
skater_B/cam_7/Axel_1.mp4,B,7,Axel,1,B_Axel_1,False,True,,2255011,True
skater_B/cam_7/Axel_10.mp4,B,7,Axel,10,B_Axel_10,False,True,,2202269,True
skater_B/cam_7/Axel_2.mp4,B,7,Axel,2,B_Axel_2,False,True,,2522633,True
skater_B/cam_7/Axel_3.mp4,B,7,Axel,3,B_Axel_3,False,True,,2328946,True
skater_B/cam_7/Axel_4.mp4,B,7,Axel,4,B_Axel_4,False,True,,2373593,True
skater_B/cam_7/Axel_5.mp4,B,7,Axel,5,B_Axel_5,False,True,,2841217,True
skater_B/cam_7/Axel_6.mp4,B,7,Axel,6,B_Axel_6,False,True,,2632406,True
skater_B/cam_7/Axel_7.mp4,B,7,Axel,7,B_Axel_7,False,True,,2777043,True
skater_B/cam_7/Axel_8.mp4,B,7,Axel,8,B_Axel_8,False,True,,2767365,True
skater_B/cam_7/Axel_9.mp4,B,7,Axel,9,B_Axel_9,False,True,,2314217,True
skater_B/cam_7/Comb_1.mp4,B,7,Comb,1,B_Comb_1,True,False,,5737235,True
skater_B/cam_7/Comb_2.mp4,B,7,Comb,2,B_Comb_2,True,False,,5635334,True
skater_B/cam_7/Comb_3.mp4,B,7,Comb,3,B_Comb_3,True,False,,5164431,True
skater_B/cam_7/Flip_1.mp4,B,7,Flip,1,B_Flip_1,False,True,,2790047,True
skater_B/cam_7/Flip_10.mp4,B,7,Flip,10,B_Flip_10,False,True,,3015081,True
skater_B/cam_7/Flip_2.mp4,B,7,Flip,2,B_Flip_2,False,True,,2598917,True
skater_B/cam_7/Flip_3.mp4,B,7,Flip,3,B_Flip_3,False,True,,2538039,True
skater_B/cam_7/Flip_4.mp4,B,7,Flip,4,B_Flip_4,False,True,,2951782,True
skater_B/cam_7/Flip_5.mp4,B,7,Flip,5,B_Flip_5,False,True,,3004361,True
skater_B/cam_7/Flip_6.mp4,B,7,Flip,6,B_Flip_6,False,True,,2791266,True
skater_B/cam_7/Flip_7.mp4,B,7,Flip,7,B_Flip_7,False,True,,2762955,True
skater_B/cam_7/Flip_8.mp4,B,7,Flip,8,B_Flip_8,False,True,,2969979,True
skater_B/cam_7/Flip_9.mp4,B,7,Flip,9,B_Flip_9,False,True,,2995225,True
skater_B/cam_7/Loop_1.mp4,B,7,Loop,1,B_Loop_1,False,True,,2824224,True
skater_B/cam_7/Loop_10.mp4,B,7,Loop,10,B_Loop_10,False,True,,2813413,True
skater_B/cam_7/Loop_2.mp4,B,7,Loop,2,B_Loop_2,False,True,,2785755,True
skater_B/cam_7/Loop_3.mp4,B,7,Loop,3,B_Loop_3,False,True,,2826041,True
skater_B/cam_7/Loop_4.mp4,B,7,Loop,4,B_Loop_4,False,True,,2922016,True
skater_B/cam_7/Loop_5.mp4,B,7,Loop,5,B_Loop_5,False,True,,2743499,True
skater_B/cam_7/Loop_6.mp4,B,7,Loop,6,B_Loop_6,False,True,,2504902,True
skater_B/cam_7/Loop_7.mp4,B,7,Loop,7,B_Loop_7,False,True,,2317202,True
skater_B/cam_7/Loop_8.mp4,B,7,Loop,8,B_Loop_8,False,True,,2361426,True
skater_B/cam_7/Loop_9.mp4,B,7,Loop,9,B_Loop_9,False,True,,2693696,True
skater_B/cam_7/Lutz_1.mp4,B,7,Lutz,1,B_Lutz_1,False,True,,2957638,True
skater_B/cam_7/Lutz_10.mp4,B,7,Lutz,10,B_Lutz_10,False,True,,2685782,True
skater_B/cam_7/Lutz_2.mp4,B,7,Lutz,2,B_Lutz_2,False,True,,2220237,True
skater_B/cam_7/Lutz_3.mp4,B,7,Lutz,3,B_Lutz_3,False,True,,2822497,True
skater_B/cam_7/Lutz_4.mp4,B,7,Lutz,4,B_Lutz_4,False,True,,2348285,True
skater_B/cam_7/Lutz_5.mp4,B,7,Lutz,5,B_Lutz_5,False,True,,2610243,True
skater_B/cam_7/Lutz_6.mp4,B,7,Lutz,6,B_Lutz_6,False,True,,2974235,True
skater_B/cam_7/Lutz_7.mp4,B,7,Lutz,7,B_Lutz_7,False,True,,2575552,True
skater_B/cam_7/Lutz_8.mp4,B,7,Lutz,8,B_Lutz_8,False,True,,2824504,True
skater_B/cam_7/Lutz_9.mp4,B,7,Lutz,9,B_Lutz_9,False,True,,2783769,True
skater_B/cam_7/Salchow_1.mp4,B,7,Salchow,1,B_Salchow_1,False,True,,2452174,True
skater_B/cam_7/Salchow_10.mp4,B,7,Salchow,10,B_Salchow_10,False,True,,2737269,True
skater_B/cam_7/Salchow_2.mp4,B,7,Salchow,2,B_Salchow_2,False,True,,2423555,True
skater_B/cam_7/Salchow_3.mp4,B,7,Salchow,3,B_Salchow_3,False,True,,2800650,True
skater_B/cam_7/Salchow_4.mp4,B,7,Salchow,4,B_Salchow_4,False,True,,2650190,True
skater_B/cam_7/Salchow_5.mp4,B,7,Salchow,5,B_Salchow_5,False,True,,2786893,True
skater_B/cam_7/Salchow_6.mp4,B,7,Salchow,6,B_Salchow_6,False,True,,2427906,True
skater_B/cam_7/Salchow_7.mp4,B,7,Salchow,7,B_Salchow_7,False,True,,2885304,True
skater_B/cam_7/Salchow_8.mp4,B,7,Salchow,8,B_Salchow_8,False,True,,2657032,True
skater_B/cam_7/Salchow_9.mp4,B,7,Salchow,9,B_Salchow_9,False,True,,2943715,True
skater_B/cam_7/Toeloop_1.mp4,B,7,Toeloop,1,B_Toeloop_1,False,True,,2890329,True
skater_B/cam_7/Toeloop_10.mp4,B,7,Toeloop,10,B_Toeloop_10,False,True,,2766503,True
skater_B/cam_7/Toeloop_2.mp4,B,7,Toeloop,2,B_Toeloop_2,False,True,,2761122,True
skater_B/cam_7/Toeloop_3.mp4,B,7,Toeloop,3,B_Toeloop_3,False,True,,2962440,True
skater_B/cam_7/Toeloop_4.mp4,B,7,Toeloop,4,B_Toeloop_4,False,True,,2373100,True
skater_B/cam_7/Toeloop_5.mp4,B,7,Toeloop,5,B_Toeloop_5,False,True,,2645876,True
skater_B/cam_7/Toeloop_6.mp4,B,7,Toeloop,6,B_Toeloop_6,False,True,,2602651,True
skater_B/cam_7/Toeloop_7.mp4,B,7,Toeloop,7,B_Toeloop_7,False,True,,2472919,True
skater_B/cam_7/Toeloop_8.mp4,B,7,Toeloop,8,B_Toeloop_8,False,True,,2569736,True
skater_B/cam_7/Toeloop_9.mp4,B,7,Toeloop,9,B_Toeloop_9,False,True,,2697619,True
skater_B/cam_8/Axel_1.mp4,B,8,Axel,1,B_Axel_1,False,True,,1859434,True
skater_B/cam_8/Axel_10.mp4,B,8,Axel,10,B_Axel_10,False,True,,1663881,True
skater_B/cam_8/Axel_2.mp4,B,8,Axel,2,B_Axel_2,False,True,,2178566,True
skater_B/cam_8/Axel_3.mp4,B,8,Axel,3,B_Axel_3,False,True,,1853402,True
skater_B/cam_8/Axel_4.mp4,B,8,Axel,4,B_Axel_4,False,True,,1930485,True
skater_B/cam_8/Axel_5.mp4,B,8,Axel,5,B_Axel_5,False,True,,2536790,True
skater_B/cam_8/Axel_6.mp4,B,8,Axel,6,B_Axel_6,False,True,,2171903,True
skater_B/cam_8/Axel_7.mp4,B,8,Axel,7,B_Axel_7,False,True,,2492391,True
skater_B/cam_8/Axel_8.mp4,B,8,Axel,8,B_Axel_8,False,True,,2404629,True
skater_B/cam_8/Axel_9.mp4,B,8,Axel,9,B_Axel_9,False,True,,1750583,True
skater_B/cam_8/Comb_1.mp4,B,8,Comb,1,B_Comb_1,True,False,,5119795,True
skater_B/cam_8/Comb_2.mp4,B,8,Comb,2,B_Comb_2,True,False,,5016993,True
skater_B/cam_8/Comb_3.mp4,B,8,Comb,3,B_Comb_3,True,False,,4386702,True
skater_B/cam_8/Flip_1.mp4,B,8,Flip,1,B_Flip_1,False,True,,2396769,True
skater_B/cam_8/Flip_10.mp4,B,8,Flip,10,B_Flip_10,False,True,,2736503,True
skater_B/cam_8/Flip_2.mp4,B,8,Flip,2,B_Flip_2,False,True,,2197779,True
skater_B/cam_8/Flip_3.mp4,B,8,Flip,3,B_Flip_3,False,True,,2142658,True
skater_B/cam_8/Flip_4.mp4,B,8,Flip,4,B_Flip_4,False,True,,2605105,True
skater_B/cam_8/Flip_5.mp4,B,8,Flip,5,B_Flip_5,False,True,,2737059,True
skater_B/cam_8/Flip_6.mp4,B,8,Flip,6,B_Flip_6,False,True,,2440318,True
skater_B/cam_8/Flip_7.mp4,B,8,Flip,7,B_Flip_7,False,True,,2376573,True
skater_B/cam_8/Flip_8.mp4,B,8,Flip,8,B_Flip_8,False,True,,2718231,True
skater_B/cam_8/Flip_9.mp4,B,8,Flip,9,B_Flip_9,False,True,,2641723,True
skater_B/cam_8/Loop_1.mp4,B,8,Loop,1,B_Loop_1,False,True,,2489320,True
skater_B/cam_8/Loop_10.mp4,B,8,Loop,10,B_Loop_10,False,True,,2705863,True
skater_B/cam_8/Loop_2.mp4,B,8,Loop,2,B_Loop_2,False,True,,2648995,True
skater_B/cam_8/Loop_3.mp4,B,8,Loop,3,B_Loop_3,False,True,,2512447,True
skater_B/cam_8/Loop_4.mp4,B,8,Loop,4,B_Loop_4,False,True,,2575933,True
skater_B/cam_8/Loop_5.mp4,B,8,Loop,5,B_Loop_5,False,True,,2364639,True
skater_B/cam_8/Loop_6.mp4,B,8,Loop,6,B_Loop_6,False,True,,2117404,True
skater_B/cam_8/Loop_7.mp4,B,8,Loop,7,B_Loop_7,False,True,,1847674,True
skater_B/cam_8/Loop_8.mp4,B,8,Loop,8,B_Loop_8,False,True,,1884001,True
skater_B/cam_8/Loop_9.mp4,B,8,Loop,9,B_Loop_9,False,True,,2301047,True
skater_B/cam_8/Lutz_1.mp4,B,8,Lutz,1,B_Lutz_1,False,True,,2699995,True
skater_B/cam_8/Lutz_10.mp4,B,8,Lutz,10,B_Lutz_10,False,True,,2340818,True
skater_B/cam_8/Lutz_2.mp4,B,8,Lutz,2,B_Lutz_2,False,True,,1740606,True
skater_B/cam_8/Lutz_3.mp4,B,8,Lutz,3,B_Lutz_3,False,True,,2577757,True
skater_B/cam_8/Lutz_4.mp4,B,8,Lutz,4,B_Lutz_4,False,True,,1912908,True
skater_B/cam_8/Lutz_5.mp4,B,8,Lutz,5,B_Lutz_5,False,True,,2270011,True
skater_B/cam_8/Lutz_6.mp4,B,8,Lutz,6,B_Lutz_6,False,True,,2807813,True
skater_B/cam_8/Lutz_7.mp4,B,8,Lutz,7,B_Lutz_7,False,True,,2267542,True
skater_B/cam_8/Lutz_8.mp4,B,8,Lutz,8,B_Lutz_8,False,True,,2457040,True
skater_B/cam_8/Lutz_9.mp4,B,8,Lutz,9,B_Lutz_9,False,True,,2419257,True
skater_B/cam_8/Salchow_1.mp4,B,8,Salchow,1,B_Salchow_1,False,True,,1983728,True
skater_B/cam_8/Salchow_10.mp4,B,8,Salchow,10,B_Salchow_10,False,True,,2341366,True
skater_B/cam_8/Salchow_2.mp4,B,8,Salchow,2,B_Salchow_2,False,True,,2068905,True
skater_B/cam_8/Salchow_3.mp4,B,8,Salchow,3,B_Salchow_3,False,True,,2498359,True
skater_B/cam_8/Salchow_4.mp4,B,8,Salchow,4,B_Salchow_4,False,True,,2279125,True
skater_B/cam_8/Salchow_5.mp4,B,8,Salchow,5,B_Salchow_5,False,True,,2446626,True
skater_B/cam_8/Salchow_6.mp4,B,8,Salchow,6,B_Salchow_6,False,True,,2035414,True
skater_B/cam_8/Salchow_7.mp4,B,8,Salchow,7,B_Salchow_7,False,True,,2630672,True
skater_B/cam_8/Salchow_8.mp4,B,8,Salchow,8,B_Salchow_8,False,True,,2272842,True
skater_B/cam_8/Salchow_9.mp4,B,8,Salchow,9,B_Salchow_9,False,True,,2564783,True
skater_B/cam_8/Toeloop_1.mp4,B,8,Toeloop,1,B_Toeloop_1,False,True,,2650346,True
skater_B/cam_8/Toeloop_10.mp4,B,8,Toeloop,10,B_Toeloop_10,False,True,,2391840,True
skater_B/cam_8/Toeloop_2.mp4,B,8,Toeloop,2,B_Toeloop_2,False,True,,2436339,True
skater_B/cam_8/Toeloop_3.mp4,B,8,Toeloop,3,B_Toeloop_3,False,True,,2647602,True
skater_B/cam_8/Toeloop_4.mp4,B,8,Toeloop,4,B_Toeloop_4,False,True,,1867527,True
skater_B/cam_8/Toeloop_5.mp4,B,8,Toeloop,5,B_Toeloop_5,False,True,,2386874,True
skater_B/cam_8/Toeloop_6.mp4,B,8,Toeloop,6,B_Toeloop_6,False,True,,2320083,True
skater_B/cam_8/Toeloop_7.mp4,B,8,Toeloop,7,B_Toeloop_7,False,True,,2176128,True
skater_B/cam_8/Toeloop_8.mp4,B,8,Toeloop,8,B_Toeloop_8,False,True,,2250420,True
skater_B/cam_8/Toeloop_9.mp4,B,8,Toeloop,9,B_Toeloop_9,False,True,,2354229,True
skater_B/cam_9/Axel_1.mp4,B,9,Axel,1,B_Axel_1,False,True,,2130767,True
skater_B/cam_9/Axel_10.mp4,B,9,Axel,10,B_Axel_10,False,True,,2160856,True
skater_B/cam_9/Axel_2.mp4,B,9,Axel,2,B_Axel_2,False,True,,2411749,True
skater_B/cam_9/Axel_3.mp4,B,9,Axel,3,B_Axel_3,False,True,,2212126,True
skater_B/cam_9/Axel_4.mp4,B,9,Axel,4,B_Axel_4,False,True,,2312288,True
skater_B/cam_9/Axel_5.mp4,B,9,Axel,5,B_Axel_5,False,True,,2763826,True
skater_B/cam_9/Axel_6.mp4,B,9,Axel,6,B_Axel_6,False,True,,2520230,True
skater_B/cam_9/Axel_7.mp4,B,9,Axel,7,B_Axel_7,False,True,,2686725,True
skater_B/cam_9/Axel_8.mp4,B,9,Axel,8,B_Axel_8,False,True,,2668648,True
skater_B/cam_9/Axel_9.mp4,B,9,Axel,9,B_Axel_9,False,True,,2207925,True
skater_B/cam_9/Comb_1.mp4,B,9,Comb,1,B_Comb_1,True,False,,5532343,True
skater_B/cam_9/Comb_2.mp4,B,9,Comb,2,B_Comb_2,True,False,,5383315,True
skater_B/cam_9/Comb_3.mp4,B,9,Comb,3,B_Comb_3,True,False,,4887427,True
skater_B/cam_9/Flip_1.mp4,B,9,Flip,1,B_Flip_1,False,True,,2712621,True
skater_B/cam_9/Flip_10.mp4,B,9,Flip,10,B_Flip_10,False,True,,2921749,True
skater_B/cam_9/Flip_2.mp4,B,9,Flip,2,B_Flip_2,False,True,,2471375,True
skater_B/cam_9/Flip_3.mp4,B,9,Flip,3,B_Flip_3,False,True,,2471351,True
skater_B/cam_9/Flip_4.mp4,B,9,Flip,4,B_Flip_4,False,True,,2867572,True
skater_B/cam_9/Flip_5.mp4,B,9,Flip,5,B_Flip_5,False,True,,2913490,True
skater_B/cam_9/Flip_6.mp4,B,9,Flip,6,B_Flip_6,False,True,,2694913,True
skater_B/cam_9/Flip_7.mp4,B,9,Flip,7,B_Flip_7,False,True,,2769178,True
skater_B/cam_9/Flip_8.mp4,B,9,Flip,8,B_Flip_8,False,True,,2926271,True
skater_B/cam_9/Flip_9.mp4,B,9,Flip,9,B_Flip_9,False,True,,2923673,True
skater_B/cam_9/Loop_1.mp4,B,9,Loop,1,B_Loop_1,False,True,,2699739,True
skater_B/cam_9/Loop_10.mp4,B,9,Loop,10,B_Loop_10,False,True,,2829519,True
skater_B/cam_9/Loop_2.mp4,B,9,Loop,2,B_Loop_2,False,True,,2860751,True
skater_B/cam_9/Loop_3.mp4,B,9,Loop,3,B_Loop_3,False,True,,2745676,True
skater_B/cam_9/Loop_4.mp4,B,9,Loop,4,B_Loop_4,False,True,,2792408,True
skater_B/cam_9/Loop_5.mp4,B,9,Loop,5,B_Loop_5,False,True,,2644958,True
skater_B/cam_9/Loop_6.mp4,B,9,Loop,6,B_Loop_6,False,True,,2378198,True
skater_B/cam_9/Loop_7.mp4,B,9,Loop,7,B_Loop_7,False,True,,2225874,True
skater_B/cam_9/Loop_8.mp4,B,9,Loop,8,B_Loop_8,False,True,,2276306,True
skater_B/cam_9/Loop_9.mp4,B,9,Loop,9,B_Loop_9,False,True,,2569758,True
skater_B/cam_9/Lutz_1.mp4,B,9,Lutz,1,B_Lutz_1,False,True,,2866880,True
skater_B/cam_9/Lutz_10.mp4,B,9,Lutz,10,B_Lutz_10,False,True,,2601749,True
skater_B/cam_9/Lutz_2.mp4,B,9,Lutz,2,B_Lutz_2,False,True,,2093465,True
skater_B/cam_9/Lutz_3.mp4,B,9,Lutz,3,B_Lutz_3,False,True,,2810063,True
skater_B/cam_9/Lutz_4.mp4,B,9,Lutz,4,B_Lutz_4,False,True,,2281885,True
skater_B/cam_9/Lutz_5.mp4,B,9,Lutz,5,B_Lutz_5,False,True,,2574692,True
skater_B/cam_9/Lutz_6.mp4,B,9,Lutz,6,B_Lutz_6,False,True,,3035678,True
skater_B/cam_9/Lutz_7.mp4,B,9,Lutz,7,B_Lutz_7,False,True,,2502469,True
skater_B/cam_9/Lutz_8.mp4,B,9,Lutz,8,B_Lutz_8,False,True,,2686750,True
skater_B/cam_9/Lutz_9.mp4,B,9,Lutz,9,B_Lutz_9,False,True,,2707146,True
skater_B/cam_9/Salchow_1.mp4,B,9,Salchow,1,B_Salchow_1,False,True,,2343292,True
skater_B/cam_9/Salchow_10.mp4,B,9,Salchow,10,B_Salchow_10,False,True,,2624796,True
skater_B/cam_9/Salchow_2.mp4,B,9,Salchow,2,B_Salchow_2,False,True,,2281022,True
skater_B/cam_9/Salchow_3.mp4,B,9,Salchow,3,B_Salchow_3,False,True,,2772312,True
skater_B/cam_9/Salchow_4.mp4,B,9,Salchow,4,B_Salchow_4,False,True,,2538548,True
skater_B/cam_9/Salchow_5.mp4,B,9,Salchow,5,B_Salchow_5,False,True,,2768191,True
skater_B/cam_9/Salchow_6.mp4,B,9,Salchow,6,B_Salchow_6,False,True,,2362382,True
skater_B/cam_9/Salchow_7.mp4,B,9,Salchow,7,B_Salchow_7,False,True,,2839013,True
skater_B/cam_9/Salchow_8.mp4,B,9,Salchow,8,B_Salchow_8,False,True,,2559488,True
skater_B/cam_9/Salchow_9.mp4,B,9,Salchow,9,B_Salchow_9,False,True,,2873772,True
skater_B/cam_9/Toeloop_1.mp4,B,9,Toeloop,1,B_Toeloop_1,False,True,,2892117,True
skater_B/cam_9/Toeloop_10.mp4,B,9,Toeloop,10,B_Toeloop_10,False,True,,2674064,True
skater_B/cam_9/Toeloop_2.mp4,B,9,Toeloop,2,B_Toeloop_2,False,True,,2729307,True
skater_B/cam_9/Toeloop_3.mp4,B,9,Toeloop,3,B_Toeloop_3,False,True,,2840582,True
skater_B/cam_9/Toeloop_4.mp4,B,9,Toeloop,4,B_Toeloop_4,False,True,,2182378,True
skater_B/cam_9/Toeloop_5.mp4,B,9,Toeloop,5,B_Toeloop_5,False,True,,2536772,True
skater_B/cam_9/Toeloop_6.mp4,B,9,Toeloop,6,B_Toeloop_6,False,True,,2572837,True
skater_B/cam_9/Toeloop_7.mp4,B,9,Toeloop,7,B_Toeloop_7,False,True,,2429358,True
skater_B/cam_9/Toeloop_8.mp4,B,9,Toeloop,8,B_Toeloop_8,False,True,,2470515,True
skater_B/cam_9/Toeloop_9.mp4,B,9,Toeloop,9,B_Toeloop_9,False,True,,2653310,True
skater_C/cam_1/Axel_1.mp4,C,1,Axel,1,C_Axel_1,False,True,,2581188,True
skater_C/cam_1/Axel_10.mp4,C,1,Axel,10,C_Axel_10,False,True,,2546420,True
skater_C/cam_1/Axel_2.mp4,C,1,Axel,2,C_Axel_2,False,True,,2736782,True
skater_C/cam_1/Axel_3.mp4,C,1,Axel,3,C_Axel_3,False,True,,2803785,True
skater_C/cam_1/Axel_4.mp4,C,1,Axel,4,C_Axel_4,False,True,,2991317,True
skater_C/cam_1/Axel_5.mp4,C,1,Axel,5,C_Axel_5,False,True,,2984782,True
skater_C/cam_1/Axel_6.mp4,C,1,Axel,6,C_Axel_6,False,True,,3091233,True
skater_C/cam_1/Axel_7.mp4,C,1,Axel,7,C_Axel_7,False,True,,2754006,True
skater_C/cam_1/Axel_8.mp4,C,1,Axel,8,C_Axel_8,False,True,,2730550,True
skater_C/cam_1/Axel_9.mp4,C,1,Axel,9,C_Axel_9,False,True,,2695655,True
skater_C/cam_1/Comb_1.mp4,C,1,Comb,1,C_Comb_1,True,False,,3090563,True
skater_C/cam_1/Comb_2.mp4,C,1,Comb,2,C_Comb_2,True,False,,2238041,True
skater_C/cam_1/Comb_3.mp4,C,1,Comb,3,C_Comb_3,True,False,,4456479,True
skater_C/cam_1/Comb_4.mp4,C,1,Comb,4,C_Comb_4,True,False,,4735325,True
skater_C/cam_1/Flip_1.mp4,C,1,Flip,1,C_Flip_1,False,True,,2719526,True
skater_C/cam_1/Flip_10.mp4,C,1,Flip,10,C_Flip_10,False,True,,2662388,True
skater_C/cam_1/Flip_2.mp4,C,1,Flip,2,C_Flip_2,False,True,,2848678,True
skater_C/cam_1/Flip_3.mp4,C,1,Flip,3,C_Flip_3,False,True,,2564151,True
skater_C/cam_1/Flip_4.mp4,C,1,Flip,4,C_Flip_4,False,True,,2578674,True
skater_C/cam_1/Flip_5.mp4,C,1,Flip,5,C_Flip_5,False,True,,2787733,True
skater_C/cam_1/Flip_6.mp4,C,1,Flip,6,C_Flip_6,False,True,,3006278,True
skater_C/cam_1/Flip_7.mp4,C,1,Flip,7,C_Flip_7,False,True,,3102680,True
skater_C/cam_1/Flip_8.mp4,C,1,Flip,8,C_Flip_8,False,True,,3018633,True
skater_C/cam_1/Flip_9.mp4,C,1,Flip,9,C_Flip_9,False,True,,2704555,True
skater_C/cam_1/Loop_1.mp4,C,1,Loop,1,C_Loop_1,False,True,,2955526,True
skater_C/cam_1/Loop_10.mp4,C,1,Loop,10,C_Loop_10,False,True,,2502684,True
skater_C/cam_1/Loop_2.mp4,C,1,Loop,2,C_Loop_2,False,True,,2833480,True
skater_C/cam_1/Loop_3.mp4,C,1,Loop,3,C_Loop_3,False,True,,2735126,True
skater_C/cam_1/Loop_4.mp4,C,1,Loop,4,C_Loop_4,False,True,,2770401,True
skater_C/cam_1/Loop_5.mp4,C,1,Loop,5,C_Loop_5,False,True,,2486293,True
skater_C/cam_1/Loop_6.mp4,C,1,Loop,6,C_Loop_6,False,True,,3024127,True
skater_C/cam_1/Loop_7.mp4,C,1,Loop,7,C_Loop_7,False,True,,2681877,True
skater_C/cam_1/Loop_8.mp4,C,1,Loop,8,C_Loop_8,False,True,,2913971,True
skater_C/cam_1/Loop_9.mp4,C,1,Loop,9,C_Loop_9,False,True,,2712164,True
skater_C/cam_1/Lutz_1.mp4,C,1,Lutz,1,C_Lutz_1,False,True,,2919836,True
skater_C/cam_1/Lutz_10.mp4,C,1,Lutz,10,C_Lutz_10,False,True,,2756597,True
skater_C/cam_1/Lutz_2.mp4,C,1,Lutz,2,C_Lutz_2,False,True,,2792758,True
skater_C/cam_1/Lutz_3.mp4,C,1,Lutz,3,C_Lutz_3,False,True,,2849312,True
skater_C/cam_1/Lutz_4.mp4,C,1,Lutz,4,C_Lutz_4,False,True,,2854988,True
skater_C/cam_1/Lutz_5.mp4,C,1,Lutz,5,C_Lutz_5,False,True,,2656634,True
skater_C/cam_1/Lutz_6.mp4,C,1,Lutz,6,C_Lutz_6,False,True,,2735691,True
skater_C/cam_1/Lutz_7.mp4,C,1,Lutz,7,C_Lutz_7,False,True,,2926381,True
skater_C/cam_1/Lutz_8.mp4,C,1,Lutz,8,C_Lutz_8,False,True,,2899727,True
skater_C/cam_1/Lutz_9.mp4,C,1,Lutz,9,C_Lutz_9,False,True,,2837387,True
skater_C/cam_1/Salchow_1.mp4,C,1,Salchow,1,C_Salchow_1,False,True,,2951124,True
skater_C/cam_1/Salchow_10.mp4,C,1,Salchow,10,C_Salchow_10,False,True,,2949983,True
skater_C/cam_1/Salchow_2.mp4,C,1,Salchow,2,C_Salchow_2,False,True,,2734150,True
skater_C/cam_1/Salchow_3.mp4,C,1,Salchow,3,C_Salchow_3,False,True,,3004120,True
skater_C/cam_1/Salchow_4.mp4,C,1,Salchow,4,C_Salchow_4,False,True,,2613308,True
skater_C/cam_1/Salchow_5.mp4,C,1,Salchow,5,C_Salchow_5,False,True,,3079973,True
skater_C/cam_1/Salchow_6.mp4,C,1,Salchow,6,C_Salchow_6,False,True,,3057460,True
skater_C/cam_1/Salchow_7.mp4,C,1,Salchow,7,C_Salchow_7,False,True,,2959706,True
skater_C/cam_1/Salchow_8.mp4,C,1,Salchow,8,C_Salchow_8,False,True,,2913379,True
skater_C/cam_1/Salchow_9.mp4,C,1,Salchow,9,C_Salchow_9,False,True,,2608056,True
skater_C/cam_1/Toeloop_1.mp4,C,1,Toeloop,1,C_Toeloop_1,False,True,,2563927,True
skater_C/cam_1/Toeloop_10.mp4,C,1,Toeloop,10,C_Toeloop_10,False,True,,2871115,True
skater_C/cam_1/Toeloop_2.mp4,C,1,Toeloop,2,C_Toeloop_2,False,True,,2618980,True
skater_C/cam_1/Toeloop_3.mp4,C,1,Toeloop,3,C_Toeloop_3,False,True,,2515763,True
skater_C/cam_1/Toeloop_4.mp4,C,1,Toeloop,4,C_Toeloop_4,False,True,,2801201,True
skater_C/cam_1/Toeloop_5.mp4,C,1,Toeloop,5,C_Toeloop_5,False,True,,2823773,True
skater_C/cam_1/Toeloop_6.mp4,C,1,Toeloop,6,C_Toeloop_6,False,True,,2579125,True
skater_C/cam_1/Toeloop_7.mp4,C,1,Toeloop,7,C_Toeloop_7,False,True,,2840153,True
skater_C/cam_1/Toeloop_8.mp4,C,1,Toeloop,8,C_Toeloop_8,False,True,,2938250,True
skater_C/cam_1/Toeloop_9.mp4,C,1,Toeloop,9,C_Toeloop_9,False,True,,2888025,True
skater_C/cam_10/Axel_1.mp4,C,10,Axel,1,C_Axel_1,False,True,,2541395,True
skater_C/cam_10/Axel_10.mp4,C,10,Axel,10,C_Axel_10,False,True,,2184503,True
skater_C/cam_10/Axel_2.mp4,C,10,Axel,2,C_Axel_2,False,True,,2729042,True
skater_C/cam_10/Axel_3.mp4,C,10,Axel,3,C_Axel_3,False,True,,2328306,True
skater_C/cam_10/Axel_4.mp4,C,10,Axel,4,C_Axel_4,False,True,,2705661,True
skater_C/cam_10/Axel_5.mp4,C,10,Axel,5,C_Axel_5,False,True,,2828594,True
skater_C/cam_10/Axel_6.mp4,C,10,Axel,6,C_Axel_6,False,True,,2700460,True
skater_C/cam_10/Axel_7.mp4,C,10,Axel,7,C_Axel_7,False,True,,2443748,True
skater_C/cam_10/Axel_8.mp4,C,10,Axel,8,C_Axel_8,False,True,,2054294,True
skater_C/cam_10/Axel_9.mp4,C,10,Axel,9,C_Axel_9,False,True,,2647561,True
skater_C/cam_10/Comb_1.mp4,C,10,Comb,1,C_Comb_1,True,False,,2861082,True
skater_C/cam_10/Comb_2.mp4,C,10,Comb,2,C_Comb_2,True,False,,1963790,True
skater_C/cam_10/Comb_3.mp4,C,10,Comb,3,C_Comb_3,True,False,,4001541,True
skater_C/cam_10/Comb_4.mp4,C,10,Comb,4,C_Comb_4,True,False,,4624895,True
skater_C/cam_10/Flip_1.mp4,C,10,Flip,1,C_Flip_1,False,True,,2232189,True
skater_C/cam_10/Flip_10.mp4,C,10,Flip,10,C_Flip_10,False,True,,2094723,True
skater_C/cam_10/Flip_2.mp4,C,10,Flip,2,C_Flip_2,False,True,,2354841,True
skater_C/cam_10/Flip_3.mp4,C,10,Flip,3,C_Flip_3,False,True,,2321319,True
skater_C/cam_10/Flip_4.mp4,C,10,Flip,4,C_Flip_4,False,True,,2586965,True
skater_C/cam_10/Flip_5.mp4,C,10,Flip,5,C_Flip_5,False,True,,2484395,True
skater_C/cam_10/Flip_6.mp4,C,10,Flip,6,C_Flip_6,False,True,,2843658,True
skater_C/cam_10/Flip_7.mp4,C,10,Flip,7,C_Flip_7,False,True,,2932922,True
skater_C/cam_10/Flip_8.mp4,C,10,Flip,8,C_Flip_8,False,True,,2922628,True
skater_C/cam_10/Flip_9.mp4,C,10,Flip,9,C_Flip_9,False,True,,2175431,True
skater_C/cam_10/Loop_1.mp4,C,10,Loop,1,C_Loop_1,False,True,,2936970,True
skater_C/cam_10/Loop_10.mp4,C,10,Loop,10,C_Loop_10,False,True,,2091553,True
skater_C/cam_10/Loop_2.mp4,C,10,Loop,2,C_Loop_2,False,True,,2521200,True
skater_C/cam_10/Loop_3.mp4,C,10,Loop,3,C_Loop_3,False,True,,2677988,True
skater_C/cam_10/Loop_4.mp4,C,10,Loop,4,C_Loop_4,False,True,,2747267,True
skater_C/cam_10/Loop_5.mp4,C,10,Loop,5,C_Loop_5,False,True,,2321734,True
skater_C/cam_10/Loop_6.mp4,C,10,Loop,6,C_Loop_6,False,True,,2620646,True
skater_C/cam_10/Loop_7.mp4,C,10,Loop,7,C_Loop_7,False,True,,2641564,True
skater_C/cam_10/Loop_8.mp4,C,10,Loop,8,C_Loop_8,False,True,,2945762,True
skater_C/cam_10/Loop_9.mp4,C,10,Loop,9,C_Loop_9,False,True,,2253746,True
skater_C/cam_10/Lutz_1.mp4,C,10,Lutz,1,C_Lutz_1,False,True,,2737598,True
skater_C/cam_10/Lutz_10.mp4,C,10,Lutz,10,C_Lutz_10,False,True,,2734308,True
skater_C/cam_10/Lutz_2.mp4,C,10,Lutz,2,C_Lutz_2,False,True,,2823200,True
skater_C/cam_10/Lutz_3.mp4,C,10,Lutz,3,C_Lutz_3,False,True,,2331446,True
skater_C/cam_10/Lutz_4.mp4,C,10,Lutz,4,C_Lutz_4,False,True,,2940126,True
skater_C/cam_10/Lutz_5.mp4,C,10,Lutz,5,C_Lutz_5,False,True,,2104200,True
skater_C/cam_10/Lutz_6.mp4,C,10,Lutz,6,C_Lutz_6,False,True,,2888980,True
skater_C/cam_10/Lutz_7.mp4,C,10,Lutz,7,C_Lutz_7,False,True,,2871877,True
skater_C/cam_10/Lutz_8.mp4,C,10,Lutz,8,C_Lutz_8,False,True,,2385989,True
skater_C/cam_10/Lutz_9.mp4,C,10,Lutz,9,C_Lutz_9,False,True,,2422199,True
skater_C/cam_10/Salchow_1.mp4,C,10,Salchow,1,C_Salchow_1,False,True,,2819801,True
skater_C/cam_10/Salchow_10.mp4,C,10,Salchow,10,C_Salchow_10,False,True,,2885038,True
skater_C/cam_10/Salchow_2.mp4,C,10,Salchow,2,C_Salchow_2,False,True,,2720430,True
skater_C/cam_10/Salchow_3.mp4,C,10,Salchow,3,C_Salchow_3,False,True,,2635445,True
skater_C/cam_10/Salchow_4.mp4,C,10,Salchow,4,C_Salchow_4,False,True,,2165434,True
skater_C/cam_10/Salchow_5.mp4,C,10,Salchow,5,C_Salchow_5,False,True,,2813673,True
skater_C/cam_10/Salchow_6.mp4,C,10,Salchow,6,C_Salchow_6,False,True,,2771892,True
skater_C/cam_10/Salchow_7.mp4,C,10,Salchow,7,C_Salchow_7,False,True,,2730032,True
skater_C/cam_10/Salchow_8.mp4,C,10,Salchow,8,C_Salchow_8,False,True,,2378188,True
skater_C/cam_10/Salchow_9.mp4,C,10,Salchow,9,C_Salchow_9,False,True,,2789884,True
skater_C/cam_10/Toeloop_1.mp4,C,10,Toeloop,1,C_Toeloop_1,False,True,,2293114,True
skater_C/cam_10/Toeloop_10.mp4,C,10,Toeloop,10,C_Toeloop_10,False,True,,2791241,True
skater_C/cam_10/Toeloop_2.mp4,C,10,Toeloop,2,C_Toeloop_2,False,True,,2632667,True
skater_C/cam_10/Toeloop_3.mp4,C,10,Toeloop,3,C_Toeloop_3,False,True,,2576054,True
skater_C/cam_10/Toeloop_4.mp4,C,10,Toeloop,4,C_Toeloop_4,False,True,,2554845,True
skater_C/cam_10/Toeloop_5.mp4,C,10,Toeloop,5,C_Toeloop_5,False,True,,2742100,True
skater_C/cam_10/Toeloop_6.mp4,C,10,Toeloop,6,C_Toeloop_6,False,True,,2579128,True
skater_C/cam_10/Toeloop_7.mp4,C,10,Toeloop,7,C_Toeloop_7,False,True,,2774964,True
skater_C/cam_10/Toeloop_8.mp4,C,10,Toeloop,8,C_Toeloop_8,False,True,,2697931,True
skater_C/cam_10/Toeloop_9.mp4,C,10,Toeloop,9,C_Toeloop_9,False,True,,2771338,True
skater_C/cam_11/Axel_1.mp4,C,11,Axel,1,C_Axel_1,False,True,,2843066,True
skater_C/cam_11/Axel_10.mp4,C,11,Axel,10,C_Axel_10,False,True,,2338631,True
skater_C/cam_11/Axel_2.mp4,C,11,Axel,2,C_Axel_2,False,True,,3136210,True
skater_C/cam_11/Axel_3.mp4,C,11,Axel,3,C_Axel_3,False,True,,2734715,True
skater_C/cam_11/Axel_4.mp4,C,11,Axel,4,C_Axel_4,False,True,,3066196,True
skater_C/cam_11/Axel_5.mp4,C,11,Axel,5,C_Axel_5,False,True,,3236542,True
skater_C/cam_11/Axel_6.mp4,C,11,Axel,6,C_Axel_6,False,True,,3120541,True
skater_C/cam_11/Axel_7.mp4,C,11,Axel,7,C_Axel_7,False,True,,2768602,True
skater_C/cam_11/Axel_8.mp4,C,11,Axel,8,C_Axel_8,False,True,,2370934,True
skater_C/cam_11/Axel_9.mp4,C,11,Axel,9,C_Axel_9,False,True,,3233306,True
skater_C/cam_11/Comb_1.mp4,C,11,Comb,1,C_Comb_1,True,False,,3230284,True
skater_C/cam_11/Comb_2.mp4,C,11,Comb,2,C_Comb_2,True,False,,2345422,True
skater_C/cam_11/Comb_3.mp4,C,11,Comb,3,C_Comb_3,True,False,,4797198,True
skater_C/cam_11/Comb_4.mp4,C,11,Comb,4,C_Comb_4,True,False,,5492572,True
skater_C/cam_11/Flip_1.mp4,C,11,Flip,1,C_Flip_1,False,True,,2805610,True
skater_C/cam_11/Flip_10.mp4,C,11,Flip,10,C_Flip_10,False,True,,2468564,True
skater_C/cam_11/Flip_2.mp4,C,11,Flip,2,C_Flip_2,False,True,,2665052,True
skater_C/cam_11/Flip_3.mp4,C,11,Flip,3,C_Flip_3,False,True,,2699773,True
skater_C/cam_11/Flip_4.mp4,C,11,Flip,4,C_Flip_4,False,True,,2981981,True
skater_C/cam_11/Flip_5.mp4,C,11,Flip,5,C_Flip_5,False,True,,2975319,True
skater_C/cam_11/Flip_6.mp4,C,11,Flip,6,C_Flip_6,False,True,,3179992,True
skater_C/cam_11/Flip_7.mp4,C,11,Flip,7,C_Flip_7,False,True,,3311127,True
skater_C/cam_11/Flip_8.mp4,C,11,Flip,8,C_Flip_8,False,True,,3321456,True
skater_C/cam_11/Flip_9.mp4,C,11,Flip,9,C_Flip_9,False,True,,2592737,True
skater_C/cam_11/Loop_1.mp4,C,11,Loop,1,C_Loop_1,False,True,,3317072,True
skater_C/cam_11/Loop_10.mp4,C,11,Loop,10,C_Loop_10,False,True,,2518264,True
skater_C/cam_11/Loop_2.mp4,C,11,Loop,2,C_Loop_2,False,True,,2968804,True
skater_C/cam_11/Loop_3.mp4,C,11,Loop,3,C_Loop_3,False,True,,3081212,True
skater_C/cam_11/Loop_4.mp4,C,11,Loop,4,C_Loop_4,False,True,,3165170,True
skater_C/cam_11/Loop_5.mp4,C,11,Loop,5,C_Loop_5,False,True,,2753482,True
skater_C/cam_11/Loop_6.mp4,C,11,Loop,6,C_Loop_6,False,True,,2960500,True
skater_C/cam_11/Loop_7.mp4,C,11,Loop,7,C_Loop_7,False,True,,3016844,True
skater_C/cam_11/Loop_8.mp4,C,11,Loop,8,C_Loop_8,False,True,,3245426,True
skater_C/cam_11/Loop_9.mp4,C,11,Loop,9,C_Loop_9,False,True,,2703321,True
skater_C/cam_11/Lutz_1.mp4,C,11,Lutz,1,C_Lutz_1,False,True,,3219951,True
skater_C/cam_11/Lutz_10.mp4,C,11,Lutz,10,C_Lutz_10,False,True,,3096433,True
skater_C/cam_11/Lutz_2.mp4,C,11,Lutz,2,C_Lutz_2,False,True,,3153577,True
skater_C/cam_11/Lutz_3.mp4,C,11,Lutz,3,C_Lutz_3,False,True,,2725114,True
skater_C/cam_11/Lutz_4.mp4,C,11,Lutz,4,C_Lutz_4,False,True,,3276767,True
skater_C/cam_11/Lutz_5.mp4,C,11,Lutz,5,C_Lutz_5,False,True,,2553609,True
skater_C/cam_11/Lutz_6.mp4,C,11,Lutz,6,C_Lutz_6,False,True,,3241408,True
skater_C/cam_11/Lutz_7.mp4,C,11,Lutz,7,C_Lutz_7,False,True,,3246683,True
skater_C/cam_11/Lutz_8.mp4,C,11,Lutz,8,C_Lutz_8,False,True,,2762422,True
skater_C/cam_11/Lutz_9.mp4,C,11,Lutz,9,C_Lutz_9,False,True,,2814522,True
skater_C/cam_11/Salchow_1.mp4,C,11,Salchow,1,C_Salchow_1,False,True,,3166538,True
skater_C/cam_11/Salchow_10.mp4,C,11,Salchow,10,C_Salchow_10,False,True,,3265264,True
skater_C/cam_11/Salchow_2.mp4,C,11,Salchow,2,C_Salchow_2,False,True,,3218947,True
skater_C/cam_11/Salchow_3.mp4,C,11,Salchow,3,C_Salchow_3,False,True,,3080657,True
skater_C/cam_11/Salchow_4.mp4,C,11,Salchow,4,C_Salchow_4,False,True,,2563893,True
skater_C/cam_11/Salchow_5.mp4,C,11,Salchow,5,C_Salchow_5,False,True,,3248635,True
skater_C/cam_11/Salchow_6.mp4,C,11,Salchow,6,C_Salchow_6,False,True,,3256101,True
skater_C/cam_11/Salchow_7.mp4,C,11,Salchow,7,C_Salchow_7,False,True,,3196498,True
skater_C/cam_11/Salchow_8.mp4,C,11,Salchow,8,C_Salchow_8,False,True,,2860820,True
skater_C/cam_11/Salchow_9.mp4,C,11,Salchow,9,C_Salchow_9,False,True,,3075286,True
skater_C/cam_11/Toeloop_1.mp4,C,11,Toeloop,1,C_Toeloop_1,False,True,,2746114,True
skater_C/cam_11/Toeloop_10.mp4,C,11,Toeloop,10,C_Toeloop_10,False,True,,3219663,True
skater_C/cam_11/Toeloop_2.mp4,C,11,Toeloop,2,C_Toeloop_2,False,True,,2999792,True
skater_C/cam_11/Toeloop_3.mp4,C,11,Toeloop,3,C_Toeloop_3,False,True,,2895127,True
skater_C/cam_11/Toeloop_4.mp4,C,11,Toeloop,4,C_Toeloop_4,False,True,,2919719,True
skater_C/cam_11/Toeloop_5.mp4,C,11,Toeloop,5,C_Toeloop_5,False,True,,3336404,True
skater_C/cam_11/Toeloop_6.mp4,C,11,Toeloop,6,C_Toeloop_6,False,True,,3517295,True
skater_C/cam_11/Toeloop_7.mp4,C,11,Toeloop,7,C_Toeloop_7,False,True,,3225476,True
skater_C/cam_11/Toeloop_8.mp4,C,11,Toeloop,8,C_Toeloop_8,False,True,,3113810,True
skater_C/cam_11/Toeloop_9.mp4,C,11,Toeloop,9,C_Toeloop_9,False,True,,3216299,True
skater_C/cam_12/Axel_1.mp4,C,12,Axel,1,C_Axel_1,False,True,,3053185,True
skater_C/cam_12/Axel_10.mp4,C,12,Axel,10,C_Axel_10,False,True,,2725770,True
skater_C/cam_12/Axel_2.mp4,C,12,Axel,2,C_Axel_2,False,True,,3246505,True
skater_C/cam_12/Axel_3.mp4,C,12,Axel,3,C_Axel_3,False,True,,2926921,True
skater_C/cam_12/Axel_4.mp4,C,12,Axel,4,C_Axel_4,False,True,,3277076,True
skater_C/cam_12/Axel_5.mp4,C,12,Axel,5,C_Axel_5,False,True,,3520000,True
skater_C/cam_12/Axel_6.mp4,C,12,Axel,6,C_Axel_6,False,True,,3282061,True
skater_C/cam_12/Axel_7.mp4,C,12,Axel,7,C_Axel_7,False,True,,2966147,True
skater_C/cam_12/Axel_8.mp4,C,12,Axel,8,C_Axel_8,False,True,,2617239,True
skater_C/cam_12/Axel_9.mp4,C,12,Axel,9,C_Axel_9,False,True,,3666098,True
skater_C/cam_12/Comb_1.mp4,C,12,Comb,1,C_Comb_1,True,False,,3429164,True
skater_C/cam_12/Comb_2.mp4,C,12,Comb,2,C_Comb_2,True,False,,2708048,True
skater_C/cam_12/Comb_3.mp4,C,12,Comb,3,C_Comb_3,True,False,,5106576,True
skater_C/cam_12/Comb_4.mp4,C,12,Comb,4,C_Comb_4,True,False,,5471595,True
skater_C/cam_12/Flip_1.mp4,C,12,Flip,1,C_Flip_1,False,True,,2774375,True
skater_C/cam_12/Flip_10.mp4,C,12,Flip,10,C_Flip_10,False,True,,2700284,True
skater_C/cam_12/Flip_2.mp4,C,12,Flip,2,C_Flip_2,False,True,,2883239,True
skater_C/cam_12/Flip_3.mp4,C,12,Flip,3,C_Flip_3,False,True,,2788618,True
skater_C/cam_12/Flip_4.mp4,C,12,Flip,4,C_Flip_4,False,True,,3220528,True
skater_C/cam_12/Flip_5.mp4,C,12,Flip,5,C_Flip_5,False,True,,3103230,True
skater_C/cam_12/Flip_6.mp4,C,12,Flip,6,C_Flip_6,False,True,,3287298,True
skater_C/cam_12/Flip_7.mp4,C,12,Flip,7,C_Flip_7,False,True,,3411279,True
skater_C/cam_12/Flip_8.mp4,C,12,Flip,8,C_Flip_8,False,True,,3372489,True
skater_C/cam_12/Flip_9.mp4,C,12,Flip,9,C_Flip_9,False,True,,2760038,True
skater_C/cam_12/Loop_1.mp4,C,12,Loop,1,C_Loop_1,False,True,,3392199,True
skater_C/cam_12/Loop_10.mp4,C,12,Loop,10,C_Loop_10,False,True,,2644197,True
skater_C/cam_12/Loop_2.mp4,C,12,Loop,2,C_Loop_2,False,True,,3096036,True
skater_C/cam_12/Loop_3.mp4,C,12,Loop,3,C_Loop_3,False,True,,3272881,True
skater_C/cam_12/Loop_4.mp4,C,12,Loop,4,C_Loop_4,False,True,,3480619,True
skater_C/cam_12/Loop_5.mp4,C,12,Loop,5,C_Loop_5,False,True,,2915876,True
skater_C/cam_12/Loop_6.mp4,C,12,Loop,6,C_Loop_6,False,True,,3222422,True
skater_C/cam_12/Loop_7.mp4,C,12,Loop,7,C_Loop_7,False,True,,3218628,True
skater_C/cam_12/Loop_8.mp4,C,12,Loop,8,C_Loop_8,False,True,,3297476,True
skater_C/cam_12/Loop_9.mp4,C,12,Loop,9,C_Loop_9,False,True,,2865208,True
skater_C/cam_12/Lutz_1.mp4,C,12,Lutz,1,C_Lutz_1,False,True,,3298712,True
skater_C/cam_12/Lutz_10.mp4,C,12,Lutz,10,C_Lutz_10,False,True,,3247663,True
skater_C/cam_12/Lutz_2.mp4,C,12,Lutz,2,C_Lutz_2,False,True,,3483937,True
skater_C/cam_12/Lutz_3.mp4,C,12,Lutz,3,C_Lutz_3,False,True,,2901725,True
skater_C/cam_12/Lutz_4.mp4,C,12,Lutz,4,C_Lutz_4,False,True,,3336188,True
skater_C/cam_12/Lutz_5.mp4,C,12,Lutz,5,C_Lutz_5,False,True,,2724838,True
skater_C/cam_12/Lutz_6.mp4,C,12,Lutz,6,C_Lutz_6,False,True,,3346387,True
skater_C/cam_12/Lutz_7.mp4,C,12,Lutz,7,C_Lutz_7,False,True,,3445689,True
skater_C/cam_12/Lutz_8.mp4,C,12,Lutz,8,C_Lutz_8,False,True,,2855660,True
skater_C/cam_12/Lutz_9.mp4,C,12,Lutz,9,C_Lutz_9,False,True,,2973660,True
skater_C/cam_12/Salchow_1.mp4,C,12,Salchow,1,C_Salchow_1,False,True,,3402292,True
skater_C/cam_12/Salchow_10.mp4,C,12,Salchow,10,C_Salchow_10,False,True,,3386385,True
skater_C/cam_12/Salchow_2.mp4,C,12,Salchow,2,C_Salchow_2,False,True,,3353769,True
skater_C/cam_12/Salchow_3.mp4,C,12,Salchow,3,C_Salchow_3,False,True,,3280834,True
skater_C/cam_12/Salchow_4.mp4,C,12,Salchow,4,C_Salchow_4,False,True,,2800541,True
skater_C/cam_12/Salchow_5.mp4,C,12,Salchow,5,C_Salchow_5,False,True,,3299396,True
skater_C/cam_12/Salchow_6.mp4,C,12,Salchow,6,C_Salchow_6,False,True,,3310022,True
skater_C/cam_12/Salchow_7.mp4,C,12,Salchow,7,C_Salchow_7,False,True,,3303849,True
skater_C/cam_12/Salchow_8.mp4,C,12,Salchow,8,C_Salchow_8,False,True,,2977261,True
skater_C/cam_12/Salchow_9.mp4,C,12,Salchow,9,C_Salchow_9,False,True,,3232204,True
skater_C/cam_12/Toeloop_1.mp4,C,12,Toeloop,1,C_Toeloop_1,False,True,,2914609,True
skater_C/cam_12/Toeloop_10.mp4,C,12,Toeloop,10,C_Toeloop_10,False,True,,3367901,True
skater_C/cam_12/Toeloop_2.mp4,C,12,Toeloop,2,C_Toeloop_2,False,True,,3362776,True
skater_C/cam_12/Toeloop_3.mp4,C,12,Toeloop,3,C_Toeloop_3,False,True,,3125627,True
skater_C/cam_12/Toeloop_4.mp4,C,12,Toeloop,4,C_Toeloop_4,False,True,,3154732,True
skater_C/cam_12/Toeloop_5.mp4,C,12,Toeloop,5,C_Toeloop_5,False,True,,3575368,True
skater_C/cam_12/Toeloop_6.mp4,C,12,Toeloop,6,C_Toeloop_6,False,True,,3594562,True
skater_C/cam_12/Toeloop_7.mp4,C,12,Toeloop,7,C_Toeloop_7,False,True,,3481842,True
skater_C/cam_12/Toeloop_8.mp4,C,12,Toeloop,8,C_Toeloop_8,False,True,,3302646,True
skater_C/cam_12/Toeloop_9.mp4,C,12,Toeloop,9,C_Toeloop_9,False,True,,3377566,True
skater_C/cam_2/Axel_1.mp4,C,2,Axel,1,C_Axel_1,False,True,,2526273,True
skater_C/cam_2/Axel_10.mp4,C,2,Axel,10,C_Axel_10,False,True,,2434038,True
skater_C/cam_2/Axel_2.mp4,C,2,Axel,2,C_Axel_2,False,True,,2629065,True
skater_C/cam_2/Axel_3.mp4,C,2,Axel,3,C_Axel_3,False,True,,3067459,True
skater_C/cam_2/Axel_4.mp4,C,2,Axel,4,C_Axel_4,False,True,,3095701,True
skater_C/cam_2/Axel_5.mp4,C,2,Axel,5,C_Axel_5,False,True,,2927992,True
skater_C/cam_2/Axel_6.mp4,C,2,Axel,6,C_Axel_6,False,True,,3004524,True
skater_C/cam_2/Axel_7.mp4,C,2,Axel,7,C_Axel_7,False,True,,2631580,True
skater_C/cam_2/Axel_8.mp4,C,2,Axel,8,C_Axel_8,False,True,,2557966,True
skater_C/cam_2/Axel_9.mp4,C,2,Axel,9,C_Axel_9,False,True,,2552273,True
skater_C/cam_2/Comb_1.mp4,C,2,Comb,1,C_Comb_1,True,False,,3143022,True
skater_C/cam_2/Comb_2.mp4,C,2,Comb,2,C_Comb_2,True,False,,2095981,True
skater_C/cam_2/Comb_3.mp4,C,2,Comb,3,C_Comb_3,True,False,,4273848,True
skater_C/cam_2/Comb_4.mp4,C,2,Comb,4,C_Comb_4,True,False,,4419388,True
skater_C/cam_2/Flip_1.mp4,C,2,Flip,1,C_Flip_1,False,True,,2790374,True
skater_C/cam_2/Flip_10.mp4,C,2,Flip,10,C_Flip_10,False,True,,2612798,True
skater_C/cam_2/Flip_2.mp4,C,2,Flip,2,C_Flip_2,False,True,,2829461,True
skater_C/cam_2/Flip_3.mp4,C,2,Flip,3,C_Flip_3,False,True,,2317093,True
skater_C/cam_2/Flip_4.mp4,C,2,Flip,4,C_Flip_4,False,True,,2486405,True
skater_C/cam_2/Flip_5.mp4,C,2,Flip,5,C_Flip_5,False,True,,2668150,True
skater_C/cam_2/Flip_6.mp4,C,2,Flip,6,C_Flip_6,False,True,,2917327,True
skater_C/cam_2/Flip_7.mp4,C,2,Flip,7,C_Flip_7,False,True,,3041123,True
skater_C/cam_2/Flip_8.mp4,C,2,Flip,8,C_Flip_8,False,True,,2977827,True
skater_C/cam_2/Flip_9.mp4,C,2,Flip,9,C_Flip_9,False,True,,2624242,True
skater_C/cam_2/Loop_1.mp4,C,2,Loop,1,C_Loop_1,False,True,,2998149,True
skater_C/cam_2/Loop_10.mp4,C,2,Loop,10,C_Loop_10,False,True,,2432255,True
skater_C/cam_2/Loop_2.mp4,C,2,Loop,2,C_Loop_2,False,True,,2679662,True
skater_C/cam_2/Loop_3.mp4,C,2,Loop,3,C_Loop_3,False,True,,2582732,True
skater_C/cam_2/Loop_4.mp4,C,2,Loop,4,C_Loop_4,False,True,,2947828,True
skater_C/cam_2/Loop_5.mp4,C,2,Loop,5,C_Loop_5,False,True,,2348403,True
skater_C/cam_2/Loop_6.mp4,C,2,Loop,6,C_Loop_6,False,True,,2905541,True
skater_C/cam_2/Loop_7.mp4,C,2,Loop,7,C_Loop_7,False,True,,2646045,True
skater_C/cam_2/Loop_8.mp4,C,2,Loop,8,C_Loop_8,False,True,,2921319,True
skater_C/cam_2/Loop_9.mp4,C,2,Loop,9,C_Loop_9,False,True,,2745576,True
skater_C/cam_2/Lutz_1.mp4,C,2,Lutz,1,C_Lutz_1,False,True,,2852735,True
skater_C/cam_2/Lutz_10.mp4,C,2,Lutz,10,C_Lutz_10,False,True,,2636382,True
skater_C/cam_2/Lutz_2.mp4,C,2,Lutz,2,C_Lutz_2,False,True,,2708427,True
skater_C/cam_2/Lutz_3.mp4,C,2,Lutz,3,C_Lutz_3,False,True,,3026656,True
skater_C/cam_2/Lutz_4.mp4,C,2,Lutz,4,C_Lutz_4,False,True,,2936188,True
skater_C/cam_2/Lutz_5.mp4,C,2,Lutz,5,C_Lutz_5,False,True,,2591971,True
skater_C/cam_2/Lutz_6.mp4,C,2,Lutz,6,C_Lutz_6,False,True,,2677196,True
skater_C/cam_2/Lutz_7.mp4,C,2,Lutz,7,C_Lutz_7,False,True,,2957916,True
skater_C/cam_2/Lutz_8.mp4,C,2,Lutz,8,C_Lutz_8,False,True,,2861648,True
skater_C/cam_2/Lutz_9.mp4,C,2,Lutz,9,C_Lutz_9,False,True,,2863527,True
skater_C/cam_2/Salchow_1.mp4,C,2,Salchow,1,C_Salchow_1,False,True,,2960173,True
skater_C/cam_2/Salchow_10.mp4,C,2,Salchow,10,C_Salchow_10,False,True,,2873192,True
skater_C/cam_2/Salchow_2.mp4,C,2,Salchow,2,C_Salchow_2,False,True,,2635712,True
skater_C/cam_2/Salchow_3.mp4,C,2,Salchow,3,C_Salchow_3,False,True,,3081901,True
skater_C/cam_2/Salchow_4.mp4,C,2,Salchow,4,C_Salchow_4,False,True,,2487896,True
skater_C/cam_2/Salchow_5.mp4,C,2,Salchow,5,C_Salchow_5,False,True,,3002697,True
skater_C/cam_2/Salchow_6.mp4,C,2,Salchow,6,C_Salchow_6,False,True,,3008483,True
skater_C/cam_2/Salchow_7.mp4,C,2,Salchow,7,C_Salchow_7,False,True,,3083844,True
skater_C/cam_2/Salchow_8.mp4,C,2,Salchow,8,C_Salchow_8,False,True,,2920231,True
skater_C/cam_2/Salchow_9.mp4,C,2,Salchow,9,C_Salchow_9,False,True,,2484128,True
skater_C/cam_2/Toeloop_1.mp4,C,2,Toeloop,1,C_Toeloop_1,False,True,,2401883,True
skater_C/cam_2/Toeloop_10.mp4,C,2,Toeloop,10,C_Toeloop_10,False,True,,2703478,True
skater_C/cam_2/Toeloop_2.mp4,C,2,Toeloop,2,C_Toeloop_2,False,True,,2468034,True
skater_C/cam_2/Toeloop_3.mp4,C,2,Toeloop,3,C_Toeloop_3,False,True,,2403954,True
skater_C/cam_2/Toeloop_4.mp4,C,2,Toeloop,4,C_Toeloop_4,False,True,,3084743,True
skater_C/cam_2/Toeloop_5.mp4,C,2,Toeloop,5,C_Toeloop_5,False,True,,2987517,True
skater_C/cam_2/Toeloop_6.mp4,C,2,Toeloop,6,C_Toeloop_6,False,True,,3064462,True
skater_C/cam_2/Toeloop_7.mp4,C,2,Toeloop,7,C_Toeloop_7,False,True,,2860040,True
skater_C/cam_2/Toeloop_8.mp4,C,2,Toeloop,8,C_Toeloop_8,False,True,,2979402,True
skater_C/cam_2/Toeloop_9.mp4,C,2,Toeloop,9,C_Toeloop_9,False,True,,3069707,True
skater_C/cam_3/Axel_1.mp4,C,3,Axel,1,C_Axel_1,False,True,,2512486,True
skater_C/cam_3/Axel_10.mp4,C,3,Axel,10,C_Axel_10,False,True,,2369475,True
skater_C/cam_3/Axel_2.mp4,C,3,Axel,2,C_Axel_2,False,True,,2824498,True
skater_C/cam_3/Axel_3.mp4,C,3,Axel,3,C_Axel_3,False,True,,2817700,True
skater_C/cam_3/Axel_4.mp4,C,3,Axel,4,C_Axel_4,False,True,,2970702,True
skater_C/cam_3/Axel_5.mp4,C,3,Axel,5,C_Axel_5,False,True,,2830008,True
skater_C/cam_3/Axel_6.mp4,C,3,Axel,6,C_Axel_6,False,True,,2911833,True
skater_C/cam_3/Axel_7.mp4,C,3,Axel,7,C_Axel_7,False,True,,2645505,True
skater_C/cam_3/Axel_8.mp4,C,3,Axel,8,C_Axel_8,False,True,,2541797,True
skater_C/cam_3/Axel_9.mp4,C,3,Axel,9,C_Axel_9,False,True,,2819316,True
skater_C/cam_3/Comb_1.mp4,C,3,Comb,1,C_Comb_1,True,False,,2924048,True
skater_C/cam_3/Comb_2.mp4,C,3,Comb,2,C_Comb_2,True,False,,2092576,True
skater_C/cam_3/Comb_3.mp4,C,3,Comb,3,C_Comb_3,True,False,,4448680,True
skater_C/cam_3/Comb_4.mp4,C,3,Comb,4,C_Comb_4,True,False,,4474837,True
skater_C/cam_3/Flip_1.mp4,C,3,Flip,1,C_Flip_1,False,True,,2876215,True
skater_C/cam_3/Flip_10.mp4,C,3,Flip,10,C_Flip_10,False,True,,2567604,True
skater_C/cam_3/Flip_2.mp4,C,3,Flip,2,C_Flip_2,False,True,,3020823,True
skater_C/cam_3/Flip_3.mp4,C,3,Flip,3,C_Flip_3,False,True,,2436194,True
skater_C/cam_3/Flip_4.mp4,C,3,Flip,4,C_Flip_4,False,True,,2432532,True
skater_C/cam_3/Flip_5.mp4,C,3,Flip,5,C_Flip_5,False,True,,2609002,True
skater_C/cam_3/Flip_6.mp4,C,3,Flip,6,C_Flip_6,False,True,,2872183,True
skater_C/cam_3/Flip_7.mp4,C,3,Flip,7,C_Flip_7,False,True,,3431126,True
skater_C/cam_3/Flip_8.mp4,C,3,Flip,8,C_Flip_8,False,True,,3008985,True
skater_C/cam_3/Flip_9.mp4,C,3,Flip,9,C_Flip_9,False,True,,2736219,True
skater_C/cam_3/Loop_1.mp4,C,3,Loop,1,C_Loop_1,False,True,,3174613,True
skater_C/cam_3/Loop_10.mp4,C,3,Loop,10,C_Loop_10,False,True,,2431820,True
skater_C/cam_3/Loop_2.mp4,C,3,Loop,2,C_Loop_2,False,True,,2594470,True
skater_C/cam_3/Loop_3.mp4,C,3,Loop,3,C_Loop_3,False,True,,2558707,True
skater_C/cam_3/Loop_4.mp4,C,3,Loop,4,C_Loop_4,False,True,,2618225,True
skater_C/cam_3/Loop_5.mp4,C,3,Loop,5,C_Loop_5,False,True,,2380755,True
skater_C/cam_3/Loop_6.mp4,C,3,Loop,6,C_Loop_6,False,True,,2996441,True
skater_C/cam_3/Loop_7.mp4,C,3,Loop,7,C_Loop_7,False,True,,2581257,True
skater_C/cam_3/Loop_8.mp4,C,3,Loop,8,C_Loop_8,False,True,,3274123,True
skater_C/cam_3/Loop_9.mp4,C,3,Loop,9,C_Loop_9,False,True,,2717836,True
skater_C/cam_3/Lutz_1.mp4,C,3,Lutz,1,C_Lutz_1,False,True,,2764043,True
skater_C/cam_3/Lutz_10.mp4,C,3,Lutz,10,C_Lutz_10,False,True,,2612517,True
skater_C/cam_3/Lutz_2.mp4,C,3,Lutz,2,C_Lutz_2,False,True,,2691283,True
skater_C/cam_3/Lutz_3.mp4,C,3,Lutz,3,C_Lutz_3,False,True,,3016745,True
skater_C/cam_3/Lutz_4.mp4,C,3,Lutz,4,C_Lutz_4,False,True,,2909014,True
skater_C/cam_3/Lutz_5.mp4,C,3,Lutz,5,C_Lutz_5,False,True,,2842736,True
skater_C/cam_3/Lutz_6.mp4,C,3,Lutz,6,C_Lutz_6,False,True,,2951047,True
skater_C/cam_3/Lutz_7.mp4,C,3,Lutz,7,C_Lutz_7,False,True,,2931743,True
skater_C/cam_3/Lutz_8.mp4,C,3,Lutz,8,C_Lutz_8,False,True,,3166629,True
skater_C/cam_3/Lutz_9.mp4,C,3,Lutz,9,C_Lutz_9,False,True,,2846989,True
skater_C/cam_3/Salchow_1.mp4,C,3,Salchow,1,C_Salchow_1,False,True,,3441943,True
skater_C/cam_3/Salchow_10.mp4,C,3,Salchow,10,C_Salchow_10,False,True,,2851324,True
skater_C/cam_3/Salchow_2.mp4,C,3,Salchow,2,C_Salchow_2,False,True,,2663268,True
skater_C/cam_3/Salchow_3.mp4,C,3,Salchow,3,C_Salchow_3,False,True,,2961774,True
skater_C/cam_3/Salchow_4.mp4,C,3,Salchow,4,C_Salchow_4,False,True,,2544776,True
skater_C/cam_3/Salchow_5.mp4,C,3,Salchow,5,C_Salchow_5,False,True,,2929790,True
skater_C/cam_3/Salchow_6.mp4,C,3,Salchow,6,C_Salchow_6,False,True,,2939990,True
skater_C/cam_3/Salchow_7.mp4,C,3,Salchow,7,C_Salchow_7,False,True,,3181749,True
skater_C/cam_3/Salchow_8.mp4,C,3,Salchow,8,C_Salchow_8,False,True,,2796991,True
skater_C/cam_3/Salchow_9.mp4,C,3,Salchow,9,C_Salchow_9,False,True,,2532727,True
skater_C/cam_3/Toeloop_1.mp4,C,3,Toeloop,1,C_Toeloop_1,False,True,,2470545,True
skater_C/cam_3/Toeloop_10.mp4,C,3,Toeloop,10,C_Toeloop_10,False,True,,2658319,True
skater_C/cam_3/Toeloop_2.mp4,C,3,Toeloop,2,C_Toeloop_2,False,True,,2477915,True
skater_C/cam_3/Toeloop_3.mp4,C,3,Toeloop,3,C_Toeloop_3,False,True,,2427214,True
skater_C/cam_3/Toeloop_4.mp4,C,3,Toeloop,4,C_Toeloop_4,False,True,,2695611,True
skater_C/cam_3/Toeloop_5.mp4,C,3,Toeloop,5,C_Toeloop_5,False,True,,2909292,True
skater_C/cam_3/Toeloop_6.mp4,C,3,Toeloop,6,C_Toeloop_6,False,True,,3179893,True
skater_C/cam_3/Toeloop_7.mp4,C,3,Toeloop,7,C_Toeloop_7,False,True,,2787948,True
skater_C/cam_3/Toeloop_8.mp4,C,3,Toeloop,8,C_Toeloop_8,False,True,,2800835,True
skater_C/cam_3/Toeloop_9.mp4,C,3,Toeloop,9,C_Toeloop_9,False,True,,2899325,True
skater_C/cam_4/Axel_1.mp4,C,4,Axel,1,C_Axel_1,False,True,,2525018,True
skater_C/cam_4/Axel_10.mp4,C,4,Axel,10,C_Axel_10,False,True,,2208591,True
skater_C/cam_4/Axel_2.mp4,C,4,Axel,2,C_Axel_2,False,True,,2634973,True
skater_C/cam_4/Axel_3.mp4,C,4,Axel,3,C_Axel_3,False,True,,2706962,True
skater_C/cam_4/Axel_4.mp4,C,4,Axel,4,C_Axel_4,False,True,,3040195,True
skater_C/cam_4/Axel_5.mp4,C,4,Axel,5,C_Axel_5,False,True,,3033223,True
skater_C/cam_4/Axel_6.mp4,C,4,Axel,6,C_Axel_6,False,True,,2993885,True
skater_C/cam_4/Axel_7.mp4,C,4,Axel,7,C_Axel_7,False,True,,2682707,True
skater_C/cam_4/Axel_8.mp4,C,4,Axel,8,C_Axel_8,False,True,,2456948,True
skater_C/cam_4/Axel_9.mp4,C,4,Axel,9,C_Axel_9,False,True,,2670241,True
skater_C/cam_4/Comb_1.mp4,C,4,Comb,1,C_Comb_1,True,False,,2692290,True
skater_C/cam_4/Comb_2.mp4,C,4,Comb,2,C_Comb_2,True,False,,1876521,True
skater_C/cam_4/Comb_3.mp4,C,4,Comb,3,C_Comb_3,True,False,,4084316,True
skater_C/cam_4/Comb_4.mp4,C,4,Comb,4,C_Comb_4,True,False,,4557366,True
skater_C/cam_4/Flip_1.mp4,C,4,Flip,1,C_Flip_1,False,True,,2367915,True
skater_C/cam_4/Flip_10.mp4,C,4,Flip,10,C_Flip_10,False,True,,2454788,True
skater_C/cam_4/Flip_2.mp4,C,4,Flip,2,C_Flip_2,False,True,,2742343,True
skater_C/cam_4/Flip_3.mp4,C,4,Flip,3,C_Flip_3,False,True,,2318350,True
skater_C/cam_4/Flip_4.mp4,C,4,Flip,4,C_Flip_4,False,True,,2426528,True
skater_C/cam_4/Flip_5.mp4,C,4,Flip,5,C_Flip_5,False,True,,2630520,True
skater_C/cam_4/Flip_6.mp4,C,4,Flip,6,C_Flip_6,False,True,,2886207,True
skater_C/cam_4/Flip_7.mp4,C,4,Flip,7,C_Flip_7,False,True,,3079140,True
skater_C/cam_4/Flip_8.mp4,C,4,Flip,8,C_Flip_8,False,True,,2914297,True
skater_C/cam_4/Flip_9.mp4,C,4,Flip,9,C_Flip_9,False,True,,2459315,True
skater_C/cam_4/Loop_1.mp4,C,4,Loop,1,C_Loop_1,False,True,,3153124,True
skater_C/cam_4/Loop_10.mp4,C,4,Loop,10,C_Loop_10,False,True,,2246271,True
skater_C/cam_4/Loop_2.mp4,C,4,Loop,2,C_Loop_2,False,True,,2600420,True
skater_C/cam_4/Loop_3.mp4,C,4,Loop,3,C_Loop_3,False,True,,2608877,True
skater_C/cam_4/Loop_4.mp4,C,4,Loop,4,C_Loop_4,False,True,,2909052,True
skater_C/cam_4/Loop_5.mp4,C,4,Loop,5,C_Loop_5,False,True,,2262947,True
skater_C/cam_4/Loop_6.mp4,C,4,Loop,6,C_Loop_6,False,True,,3206180,True
skater_C/cam_4/Loop_7.mp4,C,4,Loop,7,C_Loop_7,False,True,,2575432,True
skater_C/cam_4/Loop_8.mp4,C,4,Loop,8,C_Loop_8,False,True,,2903808,True
skater_C/cam_4/Loop_9.mp4,C,4,Loop,9,C_Loop_9,False,True,,2625109,True
skater_C/cam_4/Lutz_1.mp4,C,4,Lutz,1,C_Lutz_1,False,True,,2801317,True
skater_C/cam_4/Lutz_10.mp4,C,4,Lutz,10,C_Lutz_10,False,True,,2680777,True
skater_C/cam_4/Lutz_2.mp4,C,4,Lutz,2,C_Lutz_2,False,True,,2899306,True
skater_C/cam_4/Lutz_3.mp4,C,4,Lutz,3,C_Lutz_3,False,True,,2793219,True
skater_C/cam_4/Lutz_4.mp4,C,4,Lutz,4,C_Lutz_4,False,True,,3032603,True
skater_C/cam_4/Lutz_5.mp4,C,4,Lutz,5,C_Lutz_5,False,True,,2438352,True
skater_C/cam_4/Lutz_6.mp4,C,4,Lutz,6,C_Lutz_6,False,True,,2718902,True
skater_C/cam_4/Lutz_7.mp4,C,4,Lutz,7,C_Lutz_7,False,True,,2902625,True
skater_C/cam_4/Lutz_8.mp4,C,4,Lutz,8,C_Lutz_8,False,True,,2667620,True
skater_C/cam_4/Lutz_9.mp4,C,4,Lutz,9,C_Lutz_9,False,True,,2755338,True
skater_C/cam_4/Salchow_1.mp4,C,4,Salchow,1,C_Salchow_1,False,True,,3104066,True
skater_C/cam_4/Salchow_10.mp4,C,4,Salchow,10,C_Salchow_10,False,True,,2862846,True
skater_C/cam_4/Salchow_2.mp4,C,4,Salchow,2,C_Salchow_2,False,True,,2797430,True
skater_C/cam_4/Salchow_3.mp4,C,4,Salchow,3,C_Salchow_3,False,True,,2854494,True
skater_C/cam_4/Salchow_4.mp4,C,4,Salchow,4,C_Salchow_4,False,True,,2427280,True
skater_C/cam_4/Salchow_5.mp4,C,4,Salchow,5,C_Salchow_5,False,True,,2921200,True
skater_C/cam_4/Salchow_6.mp4,C,4,Salchow,6,C_Salchow_6,False,True,,2967673,True
skater_C/cam_4/Salchow_7.mp4,C,4,Salchow,7,C_Salchow_7,False,True,,3221675,True
skater_C/cam_4/Salchow_8.mp4,C,4,Salchow,8,C_Salchow_8,False,True,,2864486,True
skater_C/cam_4/Salchow_9.mp4,C,4,Salchow,9,C_Salchow_9,False,True,,2522107,True
skater_C/cam_4/Toeloop_1.mp4,C,4,Toeloop,1,C_Toeloop_1,False,True,,2396888,True
skater_C/cam_4/Toeloop_10.mp4,C,4,Toeloop,10,C_Toeloop_10,False,True,,2822624,True
skater_C/cam_4/Toeloop_2.mp4,C,4,Toeloop,2,C_Toeloop_2,False,True,,2468155,True
skater_C/cam_4/Toeloop_3.mp4,C,4,Toeloop,3,C_Toeloop_3,False,True,,2449822,True
skater_C/cam_4/Toeloop_4.mp4,C,4,Toeloop,4,C_Toeloop_4,False,True,,2905802,True
skater_C/cam_4/Toeloop_5.mp4,C,4,Toeloop,5,C_Toeloop_5,False,True,,3127635,True
skater_C/cam_4/Toeloop_6.mp4,C,4,Toeloop,6,C_Toeloop_6,False,True,,3052692,True
skater_C/cam_4/Toeloop_7.mp4,C,4,Toeloop,7,C_Toeloop_7,False,True,,2789298,True
skater_C/cam_4/Toeloop_8.mp4,C,4,Toeloop,8,C_Toeloop_8,False,True,,2926928,True
skater_C/cam_4/Toeloop_9.mp4,C,4,Toeloop,9,C_Toeloop_9,False,True,,2975036,True
skater_C/cam_5/Axel_1.mp4,C,5,Axel,1,C_Axel_1,False,True,,2466517,True
skater_C/cam_5/Axel_10.mp4,C,5,Axel,10,C_Axel_10,False,True,,2138621,True
skater_C/cam_5/Axel_2.mp4,C,5,Axel,2,C_Axel_2,False,True,,2597628,True
skater_C/cam_5/Axel_3.mp4,C,5,Axel,3,C_Axel_3,False,True,,2654294,True
skater_C/cam_5/Axel_4.mp4,C,5,Axel,4,C_Axel_4,False,True,,2864427,True
skater_C/cam_5/Axel_5.mp4,C,5,Axel,5,C_Axel_5,False,True,,2791364,True
skater_C/cam_5/Axel_6.mp4,C,5,Axel,6,C_Axel_6,False,True,,2941219,True
skater_C/cam_5/Axel_7.mp4,C,5,Axel,7,C_Axel_7,False,True,,2590380,True
skater_C/cam_5/Axel_8.mp4,C,5,Axel,8,C_Axel_8,False,True,,2338005,True
skater_C/cam_5/Axel_9.mp4,C,5,Axel,9,C_Axel_9,False,True,,2531833,True
skater_C/cam_5/Comb_1.mp4,C,5,Comb,1,C_Comb_1,True,False,,2924472,True
skater_C/cam_5/Comb_2.mp4,C,5,Comb,2,C_Comb_2,True,False,,1987005,True
skater_C/cam_5/Comb_3.mp4,C,5,Comb,3,C_Comb_3,True,False,,4216350,True
skater_C/cam_5/Comb_4.mp4,C,5,Comb,4,C_Comb_4,True,False,,4520962,True
skater_C/cam_5/Flip_1.mp4,C,5,Flip,1,C_Flip_1,False,True,,2501734,True
skater_C/cam_5/Flip_10.mp4,C,5,Flip,10,C_Flip_10,False,True,,2443616,True
skater_C/cam_5/Flip_2.mp4,C,5,Flip,2,C_Flip_2,False,True,,2741148,True
skater_C/cam_5/Flip_3.mp4,C,5,Flip,3,C_Flip_3,False,True,,2389011,True
skater_C/cam_5/Flip_4.mp4,C,5,Flip,4,C_Flip_4,False,True,,2432990,True
skater_C/cam_5/Flip_5.mp4,C,5,Flip,5,C_Flip_5,False,True,,2572173,True
skater_C/cam_5/Flip_6.mp4,C,5,Flip,6,C_Flip_6,False,True,,2798980,True
skater_C/cam_5/Flip_7.mp4,C,5,Flip,7,C_Flip_7,False,True,,3201779,True
skater_C/cam_5/Flip_8.mp4,C,5,Flip,8,C_Flip_8,False,True,,2865478,True
skater_C/cam_5/Flip_9.mp4,C,5,Flip,9,C_Flip_9,False,True,,2363123,True
skater_C/cam_5/Loop_1.mp4,C,5,Loop,1,C_Loop_1,False,True,,2770999,True
skater_C/cam_5/Loop_10.mp4,C,5,Loop,10,C_Loop_10,False,True,,2207784,True
skater_C/cam_5/Loop_2.mp4,C,5,Loop,2,C_Loop_2,False,True,,2622352,True
skater_C/cam_5/Loop_3.mp4,C,5,Loop,3,C_Loop_3,False,True,,2511176,True
skater_C/cam_5/Loop_4.mp4,C,5,Loop,4,C_Loop_4,False,True,,2743589,True
skater_C/cam_5/Loop_5.mp4,C,5,Loop,5,C_Loop_5,False,True,,2293241,True
skater_C/cam_5/Loop_6.mp4,C,5,Loop,6,C_Loop_6,False,True,,2745005,True
skater_C/cam_5/Loop_7.mp4,C,5,Loop,7,C_Loop_7,False,True,,2546832,True
skater_C/cam_5/Loop_8.mp4,C,5,Loop,8,C_Loop_8,False,True,,2748499,True
skater_C/cam_5/Loop_9.mp4,C,5,Loop,9,C_Loop_9,False,True,,2639608,True
skater_C/cam_5/Lutz_1.mp4,C,5,Lutz,1,C_Lutz_1,False,True,,2711989,True
skater_C/cam_5/Lutz_10.mp4,C,5,Lutz,10,C_Lutz_10,False,True,,2639613,True
skater_C/cam_5/Lutz_2.mp4,C,5,Lutz,2,C_Lutz_2,False,True,,2638535,True
skater_C/cam_5/Lutz_3.mp4,C,5,Lutz,3,C_Lutz_3,False,True,,2600085,True
skater_C/cam_5/Lutz_4.mp4,C,5,Lutz,4,C_Lutz_4,False,True,,2902285,True
skater_C/cam_5/Lutz_5.mp4,C,5,Lutz,5,C_Lutz_5,False,True,,2393419,True
skater_C/cam_5/Lutz_6.mp4,C,5,Lutz,6,C_Lutz_6,False,True,,2621448,True
skater_C/cam_5/Lutz_7.mp4,C,5,Lutz,7,C_Lutz_7,False,True,,2819563,True
skater_C/cam_5/Lutz_8.mp4,C,5,Lutz,8,C_Lutz_8,False,True,,2613018,True
skater_C/cam_5/Lutz_9.mp4,C,5,Lutz,9,C_Lutz_9,False,True,,2846350,True
skater_C/cam_5/Salchow_1.mp4,C,5,Salchow,1,C_Salchow_1,False,True,,2896987,True
skater_C/cam_5/Salchow_10.mp4,C,5,Salchow,10,C_Salchow_10,False,True,,2741750,True
skater_C/cam_5/Salchow_2.mp4,C,5,Salchow,2,C_Salchow_2,False,True,,2803650,True
skater_C/cam_5/Salchow_3.mp4,C,5,Salchow,3,C_Salchow_3,False,True,,2812982,True
skater_C/cam_5/Salchow_4.mp4,C,5,Salchow,4,C_Salchow_4,False,True,,2304587,True
skater_C/cam_5/Salchow_5.mp4,C,5,Salchow,5,C_Salchow_5,False,True,,2834783,True
skater_C/cam_5/Salchow_6.mp4,C,5,Salchow,6,C_Salchow_6,False,True,,2826074,True
skater_C/cam_5/Salchow_7.mp4,C,5,Salchow,7,C_Salchow_7,False,True,,2999967,True
skater_C/cam_5/Salchow_8.mp4,C,5,Salchow,8,C_Salchow_8,False,True,,2880238,True
skater_C/cam_5/Salchow_9.mp4,C,5,Salchow,9,C_Salchow_9,False,True,,2536668,True
skater_C/cam_5/Toeloop_1.mp4,C,5,Toeloop,1,C_Toeloop_1,False,True,,2375447,True
skater_C/cam_5/Toeloop_10.mp4,C,5,Toeloop,10,C_Toeloop_10,False,True,,2753071,True
skater_C/cam_5/Toeloop_2.mp4,C,5,Toeloop,2,C_Toeloop_2,False,True,,2400797,True
skater_C/cam_5/Toeloop_3.mp4,C,5,Toeloop,3,C_Toeloop_3,False,True,,2466837,True
skater_C/cam_5/Toeloop_4.mp4,C,5,Toeloop,4,C_Toeloop_4,False,True,,2633364,True
skater_C/cam_5/Toeloop_5.mp4,C,5,Toeloop,5,C_Toeloop_5,False,True,,2926960,True
skater_C/cam_5/Toeloop_6.mp4,C,5,Toeloop,6,C_Toeloop_6,False,True,,2856808,True
skater_C/cam_5/Toeloop_7.mp4,C,5,Toeloop,7,C_Toeloop_7,False,True,,2793746,True
skater_C/cam_5/Toeloop_8.mp4,C,5,Toeloop,8,C_Toeloop_8,False,True,,2790738,True
skater_C/cam_5/Toeloop_9.mp4,C,5,Toeloop,9,C_Toeloop_9,False,True,,3078464,True
skater_C/cam_6/Axel_1.mp4,C,6,Axel,1,C_Axel_1,False,True,,2726612,True
skater_C/cam_6/Axel_10.mp4,C,6,Axel,10,C_Axel_10,False,True,,2308142,True
skater_C/cam_6/Axel_2.mp4,C,6,Axel,2,C_Axel_2,False,True,,2831675,True
skater_C/cam_6/Axel_3.mp4,C,6,Axel,3,C_Axel_3,False,True,,2873842,True
skater_C/cam_6/Axel_4.mp4,C,6,Axel,4,C_Axel_4,False,True,,2998705,True
skater_C/cam_6/Axel_5.mp4,C,6,Axel,5,C_Axel_5,False,True,,3077501,True
skater_C/cam_6/Axel_6.mp4,C,6,Axel,6,C_Axel_6,False,True,,2998648,True
skater_C/cam_6/Axel_7.mp4,C,6,Axel,7,C_Axel_7,False,True,,2841904,True
skater_C/cam_6/Axel_8.mp4,C,6,Axel,8,C_Axel_8,False,True,,2573966,True
skater_C/cam_6/Axel_9.mp4,C,6,Axel,9,C_Axel_9,False,True,,2849662,True
skater_C/cam_6/Comb_1.mp4,C,6,Comb,1,C_Comb_1,True,False,,2971138,True
skater_C/cam_6/Comb_2.mp4,C,6,Comb,2,C_Comb_2,True,False,,2160521,True
skater_C/cam_6/Comb_3.mp4,C,6,Comb,3,C_Comb_3,True,False,,4501421,True
skater_C/cam_6/Comb_4.mp4,C,6,Comb,4,C_Comb_4,True,False,,5193755,True
skater_C/cam_6/Flip_1.mp4,C,6,Flip,1,C_Flip_1,False,True,,2684976,True
skater_C/cam_6/Flip_10.mp4,C,6,Flip,10,C_Flip_10,False,True,,2642004,True
skater_C/cam_6/Flip_2.mp4,C,6,Flip,2,C_Flip_2,False,True,,3184699,True
skater_C/cam_6/Flip_3.mp4,C,6,Flip,3,C_Flip_3,False,True,,2572536,True
skater_C/cam_6/Flip_4.mp4,C,6,Flip,4,C_Flip_4,False,True,,2731236,True
skater_C/cam_6/Flip_5.mp4,C,6,Flip,5,C_Flip_5,False,True,,2865614,True
skater_C/cam_6/Flip_6.mp4,C,6,Flip,6,C_Flip_6,False,True,,3352468,True
skater_C/cam_6/Flip_7.mp4,C,6,Flip,7,C_Flip_7,False,True,,3239048,True
skater_C/cam_6/Flip_8.mp4,C,6,Flip,8,C_Flip_8,False,True,,3125955,True
skater_C/cam_6/Flip_9.mp4,C,6,Flip,9,C_Flip_9,False,True,,2636391,True
skater_C/cam_6/Loop_1.mp4,C,6,Loop,1,C_Loop_1,False,True,,3496350,True
skater_C/cam_6/Loop_10.mp4,C,6,Loop,10,C_Loop_10,False,True,,2456517,True
skater_C/cam_6/Loop_2.mp4,C,6,Loop,2,C_Loop_2,False,True,,2931747,True
skater_C/cam_6/Loop_3.mp4,C,6,Loop,3,C_Loop_3,False,True,,2841944,True
skater_C/cam_6/Loop_4.mp4,C,6,Loop,4,C_Loop_4,False,True,,2836464,True
skater_C/cam_6/Loop_5.mp4,C,6,Loop,5,C_Loop_5,False,True,,2588227,True
skater_C/cam_6/Loop_6.mp4,C,6,Loop,6,C_Loop_6,False,True,,2970714,True
skater_C/cam_6/Loop_7.mp4,C,6,Loop,7,C_Loop_7,False,True,,2783888,True
skater_C/cam_6/Loop_8.mp4,C,6,Loop,8,C_Loop_8,False,True,,2966965,True
skater_C/cam_6/Loop_9.mp4,C,6,Loop,9,C_Loop_9,False,True,,2820993,True
skater_C/cam_6/Lutz_1.mp4,C,6,Lutz,1,C_Lutz_1,False,True,,2928332,True
skater_C/cam_6/Lutz_10.mp4,C,6,Lutz,10,C_Lutz_10,False,True,,2893402,True
skater_C/cam_6/Lutz_2.mp4,C,6,Lutz,2,C_Lutz_2,False,True,,3181431,True
skater_C/cam_6/Lutz_3.mp4,C,6,Lutz,3,C_Lutz_3,False,True,,2886445,True
skater_C/cam_6/Lutz_4.mp4,C,6,Lutz,4,C_Lutz_4,False,True,,3185779,True
skater_C/cam_6/Lutz_5.mp4,C,6,Lutz,5,C_Lutz_5,False,True,,2710858,True
skater_C/cam_6/Lutz_6.mp4,C,6,Lutz,6,C_Lutz_6,False,True,,2867986,True
skater_C/cam_6/Lutz_7.mp4,C,6,Lutz,7,C_Lutz_7,False,True,,3151575,True
skater_C/cam_6/Lutz_8.mp4,C,6,Lutz,8,C_Lutz_8,False,True,,2846074,True
skater_C/cam_6/Lutz_9.mp4,C,6,Lutz,9,C_Lutz_9,False,True,,2897858,True
skater_C/cam_6/Salchow_1.mp4,C,6,Salchow,1,C_Salchow_1,False,True,,3178587,True
skater_C/cam_6/Salchow_10.mp4,C,6,Salchow,10,C_Salchow_10,False,True,,3023675,True
skater_C/cam_6/Salchow_2.mp4,C,6,Salchow,2,C_Salchow_2,False,True,,3064210,True
skater_C/cam_6/Salchow_3.mp4,C,6,Salchow,3,C_Salchow_3,False,True,,3056069,True
skater_C/cam_6/Salchow_4.mp4,C,6,Salchow,4,C_Salchow_4,False,True,,2584207,True
skater_C/cam_6/Salchow_5.mp4,C,6,Salchow,5,C_Salchow_5,False,True,,3110463,True
skater_C/cam_6/Salchow_6.mp4,C,6,Salchow,6,C_Salchow_6,False,True,,3122469,True
skater_C/cam_6/Salchow_7.mp4,C,6,Salchow,7,C_Salchow_7,False,True,,3084172,True
skater_C/cam_6/Salchow_8.mp4,C,6,Salchow,8,C_Salchow_8,False,True,,2904182,True
skater_C/cam_6/Salchow_9.mp4,C,6,Salchow,9,C_Salchow_9,False,True,,2780703,True
skater_C/cam_6/Toeloop_1.mp4,C,6,Toeloop,1,C_Toeloop_1,False,True,,2629569,True
skater_C/cam_6/Toeloop_10.mp4,C,6,Toeloop,10,C_Toeloop_10,False,True,,2968874,True
skater_C/cam_6/Toeloop_2.mp4,C,6,Toeloop,2,C_Toeloop_2,False,True,,2735619,True
skater_C/cam_6/Toeloop_3.mp4,C,6,Toeloop,3,C_Toeloop_3,False,True,,2678046,True
skater_C/cam_6/Toeloop_4.mp4,C,6,Toeloop,4,C_Toeloop_4,False,True,,3070560,True
skater_C/cam_6/Toeloop_5.mp4,C,6,Toeloop,5,C_Toeloop_5,False,True,,3105928,True
skater_C/cam_6/Toeloop_6.mp4,C,6,Toeloop,6,C_Toeloop_6,False,True,,3211273,True
skater_C/cam_6/Toeloop_7.mp4,C,6,Toeloop,7,C_Toeloop_7,False,True,,3010466,True
skater_C/cam_6/Toeloop_8.mp4,C,6,Toeloop,8,C_Toeloop_8,False,True,,3010746,True
skater_C/cam_6/Toeloop_9.mp4,C,6,Toeloop,9,C_Toeloop_9,False,True,,3035750,True
skater_C/cam_7/Axel_1.mp4,C,7,Axel,1,C_Axel_1,False,True,,2581254,True
skater_C/cam_7/Axel_10.mp4,C,7,Axel,10,C_Axel_10,False,True,,2070147,True
skater_C/cam_7/Axel_2.mp4,C,7,Axel,2,C_Axel_2,False,True,,2783446,True
skater_C/cam_7/Axel_3.mp4,C,7,Axel,3,C_Axel_3,False,True,,2585347,True
skater_C/cam_7/Axel_4.mp4,C,7,Axel,4,C_Axel_4,False,True,,2850013,True
skater_C/cam_7/Axel_5.mp4,C,7,Axel,5,C_Axel_5,False,True,,2889242,True
skater_C/cam_7/Axel_6.mp4,C,7,Axel,6,C_Axel_6,False,True,,2821274,True
skater_C/cam_7/Axel_7.mp4,C,7,Axel,7,C_Axel_7,False,True,,2655013,True
skater_C/cam_7/Axel_8.mp4,C,7,Axel,8,C_Axel_8,False,True,,2296252,True
skater_C/cam_7/Axel_9.mp4,C,7,Axel,9,C_Axel_9,False,True,,2702447,True
skater_C/cam_7/Comb_1.mp4,C,7,Comb,1,C_Comb_1,True,False,,2863351,True
skater_C/cam_7/Comb_2.mp4,C,7,Comb,2,C_Comb_2,True,False,,2017504,True
skater_C/cam_7/Comb_3.mp4,C,7,Comb,3,C_Comb_3,True,False,,4252683,True
skater_C/cam_7/Comb_4.mp4,C,7,Comb,4,C_Comb_4,True,False,,4772001,True
skater_C/cam_7/Flip_1.mp4,C,7,Flip,1,C_Flip_1,False,True,,2393795,True
skater_C/cam_7/Flip_10.mp4,C,7,Flip,10,C_Flip_10,False,True,,2422846,True
skater_C/cam_7/Flip_2.mp4,C,7,Flip,2,C_Flip_2,False,True,,2595841,True
skater_C/cam_7/Flip_3.mp4,C,7,Flip,3,C_Flip_3,False,True,,2462512,True
skater_C/cam_7/Flip_4.mp4,C,7,Flip,4,C_Flip_4,False,True,,2570342,True
skater_C/cam_7/Flip_5.mp4,C,7,Flip,5,C_Flip_5,False,True,,2675338,True
skater_C/cam_7/Flip_6.mp4,C,7,Flip,6,C_Flip_6,False,True,,2878514,True
skater_C/cam_7/Flip_7.mp4,C,7,Flip,7,C_Flip_7,False,True,,2977639,True
skater_C/cam_7/Flip_8.mp4,C,7,Flip,8,C_Flip_8,False,True,,2914285,True
skater_C/cam_7/Flip_9.mp4,C,7,Flip,9,C_Flip_9,False,True,,2460316,True
skater_C/cam_7/Loop_1.mp4,C,7,Loop,1,C_Loop_1,False,True,,3009731,True
skater_C/cam_7/Loop_10.mp4,C,7,Loop,10,C_Loop_10,False,True,,2296659,True
skater_C/cam_7/Loop_2.mp4,C,7,Loop,2,C_Loop_2,False,True,,2700818,True
skater_C/cam_7/Loop_3.mp4,C,7,Loop,3,C_Loop_3,False,True,,2771157,True
skater_C/cam_7/Loop_4.mp4,C,7,Loop,4,C_Loop_4,False,True,,2892283,True
skater_C/cam_7/Loop_5.mp4,C,7,Loop,5,C_Loop_5,False,True,,2413150,True
skater_C/cam_7/Loop_6.mp4,C,7,Loop,6,C_Loop_6,False,True,,2743621,True
skater_C/cam_7/Loop_7.mp4,C,7,Loop,7,C_Loop_7,False,True,,2719888,True
skater_C/cam_7/Loop_8.mp4,C,7,Loop,8,C_Loop_8,False,True,,2836785,True
skater_C/cam_7/Loop_9.mp4,C,7,Loop,9,C_Loop_9,False,True,,2501640,True
skater_C/cam_7/Lutz_1.mp4,C,7,Lutz,1,C_Lutz_1,False,True,,2876483,True
skater_C/cam_7/Lutz_10.mp4,C,7,Lutz,10,C_Lutz_10,False,True,,2858403,True
skater_C/cam_7/Lutz_2.mp4,C,7,Lutz,2,C_Lutz_2,False,True,,2853337,True
skater_C/cam_7/Lutz_3.mp4,C,7,Lutz,3,C_Lutz_3,False,True,,2540511,True
skater_C/cam_7/Lutz_4.mp4,C,7,Lutz,4,C_Lutz_4,False,True,,3003362,True
skater_C/cam_7/Lutz_5.mp4,C,7,Lutz,5,C_Lutz_5,False,True,,2482755,True
skater_C/cam_7/Lutz_6.mp4,C,7,Lutz,6,C_Lutz_6,False,True,,2757748,True
skater_C/cam_7/Lutz_7.mp4,C,7,Lutz,7,C_Lutz_7,False,True,,2928700,True
skater_C/cam_7/Lutz_8.mp4,C,7,Lutz,8,C_Lutz_8,False,True,,2648609,True
skater_C/cam_7/Lutz_9.mp4,C,7,Lutz,9,C_Lutz_9,False,True,,2664712,True
skater_C/cam_7/Salchow_1.mp4,C,7,Salchow,1,C_Salchow_1,False,True,,2959703,True
skater_C/cam_7/Salchow_10.mp4,C,7,Salchow,10,C_Salchow_10,False,True,,2933601,True
skater_C/cam_7/Salchow_2.mp4,C,7,Salchow,2,C_Salchow_2,False,True,,2831407,True
skater_C/cam_7/Salchow_3.mp4,C,7,Salchow,3,C_Salchow_3,False,True,,2884327,True
skater_C/cam_7/Salchow_4.mp4,C,7,Salchow,4,C_Salchow_4,False,True,,2319558,True
skater_C/cam_7/Salchow_5.mp4,C,7,Salchow,5,C_Salchow_5,False,True,,2906223,True
skater_C/cam_7/Salchow_6.mp4,C,7,Salchow,6,C_Salchow_6,False,True,,2936152,True
skater_C/cam_7/Salchow_7.mp4,C,7,Salchow,7,C_Salchow_7,False,True,,2986541,True
skater_C/cam_7/Salchow_8.mp4,C,7,Salchow,8,C_Salchow_8,False,True,,2648840,True
skater_C/cam_7/Salchow_9.mp4,C,7,Salchow,9,C_Salchow_9,False,True,,2681863,True
skater_C/cam_7/Toeloop_1.mp4,C,7,Toeloop,1,C_Toeloop_1,False,True,,2403595,True
skater_C/cam_7/Toeloop_10.mp4,C,7,Toeloop,10,C_Toeloop_10,False,True,,2875079,True
skater_C/cam_7/Toeloop_2.mp4,C,7,Toeloop,2,C_Toeloop_2,False,True,,2620981,True
skater_C/cam_7/Toeloop_3.mp4,C,7,Toeloop,3,C_Toeloop_3,False,True,,2538146,True
skater_C/cam_7/Toeloop_4.mp4,C,7,Toeloop,4,C_Toeloop_4,False,True,,2650480,True
skater_C/cam_7/Toeloop_5.mp4,C,7,Toeloop,5,C_Toeloop_5,False,True,,2869088,True
skater_C/cam_7/Toeloop_6.mp4,C,7,Toeloop,6,C_Toeloop_6,False,True,,2992154,True
skater_C/cam_7/Toeloop_7.mp4,C,7,Toeloop,7,C_Toeloop_7,False,True,,2872680,True
skater_C/cam_7/Toeloop_8.mp4,C,7,Toeloop,8,C_Toeloop_8,False,True,,2821493,True
skater_C/cam_7/Toeloop_9.mp4,C,7,Toeloop,9,C_Toeloop_9,False,True,,2817114,True
skater_C/cam_8/Axel_1.mp4,C,8,Axel,1,C_Axel_1,False,True,,2249815,True
skater_C/cam_8/Axel_10.mp4,C,8,Axel,10,C_Axel_10,False,True,,1601488,True
skater_C/cam_8/Axel_2.mp4,C,8,Axel,2,C_Axel_2,False,True,,2464437,True
skater_C/cam_8/Axel_3.mp4,C,8,Axel,3,C_Axel_3,False,True,,2319192,True
skater_C/cam_8/Axel_4.mp4,C,8,Axel,4,C_Axel_4,False,True,,2648596,True
skater_C/cam_8/Axel_5.mp4,C,8,Axel,5,C_Axel_5,False,True,,2649479,True
skater_C/cam_8/Axel_6.mp4,C,8,Axel,6,C_Axel_6,False,True,,2493979,True
skater_C/cam_8/Axel_7.mp4,C,8,Axel,7,C_Axel_7,False,True,,2239132,True
skater_C/cam_8/Axel_8.mp4,C,8,Axel,8,C_Axel_8,False,True,,1821842,True
skater_C/cam_8/Axel_9.mp4,C,8,Axel,9,C_Axel_9,False,True,,2471079,True
skater_C/cam_8/Comb_1.mp4,C,8,Comb,1,C_Comb_1,True,False,,2659257,True
skater_C/cam_8/Comb_2.mp4,C,8,Comb,2,C_Comb_2,True,False,,1550923,True
skater_C/cam_8/Comb_3.mp4,C,8,Comb,3,C_Comb_3,True,False,,3282913,True
skater_C/cam_8/Comb_4.mp4,C,8,Comb,4,C_Comb_4,True,False,,4159055,True
skater_C/cam_8/Flip_1.mp4,C,8,Flip,1,C_Flip_1,False,True,,2205827,True
skater_C/cam_8/Flip_10.mp4,C,8,Flip,10,C_Flip_10,False,True,,1997362,True
skater_C/cam_8/Flip_2.mp4,C,8,Flip,2,C_Flip_2,False,True,,2252644,True
skater_C/cam_8/Flip_3.mp4,C,8,Flip,3,C_Flip_3,False,True,,2065953,True
skater_C/cam_8/Flip_4.mp4,C,8,Flip,4,C_Flip_4,False,True,,2284240,True
skater_C/cam_8/Flip_5.mp4,C,8,Flip,5,C_Flip_5,False,True,,2279972,True
skater_C/cam_8/Flip_6.mp4,C,8,Flip,6,C_Flip_6,False,True,,2653455,True
skater_C/cam_8/Flip_7.mp4,C,8,Flip,7,C_Flip_7,False,True,,2748561,True
skater_C/cam_8/Flip_8.mp4,C,8,Flip,8,C_Flip_8,False,True,,2784291,True
skater_C/cam_8/Flip_9.mp4,C,8,Flip,9,C_Flip_9,False,True,,2028709,True
skater_C/cam_8/Loop_1.mp4,C,8,Loop,1,C_Loop_1,False,True,,2650356,True
skater_C/cam_8/Loop_10.mp4,C,8,Loop,10,C_Loop_10,False,True,,1846506,True
skater_C/cam_8/Loop_2.mp4,C,8,Loop,2,C_Loop_2,False,True,,2294396,True
skater_C/cam_8/Loop_3.mp4,C,8,Loop,3,C_Loop_3,False,True,,2492619,True
skater_C/cam_8/Loop_4.mp4,C,8,Loop,4,C_Loop_4,False,True,,2650566,True
skater_C/cam_8/Loop_5.mp4,C,8,Loop,5,C_Loop_5,False,True,,2171619,True
skater_C/cam_8/Loop_6.mp4,C,8,Loop,6,C_Loop_6,False,True,,2479708,True
skater_C/cam_8/Loop_7.mp4,C,8,Loop,7,C_Loop_7,False,True,,2340502,True
skater_C/cam_8/Loop_8.mp4,C,8,Loop,8,C_Loop_8,False,True,,2734738,True
skater_C/cam_8/Loop_9.mp4,C,8,Loop,9,C_Loop_9,False,True,,2182823,True
skater_C/cam_8/Lutz_1.mp4,C,8,Lutz,1,C_Lutz_1,False,True,,2599098,True
skater_C/cam_8/Lutz_10.mp4,C,8,Lutz,10,C_Lutz_10,False,True,,2567237,True
skater_C/cam_8/Lutz_2.mp4,C,8,Lutz,2,C_Lutz_2,False,True,,2599385,True
skater_C/cam_8/Lutz_3.mp4,C,8,Lutz,3,C_Lutz_3,False,True,,2275127,True
skater_C/cam_8/Lutz_4.mp4,C,8,Lutz,4,C_Lutz_4,False,True,,2764575,True
skater_C/cam_8/Lutz_5.mp4,C,8,Lutz,5,C_Lutz_5,False,True,,2167811,True
skater_C/cam_8/Lutz_6.mp4,C,8,Lutz,6,C_Lutz_6,False,True,,2551848,True
skater_C/cam_8/Lutz_7.mp4,C,8,Lutz,7,C_Lutz_7,False,True,,2724079,True
skater_C/cam_8/Lutz_8.mp4,C,8,Lutz,8,C_Lutz_8,False,True,,2361824,True
skater_C/cam_8/Lutz_9.mp4,C,8,Lutz,9,C_Lutz_9,False,True,,2292180,True
skater_C/cam_8/Salchow_1.mp4,C,8,Salchow,1,C_Salchow_1,False,True,,2706681,True
skater_C/cam_8/Salchow_10.mp4,C,8,Salchow,10,C_Salchow_10,False,True,,2625808,True
skater_C/cam_8/Salchow_2.mp4,C,8,Salchow,2,C_Salchow_2,False,True,,2519695,True
skater_C/cam_8/Salchow_3.mp4,C,8,Salchow,3,C_Salchow_3,False,True,,2499336,True
skater_C/cam_8/Salchow_4.mp4,C,8,Salchow,4,C_Salchow_4,False,True,,1832259,True
skater_C/cam_8/Salchow_5.mp4,C,8,Salchow,5,C_Salchow_5,False,True,,2610372,True
skater_C/cam_8/Salchow_6.mp4,C,8,Salchow,6,C_Salchow_6,False,True,,2535708,True
skater_C/cam_8/Salchow_7.mp4,C,8,Salchow,7,C_Salchow_7,False,True,,2657430,True
skater_C/cam_8/Salchow_8.mp4,C,8,Salchow,8,C_Salchow_8,False,True,,2363431,True
skater_C/cam_8/Salchow_9.mp4,C,8,Salchow,9,C_Salchow_9,False,True,,2423575,True
skater_C/cam_8/Toeloop_1.mp4,C,8,Toeloop,1,C_Toeloop_1,False,True,,2043605,True
skater_C/cam_8/Toeloop_10.mp4,C,8,Toeloop,10,C_Toeloop_10,False,True,,2551200,True
skater_C/cam_8/Toeloop_2.mp4,C,8,Toeloop,2,C_Toeloop_2,False,True,,2342714,True
skater_C/cam_8/Toeloop_3.mp4,C,8,Toeloop,3,C_Toeloop_3,False,True,,2295021,True
skater_C/cam_8/Toeloop_4.mp4,C,8,Toeloop,4,C_Toeloop_4,False,True,,2419569,True
skater_C/cam_8/Toeloop_5.mp4,C,8,Toeloop,5,C_Toeloop_5,False,True,,2715321,True
skater_C/cam_8/Toeloop_6.mp4,C,8,Toeloop,6,C_Toeloop_6,False,True,,2671557,True
skater_C/cam_8/Toeloop_7.mp4,C,8,Toeloop,7,C_Toeloop_7,False,True,,2664046,True
skater_C/cam_8/Toeloop_8.mp4,C,8,Toeloop,8,C_Toeloop_8,False,True,,2590753,True
skater_C/cam_8/Toeloop_9.mp4,C,8,Toeloop,9,C_Toeloop_9,False,True,,2632474,True
skater_C/cam_9/Axel_1.mp4,C,9,Axel,1,C_Axel_1,False,True,,2457801,True
skater_C/cam_9/Axel_10.mp4,C,9,Axel,10,C_Axel_10,False,True,,2093249,True
skater_C/cam_9/Axel_2.mp4,C,9,Axel,2,C_Axel_2,False,True,,2721152,True
skater_C/cam_9/Axel_3.mp4,C,9,Axel,3,C_Axel_3,False,True,,2484795,True
skater_C/cam_9/Axel_4.mp4,C,9,Axel,4,C_Axel_4,False,True,,2744175,True
skater_C/cam_9/Axel_5.mp4,C,9,Axel,5,C_Axel_5,False,True,,2835007,True
skater_C/cam_9/Axel_6.mp4,C,9,Axel,6,C_Axel_6,False,True,,2723199,True
skater_C/cam_9/Axel_7.mp4,C,9,Axel,7,C_Axel_7,False,True,,2561768,True
skater_C/cam_9/Axel_8.mp4,C,9,Axel,8,C_Axel_8,False,True,,2234508,True
skater_C/cam_9/Axel_9.mp4,C,9,Axel,9,C_Axel_9,False,True,,2481716,True
skater_C/cam_9/Comb_1.mp4,C,9,Comb,1,C_Comb_1,True,False,,2708993,True
skater_C/cam_9/Comb_2.mp4,C,9,Comb,2,C_Comb_2,True,False,,1987104,True
skater_C/cam_9/Comb_3.mp4,C,9,Comb,3,C_Comb_3,True,False,,4101887,True
skater_C/cam_9/Comb_4.mp4,C,9,Comb,4,C_Comb_4,True,False,,4374543,True
skater_C/cam_9/Flip_1.mp4,C,9,Flip,1,C_Flip_1,False,True,,2280301,True
skater_C/cam_9/Flip_10.mp4,C,9,Flip,10,C_Flip_10,False,True,,2277167,True
skater_C/cam_9/Flip_2.mp4,C,9,Flip,2,C_Flip_2,False,True,,2414985,True
skater_C/cam_9/Flip_3.mp4,C,9,Flip,3,C_Flip_3,False,True,,2257185,True
skater_C/cam_9/Flip_4.mp4,C,9,Flip,4,C_Flip_4,False,True,,2452808,True
skater_C/cam_9/Flip_5.mp4,C,9,Flip,5,C_Flip_5,False,True,,2546188,True
skater_C/cam_9/Flip_6.mp4,C,9,Flip,6,C_Flip_6,False,True,,2785458,True
skater_C/cam_9/Flip_7.mp4,C,9,Flip,7,C_Flip_7,False,True,,2866918,True
skater_C/cam_9/Flip_8.mp4,C,9,Flip,8,C_Flip_8,False,True,,2835290,True
skater_C/cam_9/Flip_9.mp4,C,9,Flip,9,C_Flip_9,False,True,,2262007,True
skater_C/cam_9/Loop_1.mp4,C,9,Loop,1,C_Loop_1,False,True,,2829545,True
skater_C/cam_9/Loop_10.mp4,C,9,Loop,10,C_Loop_10,False,True,,2189299,True
skater_C/cam_9/Loop_2.mp4,C,9,Loop,2,C_Loop_2,False,True,,2564181,True
skater_C/cam_9/Loop_3.mp4,C,9,Loop,3,C_Loop_3,False,True,,2549655,True
skater_C/cam_9/Loop_4.mp4,C,9,Loop,4,C_Loop_4,False,True,,2987877,True
skater_C/cam_9/Loop_5.mp4,C,9,Loop,5,C_Loop_5,False,True,,2314227,True
skater_C/cam_9/Loop_6.mp4,C,9,Loop,6,C_Loop_6,False,True,,2594227,True
skater_C/cam_9/Loop_7.mp4,C,9,Loop,7,C_Loop_7,False,True,,2531974,True
skater_C/cam_9/Loop_8.mp4,C,9,Loop,8,C_Loop_8,False,True,,2726609,True
skater_C/cam_9/Loop_9.mp4,C,9,Loop,9,C_Loop_9,False,True,,2340638,True
skater_C/cam_9/Lutz_1.mp4,C,9,Lutz,1,C_Lutz_1,False,True,,2794707,True
skater_C/cam_9/Lutz_10.mp4,C,9,Lutz,10,C_Lutz_10,False,True,,2614481,True
skater_C/cam_9/Lutz_2.mp4,C,9,Lutz,2,C_Lutz_2,False,True,,2583036,True
skater_C/cam_9/Lutz_3.mp4,C,9,Lutz,3,C_Lutz_3,False,True,,2406162,True
skater_C/cam_9/Lutz_4.mp4,C,9,Lutz,4,C_Lutz_4,False,True,,2874573,True
skater_C/cam_9/Lutz_5.mp4,C,9,Lutz,5,C_Lutz_5,False,True,,2271724,True
skater_C/cam_9/Lutz_6.mp4,C,9,Lutz,6,C_Lutz_6,False,True,,2755479,True
skater_C/cam_9/Lutz_7.mp4,C,9,Lutz,7,C_Lutz_7,False,True,,2814059,True
skater_C/cam_9/Lutz_8.mp4,C,9,Lutz,8,C_Lutz_8,False,True,,2523255,True
skater_C/cam_9/Lutz_9.mp4,C,9,Lutz,9,C_Lutz_9,False,True,,2523263,True
skater_C/cam_9/Salchow_1.mp4,C,9,Salchow,1,C_Salchow_1,False,True,,2814966,True
skater_C/cam_9/Salchow_10.mp4,C,9,Salchow,10,C_Salchow_10,False,True,,2801621,True
skater_C/cam_9/Salchow_2.mp4,C,9,Salchow,2,C_Salchow_2,False,True,,2698765,True
skater_C/cam_9/Salchow_3.mp4,C,9,Salchow,3,C_Salchow_3,False,True,,2729691,True
skater_C/cam_9/Salchow_4.mp4,C,9,Salchow,4,C_Salchow_4,False,True,,2208158,True
skater_C/cam_9/Salchow_5.mp4,C,9,Salchow,5,C_Salchow_5,False,True,,2747931,True
skater_C/cam_9/Salchow_6.mp4,C,9,Salchow,6,C_Salchow_6,False,True,,2775344,True
skater_C/cam_9/Salchow_7.mp4,C,9,Salchow,7,C_Salchow_7,False,True,,2771588,True
skater_C/cam_9/Salchow_8.mp4,C,9,Salchow,8,C_Salchow_8,False,True,,2560067,True
skater_C/cam_9/Salchow_9.mp4,C,9,Salchow,9,C_Salchow_9,False,True,,2544272,True
skater_C/cam_9/Toeloop_1.mp4,C,9,Toeloop,1,C_Toeloop_1,False,True,,2353310,True
skater_C/cam_9/Toeloop_10.mp4,C,9,Toeloop,10,C_Toeloop_10,False,True,,2811118,True
skater_C/cam_9/Toeloop_2.mp4,C,9,Toeloop,2,C_Toeloop_2,False,True,,2487581,True
skater_C/cam_9/Toeloop_3.mp4,C,9,Toeloop,3,C_Toeloop_3,False,True,,2430244,True
skater_C/cam_9/Toeloop_4.mp4,C,9,Toeloop,4,C_Toeloop_4,False,True,,2603712,True
skater_C/cam_9/Toeloop_5.mp4,C,9,Toeloop,5,C_Toeloop_5,False,True,,2857612,True
skater_C/cam_9/Toeloop_6.mp4,C,9,Toeloop,6,C_Toeloop_6,False,True,,2725405,True
skater_C/cam_9/Toeloop_7.mp4,C,9,Toeloop,7,C_Toeloop_7,False,True,,2840055,True
skater_C/cam_9/Toeloop_8.mp4,C,9,Toeloop,8,C_Toeloop_8,False,True,,2778631,True
skater_C/cam_9/Toeloop_9.mp4,C,9,Toeloop,9,C_Toeloop_9,False,True,,2849101,True
skater_D/cam_1/Axel_1.mp4,D,1,Axel,1,D_Axel_1,False,True,,2618586,True
skater_D/cam_1/Axel_10.mp4,D,1,Axel,10,D_Axel_10,False,True,,3095385,True
skater_D/cam_1/Axel_2.mp4,D,1,Axel,2,D_Axel_2,False,True,,2954345,True
skater_D/cam_1/Axel_3.mp4,D,1,Axel,3,D_Axel_3,False,True,,2785847,True
skater_D/cam_1/Axel_4.mp4,D,1,Axel,4,D_Axel_4,False,True,,2969292,True
skater_D/cam_1/Axel_5.mp4,D,1,Axel,5,D_Axel_5,False,True,,2637525,True
skater_D/cam_1/Axel_6.mp4,D,1,Axel,6,D_Axel_6,False,True,,2907042,True
skater_D/cam_1/Axel_7.mp4,D,1,Axel,7,D_Axel_7,False,True,,2365535,True
skater_D/cam_1/Axel_8.mp4,D,1,Axel,8,D_Axel_8,False,True,,2980525,True
skater_D/cam_1/Axel_9.mp4,D,1,Axel,9,D_Axel_9,False,True,,2592156,True
skater_D/cam_1/Comb_1.mp4,D,1,Comb,1,D_Comb_1,True,False,,5810580,True
skater_D/cam_1/Comb_2.mp4,D,1,Comb,2,D_Comb_2,True,False,,5849763,True
skater_D/cam_1/Comb_3.mp4,D,1,Comb,3,D_Comb_3,True,False,,5797752,True
skater_D/cam_1/Flip_1.mp4,D,1,Flip,1,D_Flip_1,False,True,,2681723,True
skater_D/cam_1/Flip_10.mp4,D,1,Flip,10,D_Flip_10,False,True,,3012648,True
skater_D/cam_1/Flip_2.mp4,D,1,Flip,2,D_Flip_2,False,True,,3003060,True
skater_D/cam_1/Flip_3.mp4,D,1,Flip,3,D_Flip_3,False,True,,2698326,True
skater_D/cam_1/Flip_4.mp4,D,1,Flip,4,D_Flip_4,False,True,,3037190,True
skater_D/cam_1/Flip_5.mp4,D,1,Flip,5,D_Flip_5,False,True,,2908574,True
skater_D/cam_1/Flip_6.mp4,D,1,Flip,6,D_Flip_6,False,True,,2608641,True
skater_D/cam_1/Flip_7.mp4,D,1,Flip,7,D_Flip_7,False,True,,2965119,True
skater_D/cam_1/Flip_8.mp4,D,1,Flip,8,D_Flip_8,False,True,,2383669,True
skater_D/cam_1/Flip_9.mp4,D,1,Flip,9,D_Flip_9,False,True,,2726182,True
skater_D/cam_1/Loop_1.mp4,D,1,Loop,1,D_Loop_1,False,True,,3042187,True
skater_D/cam_1/Loop_10.mp4,D,1,Loop,10,D_Loop_10,False,True,,2953321,True
skater_D/cam_1/Loop_2.mp4,D,1,Loop,2,D_Loop_2,False,True,,2708653,True
skater_D/cam_1/Loop_3.mp4,D,1,Loop,3,D_Loop_3,False,True,,2420417,True
skater_D/cam_1/Loop_4.mp4,D,1,Loop,4,D_Loop_4,False,True,,2547761,True
skater_D/cam_1/Loop_5.mp4,D,1,Loop,5,D_Loop_5,False,True,,2985239,True
skater_D/cam_1/Loop_6.mp4,D,1,Loop,6,D_Loop_6,False,True,,2944227,True
skater_D/cam_1/Loop_7.mp4,D,1,Loop,7,D_Loop_7,False,True,,2952261,True
skater_D/cam_1/Loop_8.mp4,D,1,Loop,8,D_Loop_8,False,True,,2917701,True
skater_D/cam_1/Loop_9.mp4,D,1,Loop,9,D_Loop_9,False,True,,2968357,True
skater_D/cam_1/Lutz_1.mp4,D,1,Lutz,1,D_Lutz_1,False,True,,2923357,True
skater_D/cam_1/Lutz_10.mp4,D,1,Lutz,10,D_Lutz_10,False,True,,2863568,True
skater_D/cam_1/Lutz_2.mp4,D,1,Lutz,2,D_Lutz_2,False,True,,2886403,True
skater_D/cam_1/Lutz_3.mp4,D,1,Lutz,3,D_Lutz_3,False,True,,2923313,True
skater_D/cam_1/Lutz_4.mp4,D,1,Lutz,4,D_Lutz_4,False,True,,2730671,True
skater_D/cam_1/Lutz_5.mp4,D,1,Lutz,5,D_Lutz_5,False,True,,2780065,True
skater_D/cam_1/Lutz_6.mp4,D,1,Lutz,6,D_Lutz_6,False,True,,3021145,True
skater_D/cam_1/Lutz_7.mp4,D,1,Lutz,7,D_Lutz_7,False,True,,2683677,True
skater_D/cam_1/Lutz_8.mp4,D,1,Lutz,8,D_Lutz_8,False,True,,2620418,True
skater_D/cam_1/Lutz_9.mp4,D,1,Lutz,9,D_Lutz_9,False,True,,3013309,True
skater_D/cam_1/Salchow_1.mp4,D,1,Salchow,1,D_Salchow_1,False,True,,2603303,True
skater_D/cam_1/Salchow_10.mp4,D,1,Salchow,10,D_Salchow_10,False,True,,3044678,True
skater_D/cam_1/Salchow_2.mp4,D,1,Salchow,2,D_Salchow_2,False,True,,2908377,True
skater_D/cam_1/Salchow_3.mp4,D,1,Salchow,3,D_Salchow_3,False,True,,2997085,True
skater_D/cam_1/Salchow_4.mp4,D,1,Salchow,4,D_Salchow_4,False,True,,2890786,True
skater_D/cam_1/Salchow_5.mp4,D,1,Salchow,5,D_Salchow_5,False,True,,3094873,True
skater_D/cam_1/Salchow_6.mp4,D,1,Salchow,6,D_Salchow_6,False,True,,3106084,True
skater_D/cam_1/Salchow_7.mp4,D,1,Salchow,7,D_Salchow_7,False,True,,2874279,True
skater_D/cam_1/Salchow_8.mp4,D,1,Salchow,8,D_Salchow_8,False,True,,2878289,True
skater_D/cam_1/Salchow_9.mp4,D,1,Salchow,9,D_Salchow_9,False,True,,3088428,True
skater_D/cam_1/Toeloop_1.mp4,D,1,Toeloop,1,D_Toeloop_1,False,True,,3012106,True
skater_D/cam_1/Toeloop_10.mp4,D,1,Toeloop,10,D_Toeloop_10,False,True,,2803333,True
skater_D/cam_1/Toeloop_2.mp4,D,1,Toeloop,2,D_Toeloop_2,False,True,,2785084,True
skater_D/cam_1/Toeloop_3.mp4,D,1,Toeloop,3,D_Toeloop_3,False,True,,2661341,True
skater_D/cam_1/Toeloop_4.mp4,D,1,Toeloop,4,D_Toeloop_4,False,True,,2944203,True
skater_D/cam_1/Toeloop_5.mp4,D,1,Toeloop,5,D_Toeloop_5,False,True,,2884680,True
skater_D/cam_1/Toeloop_6.mp4,D,1,Toeloop,6,D_Toeloop_6,False,True,,2513065,True
skater_D/cam_1/Toeloop_7.mp4,D,1,Toeloop,7,D_Toeloop_7,False,True,,2960310,True
skater_D/cam_1/Toeloop_8.mp4,D,1,Toeloop,8,D_Toeloop_8,False,True,,3076846,True
skater_D/cam_1/Toeloop_9.mp4,D,1,Toeloop,9,D_Toeloop_9,False,True,,2871172,True
skater_D/cam_10/Axel_1.mp4,D,10,Axel,1,D_Axel_1,False,True,,2479074,True
skater_D/cam_10/Axel_10.mp4,D,10,Axel,10,D_Axel_10,False,True,,2896270,True
skater_D/cam_10/Axel_2.mp4,D,10,Axel,2,D_Axel_2,False,True,,2503935,True
skater_D/cam_10/Axel_3.mp4,D,10,Axel,3,D_Axel_3,False,True,,2155787,True
skater_D/cam_10/Axel_4.mp4,D,10,Axel,4,D_Axel_4,False,True,,2930519,True
skater_D/cam_10/Axel_5.mp4,D,10,Axel,5,D_Axel_5,False,True,,2618341,True
skater_D/cam_10/Axel_6.mp4,D,10,Axel,6,D_Axel_6,False,True,,2717115,True
skater_D/cam_10/Axel_7.mp4,D,10,Axel,7,D_Axel_7,False,True,,2115616,True
skater_D/cam_10/Axel_8.mp4,D,10,Axel,8,D_Axel_8,False,True,,2653248,True
skater_D/cam_10/Axel_9.mp4,D,10,Axel,9,D_Axel_9,False,True,,2514994,True
skater_D/cam_10/Comb_1.mp4,D,10,Comb,1,D_Comb_1,True,False,,5163910,True
skater_D/cam_10/Comb_2.mp4,D,10,Comb,2,D_Comb_2,True,False,,5182521,True
skater_D/cam_10/Comb_3.mp4,D,10,Comb,3,D_Comb_3,True,False,,5083822,True
skater_D/cam_10/Flip_1.mp4,D,10,Flip,1,D_Flip_1,False,True,,2469546,True
skater_D/cam_10/Flip_10.mp4,D,10,Flip,10,D_Flip_10,False,True,,2928979,True
skater_D/cam_10/Flip_2.mp4,D,10,Flip,2,D_Flip_2,False,True,,2606431,True
skater_D/cam_10/Flip_3.mp4,D,10,Flip,3,D_Flip_3,False,True,,2187040,True
skater_D/cam_10/Flip_4.mp4,D,10,Flip,4,D_Flip_4,False,True,,2879054,True
skater_D/cam_10/Flip_5.mp4,D,10,Flip,5,D_Flip_5,False,True,,2902631,True
skater_D/cam_10/Flip_6.mp4,D,10,Flip,6,D_Flip_6,False,True,,2507024,True
skater_D/cam_10/Flip_7.mp4,D,10,Flip,7,D_Flip_7,False,True,,2952656,True
skater_D/cam_10/Flip_8.mp4,D,10,Flip,8,D_Flip_8,False,True,,2316444,True
skater_D/cam_10/Flip_9.mp4,D,10,Flip,9,D_Flip_9,False,True,,2661315,True
skater_D/cam_10/Loop_1.mp4,D,10,Loop,1,D_Loop_1,False,True,,2855230,True
skater_D/cam_10/Loop_10.mp4,D,10,Loop,10,D_Loop_10,False,True,,2977625,True
skater_D/cam_10/Loop_2.mp4,D,10,Loop,2,D_Loop_2,False,True,,2469307,True
skater_D/cam_10/Loop_3.mp4,D,10,Loop,3,D_Loop_3,False,True,,2286655,True
skater_D/cam_10/Loop_4.mp4,D,10,Loop,4,D_Loop_4,False,True,,2225404,True
skater_D/cam_10/Loop_5.mp4,D,10,Loop,5,D_Loop_5,False,True,,2494173,True
skater_D/cam_10/Loop_6.mp4,D,10,Loop,6,D_Loop_6,False,True,,2393750,True
skater_D/cam_10/Loop_7.mp4,D,10,Loop,7,D_Loop_7,False,True,,2954360,True
skater_D/cam_10/Loop_8.mp4,D,10,Loop,8,D_Loop_8,False,True,,2504864,True
skater_D/cam_10/Loop_9.mp4,D,10,Loop,9,D_Loop_9,False,True,,2781519,True
skater_D/cam_10/Lutz_1.mp4,D,10,Lutz,1,D_Lutz_1,False,True,,2339342,True
skater_D/cam_10/Lutz_10.mp4,D,10,Lutz,10,D_Lutz_10,False,True,,2252778,True
skater_D/cam_10/Lutz_2.mp4,D,10,Lutz,2,D_Lutz_2,False,True,,2994848,True
skater_D/cam_10/Lutz_3.mp4,D,10,Lutz,3,D_Lutz_3,False,True,,2305072,True
skater_D/cam_10/Lutz_4.mp4,D,10,Lutz,4,D_Lutz_4,False,True,,2661660,True
skater_D/cam_10/Lutz_5.mp4,D,10,Lutz,5,D_Lutz_5,False,True,,2202282,True
skater_D/cam_10/Lutz_6.mp4,D,10,Lutz,6,D_Lutz_6,False,True,,2884786,True
skater_D/cam_10/Lutz_7.mp4,D,10,Lutz,7,D_Lutz_7,False,True,,2582616,True
skater_D/cam_10/Lutz_8.mp4,D,10,Lutz,8,D_Lutz_8,False,True,,2492299,True
skater_D/cam_10/Lutz_9.mp4,D,10,Lutz,9,D_Lutz_9,False,True,,2504426,True
skater_D/cam_10/Salchow_1.mp4,D,10,Salchow,1,D_Salchow_1,False,True,,2657132,True
skater_D/cam_10/Salchow_10.mp4,D,10,Salchow,10,D_Salchow_10,False,True,,2905445,True
skater_D/cam_10/Salchow_2.mp4,D,10,Salchow,2,D_Salchow_2,False,True,,2534994,True
skater_D/cam_10/Salchow_3.mp4,D,10,Salchow,3,D_Salchow_3,False,True,,2655164,True
skater_D/cam_10/Salchow_4.mp4,D,10,Salchow,4,D_Salchow_4,False,True,,2889617,True
skater_D/cam_10/Salchow_5.mp4,D,10,Salchow,5,D_Salchow_5,False,True,,2894154,True
skater_D/cam_10/Salchow_6.mp4,D,10,Salchow,6,D_Salchow_6,False,True,,2780015,True
skater_D/cam_10/Salchow_7.mp4,D,10,Salchow,7,D_Salchow_7,False,True,,2999118,True
skater_D/cam_10/Salchow_8.mp4,D,10,Salchow,8,D_Salchow_8,False,True,,2817888,True
skater_D/cam_10/Salchow_9.mp4,D,10,Salchow,9,D_Salchow_9,False,True,,2738239,True
skater_D/cam_10/Toeloop_1.mp4,D,10,Toeloop,1,D_Toeloop_1,False,True,,2676677,True
skater_D/cam_10/Toeloop_10.mp4,D,10,Toeloop,10,D_Toeloop_10,False,True,,2216367,True
skater_D/cam_10/Toeloop_2.mp4,D,10,Toeloop,2,D_Toeloop_2,False,True,,2402101,True
skater_D/cam_10/Toeloop_3.mp4,D,10,Toeloop,3,D_Toeloop_3,False,True,,2164894,True
skater_D/cam_10/Toeloop_4.mp4,D,10,Toeloop,4,D_Toeloop_4,False,True,,2520866,True
skater_D/cam_10/Toeloop_5.mp4,D,10,Toeloop,5,D_Toeloop_5,False,True,,2498370,True
skater_D/cam_10/Toeloop_6.mp4,D,10,Toeloop,6,D_Toeloop_6,False,True,,2175024,True
skater_D/cam_10/Toeloop_7.mp4,D,10,Toeloop,7,D_Toeloop_7,False,True,,2818389,True
skater_D/cam_10/Toeloop_8.mp4,D,10,Toeloop,8,D_Toeloop_8,False,True,,2904483,True
skater_D/cam_10/Toeloop_9.mp4,D,10,Toeloop,9,D_Toeloop_9,False,True,,2774336,True
skater_D/cam_11/Axel_1.mp4,D,11,Axel,1,D_Axel_1,False,True,,2752860,True
skater_D/cam_11/Axel_10.mp4,D,11,Axel,10,D_Axel_10,False,True,,3252990,True
skater_D/cam_11/Axel_2.mp4,D,11,Axel,2,D_Axel_2,False,True,,2806880,True
skater_D/cam_11/Axel_3.mp4,D,11,Axel,3,D_Axel_3,False,True,,2697466,True
skater_D/cam_11/Axel_4.mp4,D,11,Axel,4,D_Axel_4,False,True,,3306043,True
skater_D/cam_11/Axel_5.mp4,D,11,Axel,5,D_Axel_5,False,True,,2981478,True
skater_D/cam_11/Axel_6.mp4,D,11,Axel,6,D_Axel_6,False,True,,3175055,True
skater_D/cam_11/Axel_7.mp4,D,11,Axel,7,D_Axel_7,False,True,,2539109,True
skater_D/cam_11/Axel_8.mp4,D,11,Axel,8,D_Axel_8,False,True,,3003141,True
skater_D/cam_11/Axel_9.mp4,D,11,Axel,9,D_Axel_9,False,True,,2817402,True
skater_D/cam_11/Comb_1.mp4,D,11,Comb,1,D_Comb_1,True,False,,6010463,True
skater_D/cam_11/Comb_2.mp4,D,11,Comb,2,D_Comb_2,True,False,,6144536,True
skater_D/cam_11/Comb_3.mp4,D,11,Comb,3,D_Comb_3,True,False,,5916080,True
skater_D/cam_11/Flip_1.mp4,D,11,Flip,1,D_Flip_1,False,True,,2839734,True
skater_D/cam_11/Flip_10.mp4,D,11,Flip,10,D_Flip_10,False,True,,3327318,True
skater_D/cam_11/Flip_2.mp4,D,11,Flip,2,D_Flip_2,False,True,,2971932,True
skater_D/cam_11/Flip_3.mp4,D,11,Flip,3,D_Flip_3,False,True,,2654942,True
skater_D/cam_11/Flip_4.mp4,D,11,Flip,4,D_Flip_4,False,True,,3381800,True
skater_D/cam_11/Flip_5.mp4,D,11,Flip,5,D_Flip_5,False,True,,3292397,True
skater_D/cam_11/Flip_6.mp4,D,11,Flip,6,D_Flip_6,False,True,,2865086,True
skater_D/cam_11/Flip_7.mp4,D,11,Flip,7,D_Flip_7,False,True,,3378084,True
skater_D/cam_11/Flip_8.mp4,D,11,Flip,8,D_Flip_8,False,True,,2745484,True
skater_D/cam_11/Flip_9.mp4,D,11,Flip,9,D_Flip_9,False,True,,3138609,True
skater_D/cam_11/Loop_1.mp4,D,11,Loop,1,D_Loop_1,False,True,,3215526,True
skater_D/cam_11/Loop_10.mp4,D,11,Loop,10,D_Loop_10,False,True,,3258083,True
skater_D/cam_11/Loop_2.mp4,D,11,Loop,2,D_Loop_2,False,True,,2846706,True
skater_D/cam_11/Loop_3.mp4,D,11,Loop,3,D_Loop_3,False,True,,2641875,True
skater_D/cam_11/Loop_4.mp4,D,11,Loop,4,D_Loop_4,False,True,,2680099,True
skater_D/cam_11/Loop_5.mp4,D,11,Loop,5,D_Loop_5,False,True,,2886327,True
skater_D/cam_11/Loop_6.mp4,D,11,Loop,6,D_Loop_6,False,True,,2845107,True
skater_D/cam_11/Loop_7.mp4,D,11,Loop,7,D_Loop_7,False,True,,3288025,True
skater_D/cam_11/Loop_8.mp4,D,11,Loop,8,D_Loop_8,False,True,,2965964,True
skater_D/cam_11/Loop_9.mp4,D,11,Loop,9,D_Loop_9,False,True,,3145644,True
skater_D/cam_11/Lutz_1.mp4,D,11,Lutz,1,D_Lutz_1,False,True,,2789773,True
skater_D/cam_11/Lutz_10.mp4,D,11,Lutz,10,D_Lutz_10,False,True,,2592805,True
skater_D/cam_11/Lutz_2.mp4,D,11,Lutz,2,D_Lutz_2,False,True,,3255877,True
skater_D/cam_11/Lutz_3.mp4,D,11,Lutz,3,D_Lutz_3,False,True,,2679421,True
skater_D/cam_11/Lutz_4.mp4,D,11,Lutz,4,D_Lutz_4,False,True,,3043006,True
skater_D/cam_11/Lutz_5.mp4,D,11,Lutz,5,D_Lutz_5,False,True,,2562470,True
skater_D/cam_11/Lutz_6.mp4,D,11,Lutz,6,D_Lutz_6,False,True,,3257873,True
skater_D/cam_11/Lutz_7.mp4,D,11,Lutz,7,D_Lutz_7,False,True,,2929571,True
skater_D/cam_11/Lutz_8.mp4,D,11,Lutz,8,D_Lutz_8,False,True,,2786403,True
skater_D/cam_11/Lutz_9.mp4,D,11,Lutz,9,D_Lutz_9,False,True,,2932697,True
skater_D/cam_11/Salchow_1.mp4,D,11,Salchow,1,D_Salchow_1,False,True,,3032861,True
skater_D/cam_11/Salchow_10.mp4,D,11,Salchow,10,D_Salchow_10,False,True,,3420698,True
skater_D/cam_11/Salchow_2.mp4,D,11,Salchow,2,D_Salchow_2,False,True,,2978058,True
skater_D/cam_11/Salchow_3.mp4,D,11,Salchow,3,D_Salchow_3,False,True,,3097253,True
skater_D/cam_11/Salchow_4.mp4,D,11,Salchow,4,D_Salchow_4,False,True,,3224888,True
skater_D/cam_11/Salchow_5.mp4,D,11,Salchow,5,D_Salchow_5,False,True,,3292016,True
skater_D/cam_11/Salchow_6.mp4,D,11,Salchow,6,D_Salchow_6,False,True,,3172751,True
skater_D/cam_11/Salchow_7.mp4,D,11,Salchow,7,D_Salchow_7,False,True,,3285813,True
skater_D/cam_11/Salchow_8.mp4,D,11,Salchow,8,D_Salchow_8,False,True,,3326758,True
skater_D/cam_11/Salchow_9.mp4,D,11,Salchow,9,D_Salchow_9,False,True,,3169699,True
skater_D/cam_11/Toeloop_1.mp4,D,11,Toeloop,1,D_Toeloop_1,False,True,,3096385,True
skater_D/cam_11/Toeloop_10.mp4,D,11,Toeloop,10,D_Toeloop_10,False,True,,2631902,True
skater_D/cam_11/Toeloop_2.mp4,D,11,Toeloop,2,D_Toeloop_2,False,True,,2751490,True
skater_D/cam_11/Toeloop_3.mp4,D,11,Toeloop,3,D_Toeloop_3,False,True,,2539478,True
skater_D/cam_11/Toeloop_4.mp4,D,11,Toeloop,4,D_Toeloop_4,False,True,,2923002,True
skater_D/cam_11/Toeloop_5.mp4,D,11,Toeloop,5,D_Toeloop_5,False,True,,2872177,True
skater_D/cam_11/Toeloop_6.mp4,D,11,Toeloop,6,D_Toeloop_6,False,True,,2537463,True
skater_D/cam_11/Toeloop_7.mp4,D,11,Toeloop,7,D_Toeloop_7,False,True,,3169048,True
skater_D/cam_11/Toeloop_8.mp4,D,11,Toeloop,8,D_Toeloop_8,False,True,,3296992,True
skater_D/cam_11/Toeloop_9.mp4,D,11,Toeloop,9,D_Toeloop_9,False,True,,3188896,True
skater_D/cam_12/Axel_1.mp4,D,12,Axel,1,D_Axel_1,False,True,,2907782,True
skater_D/cam_12/Axel_10.mp4,D,12,Axel,10,D_Axel_10,False,True,,3370457,True
skater_D/cam_12/Axel_2.mp4,D,12,Axel,2,D_Axel_2,False,True,,2989760,True
skater_D/cam_12/Axel_3.mp4,D,12,Axel,3,D_Axel_3,False,True,,2734957,True
skater_D/cam_12/Axel_4.mp4,D,12,Axel,4,D_Axel_4,False,True,,3391020,True
skater_D/cam_12/Axel_5.mp4,D,12,Axel,5,D_Axel_5,False,True,,2995911,True
skater_D/cam_12/Axel_6.mp4,D,12,Axel,6,D_Axel_6,False,True,,3201278,True
skater_D/cam_12/Axel_7.mp4,D,12,Axel,7,D_Axel_7,False,True,,2712006,True
skater_D/cam_12/Axel_8.mp4,D,12,Axel,8,D_Axel_8,False,True,,3150206,True
skater_D/cam_12/Axel_9.mp4,D,12,Axel,9,D_Axel_9,False,True,,2993659,True
skater_D/cam_12/Comb_1.mp4,D,12,Comb,1,D_Comb_1,True,False,,6195209,True
skater_D/cam_12/Comb_2.mp4,D,12,Comb,2,D_Comb_2,True,False,,6439855,True
skater_D/cam_12/Comb_3.mp4,D,12,Comb,3,D_Comb_3,True,False,,6279524,True
skater_D/cam_12/Flip_1.mp4,D,12,Flip,1,D_Flip_1,False,True,,3041734,True
skater_D/cam_12/Flip_10.mp4,D,12,Flip,10,D_Flip_10,False,True,,3440031,True
skater_D/cam_12/Flip_2.mp4,D,12,Flip,2,D_Flip_2,False,True,,3210259,True
skater_D/cam_12/Flip_3.mp4,D,12,Flip,3,D_Flip_3,False,True,,2778409,True
skater_D/cam_12/Flip_4.mp4,D,12,Flip,4,D_Flip_4,False,True,,3495804,True
skater_D/cam_12/Flip_5.mp4,D,12,Flip,5,D_Flip_5,False,True,,3406694,True
skater_D/cam_12/Flip_6.mp4,D,12,Flip,6,D_Flip_6,False,True,,3054733,True
skater_D/cam_12/Flip_7.mp4,D,12,Flip,7,D_Flip_7,False,True,,3462401,True
skater_D/cam_12/Flip_8.mp4,D,12,Flip,8,D_Flip_8,False,True,,2732396,True
skater_D/cam_12/Flip_9.mp4,D,12,Flip,9,D_Flip_9,False,True,,3243523,True
skater_D/cam_12/Loop_1.mp4,D,12,Loop,1,D_Loop_1,False,True,,3334152,True
skater_D/cam_12/Loop_10.mp4,D,12,Loop,10,D_Loop_10,False,True,,3510311,True
skater_D/cam_12/Loop_2.mp4,D,12,Loop,2,D_Loop_2,False,True,,2990280,True
skater_D/cam_12/Loop_3.mp4,D,12,Loop,3,D_Loop_3,False,True,,2861303,True
skater_D/cam_12/Loop_4.mp4,D,12,Loop,4,D_Loop_4,False,True,,2835482,True
skater_D/cam_12/Loop_5.mp4,D,12,Loop,5,D_Loop_5,False,True,,3179943,True
skater_D/cam_12/Loop_6.mp4,D,12,Loop,6,D_Loop_6,False,True,,3039083,True
skater_D/cam_12/Loop_7.mp4,D,12,Loop,7,D_Loop_7,False,True,,3553532,True
skater_D/cam_12/Loop_8.mp4,D,12,Loop,8,D_Loop_8,False,True,,3156910,True
skater_D/cam_12/Loop_9.mp4,D,12,Loop,9,D_Loop_9,False,True,,3326127,True
skater_D/cam_12/Lutz_1.mp4,D,12,Lutz,1,D_Lutz_1,False,True,,2908596,True
skater_D/cam_12/Lutz_10.mp4,D,12,Lutz,10,D_Lutz_10,False,True,,2689795,True
skater_D/cam_12/Lutz_2.mp4,D,12,Lutz,2,D_Lutz_2,False,True,,3450903,True
skater_D/cam_12/Lutz_3.mp4,D,12,Lutz,3,D_Lutz_3,False,True,,2856105,True
skater_D/cam_12/Lutz_4.mp4,D,12,Lutz,4,D_Lutz_4,False,True,,3126154,True
skater_D/cam_12/Lutz_5.mp4,D,12,Lutz,5,D_Lutz_5,False,True,,2659096,True
skater_D/cam_12/Lutz_6.mp4,D,12,Lutz,6,D_Lutz_6,False,True,,3331247,True
skater_D/cam_12/Lutz_7.mp4,D,12,Lutz,7,D_Lutz_7,False,True,,2999822,True
skater_D/cam_12/Lutz_8.mp4,D,12,Lutz,8,D_Lutz_8,False,True,,2915186,True
skater_D/cam_12/Lutz_9.mp4,D,12,Lutz,9,D_Lutz_9,False,True,,2985393,True
skater_D/cam_12/Salchow_1.mp4,D,12,Salchow,1,D_Salchow_1,False,True,,3247148,True
skater_D/cam_12/Salchow_10.mp4,D,12,Salchow,10,D_Salchow_10,False,True,,3561307,True
skater_D/cam_12/Salchow_2.mp4,D,12,Salchow,2,D_Salchow_2,False,True,,3079498,True
skater_D/cam_12/Salchow_3.mp4,D,12,Salchow,3,D_Salchow_3,False,True,,3327335,True
skater_D/cam_12/Salchow_4.mp4,D,12,Salchow,4,D_Salchow_4,False,True,,3528852,True
skater_D/cam_12/Salchow_5.mp4,D,12,Salchow,5,D_Salchow_5,False,True,,3391203,True
skater_D/cam_12/Salchow_6.mp4,D,12,Salchow,6,D_Salchow_6,False,True,,3350246,True
skater_D/cam_12/Salchow_7.mp4,D,12,Salchow,7,D_Salchow_7,False,True,,3530218,True
skater_D/cam_12/Salchow_8.mp4,D,12,Salchow,8,D_Salchow_8,False,True,,3629939,True
skater_D/cam_12/Salchow_9.mp4,D,12,Salchow,9,D_Salchow_9,False,True,,3445677,True
skater_D/cam_12/Toeloop_1.mp4,D,12,Toeloop,1,D_Toeloop_1,False,True,,3192866,True
skater_D/cam_12/Toeloop_10.mp4,D,12,Toeloop,10,D_Toeloop_10,False,True,,2726540,True
skater_D/cam_12/Toeloop_2.mp4,D,12,Toeloop,2,D_Toeloop_2,False,True,,2954012,True
skater_D/cam_12/Toeloop_3.mp4,D,12,Toeloop,3,D_Toeloop_3,False,True,,2695251,True
skater_D/cam_12/Toeloop_4.mp4,D,12,Toeloop,4,D_Toeloop_4,False,True,,3089391,True
skater_D/cam_12/Toeloop_5.mp4,D,12,Toeloop,5,D_Toeloop_5,False,True,,3059968,True
skater_D/cam_12/Toeloop_6.mp4,D,12,Toeloop,6,D_Toeloop_6,False,True,,2688471,True
skater_D/cam_12/Toeloop_7.mp4,D,12,Toeloop,7,D_Toeloop_7,False,True,,3415755,True
skater_D/cam_12/Toeloop_8.mp4,D,12,Toeloop,8,D_Toeloop_8,False,True,,3530828,True
skater_D/cam_12/Toeloop_9.mp4,D,12,Toeloop,9,D_Toeloop_9,False,True,,3361482,True
skater_D/cam_2/Axel_1.mp4,D,2,Axel,1,D_Axel_1,False,True,,2405977,True
skater_D/cam_2/Axel_10.mp4,D,2,Axel,10,D_Axel_10,False,True,,3092164,True
skater_D/cam_2/Axel_2.mp4,D,2,Axel,2,D_Axel_2,False,True,,2922621,True
skater_D/cam_2/Axel_3.mp4,D,2,Axel,3,D_Axel_3,False,True,,2777872,True
skater_D/cam_2/Axel_4.mp4,D,2,Axel,4,D_Axel_4,False,True,,2895029,True
skater_D/cam_2/Axel_5.mp4,D,2,Axel,5,D_Axel_5,False,True,,2464544,True
skater_D/cam_2/Axel_6.mp4,D,2,Axel,6,D_Axel_6,False,True,,2765687,True
skater_D/cam_2/Axel_7.mp4,D,2,Axel,7,D_Axel_7,False,True,,2324608,True
skater_D/cam_2/Axel_8.mp4,D,2,Axel,8,D_Axel_8,False,True,,3049861,True
skater_D/cam_2/Axel_9.mp4,D,2,Axel,9,D_Axel_9,False,True,,2482190,True
skater_D/cam_2/Comb_1.mp4,D,2,Comb,1,D_Comb_1,True,False,,5730144,True
skater_D/cam_2/Comb_2.mp4,D,2,Comb,2,D_Comb_2,True,False,,5788079,True
skater_D/cam_2/Comb_3.mp4,D,2,Comb,3,D_Comb_3,True,False,,5595055,True
skater_D/cam_2/Flip_1.mp4,D,2,Flip,1,D_Flip_1,False,True,,2939463,True
skater_D/cam_2/Flip_10.mp4,D,2,Flip,10,D_Flip_10,False,True,,3063060,True
skater_D/cam_2/Flip_2.mp4,D,2,Flip,2,D_Flip_2,False,True,,3103166,True
skater_D/cam_2/Flip_3.mp4,D,2,Flip,3,D_Flip_3,False,True,,2630295,True
skater_D/cam_2/Flip_4.mp4,D,2,Flip,4,D_Flip_4,False,True,,2913869,True
skater_D/cam_2/Flip_5.mp4,D,2,Flip,5,D_Flip_5,False,True,,2896641,True
skater_D/cam_2/Flip_6.mp4,D,2,Flip,6,D_Flip_6,False,True,,2477016,True
skater_D/cam_2/Flip_7.mp4,D,2,Flip,7,D_Flip_7,False,True,,2866338,True
skater_D/cam_2/Flip_8.mp4,D,2,Flip,8,D_Flip_8,False,True,,2282919,True
skater_D/cam_2/Flip_9.mp4,D,2,Flip,9,D_Flip_9,False,True,,2574459,True
skater_D/cam_2/Loop_1.mp4,D,2,Loop,1,D_Loop_1,False,True,,2968483,True
skater_D/cam_2/Loop_10.mp4,D,2,Loop,10,D_Loop_10,False,True,,2856376,True
skater_D/cam_2/Loop_2.mp4,D,2,Loop,2,D_Loop_2,False,True,,2509641,True
skater_D/cam_2/Loop_3.mp4,D,2,Loop,3,D_Loop_3,False,True,,2303202,True
skater_D/cam_2/Loop_4.mp4,D,2,Loop,4,D_Loop_4,False,True,,2259152,True
skater_D/cam_2/Loop_5.mp4,D,2,Loop,5,D_Loop_5,False,True,,2922237,True
skater_D/cam_2/Loop_6.mp4,D,2,Loop,6,D_Loop_6,False,True,,2965565,True
skater_D/cam_2/Loop_7.mp4,D,2,Loop,7,D_Loop_7,False,True,,3106926,True
skater_D/cam_2/Loop_8.mp4,D,2,Loop,8,D_Loop_8,False,True,,2988427,True
skater_D/cam_2/Loop_9.mp4,D,2,Loop,9,D_Loop_9,False,True,,3086616,True
skater_D/cam_2/Lutz_1.mp4,D,2,Lutz,1,D_Lutz_1,False,True,,2985349,True
skater_D/cam_2/Lutz_10.mp4,D,2,Lutz,10,D_Lutz_10,False,True,,2778150,True
skater_D/cam_2/Lutz_2.mp4,D,2,Lutz,2,D_Lutz_2,False,True,,2747576,True
skater_D/cam_2/Lutz_3.mp4,D,2,Lutz,3,D_Lutz_3,False,True,,2926996,True
skater_D/cam_2/Lutz_4.mp4,D,2,Lutz,4,D_Lutz_4,False,True,,2594731,True
skater_D/cam_2/Lutz_5.mp4,D,2,Lutz,5,D_Lutz_5,False,True,,2717437,True
skater_D/cam_2/Lutz_6.mp4,D,2,Lutz,6,D_Lutz_6,False,True,,3102184,True
skater_D/cam_2/Lutz_7.mp4,D,2,Lutz,7,D_Lutz_7,False,True,,2486481,True
skater_D/cam_2/Lutz_8.mp4,D,2,Lutz,8,D_Lutz_8,False,True,,2474717,True
skater_D/cam_2/Lutz_9.mp4,D,2,Lutz,9,D_Lutz_9,False,True,,3080384,True
skater_D/cam_2/Salchow_1.mp4,D,2,Salchow,1,D_Salchow_1,False,True,,2573633,True
skater_D/cam_2/Salchow_10.mp4,D,2,Salchow,10,D_Salchow_10,False,True,,2977501,True
skater_D/cam_2/Salchow_2.mp4,D,2,Salchow,2,D_Salchow_2,False,True,,2800755,True
skater_D/cam_2/Salchow_3.mp4,D,2,Salchow,3,D_Salchow_3,False,True,,3015950,True
skater_D/cam_2/Salchow_4.mp4,D,2,Salchow,4,D_Salchow_4,False,True,,2795800,True
skater_D/cam_2/Salchow_5.mp4,D,2,Salchow,5,D_Salchow_5,False,True,,3009871,True
skater_D/cam_2/Salchow_6.mp4,D,2,Salchow,6,D_Salchow_6,False,True,,3033072,True
skater_D/cam_2/Salchow_7.mp4,D,2,Salchow,7,D_Salchow_7,False,True,,3044249,True
skater_D/cam_2/Salchow_8.mp4,D,2,Salchow,8,D_Salchow_8,False,True,,2901700,True
skater_D/cam_2/Salchow_9.mp4,D,2,Salchow,9,D_Salchow_9,False,True,,3149015,True
skater_D/cam_2/Toeloop_1.mp4,D,2,Toeloop,1,D_Toeloop_1,False,True,,3165660,True
skater_D/cam_2/Toeloop_10.mp4,D,2,Toeloop,10,D_Toeloop_10,False,True,,2693473,True
skater_D/cam_2/Toeloop_2.mp4,D,2,Toeloop,2,D_Toeloop_2,False,True,,2952963,True
skater_D/cam_2/Toeloop_3.mp4,D,2,Toeloop,3,D_Toeloop_3,False,True,,2541424,True
skater_D/cam_2/Toeloop_4.mp4,D,2,Toeloop,4,D_Toeloop_4,False,True,,2965705,True
skater_D/cam_2/Toeloop_5.mp4,D,2,Toeloop,5,D_Toeloop_5,False,True,,3011759,True
skater_D/cam_2/Toeloop_6.mp4,D,2,Toeloop,6,D_Toeloop_6,False,True,,2376607,True
skater_D/cam_2/Toeloop_7.mp4,D,2,Toeloop,7,D_Toeloop_7,False,True,,3072686,True
skater_D/cam_2/Toeloop_8.mp4,D,2,Toeloop,8,D_Toeloop_8,False,True,,3064437,True
skater_D/cam_2/Toeloop_9.mp4,D,2,Toeloop,9,D_Toeloop_9,False,True,,3061151,True
skater_D/cam_3/Axel_1.mp4,D,3,Axel,1,D_Axel_1,False,True,,2439198,True
skater_D/cam_3/Axel_10.mp4,D,3,Axel,10,D_Axel_10,False,True,,2942862,True
skater_D/cam_3/Axel_2.mp4,D,3,Axel,2,D_Axel_2,False,True,,2855774,True
skater_D/cam_3/Axel_3.mp4,D,3,Axel,3,D_Axel_3,False,True,,2876076,True
skater_D/cam_3/Axel_4.mp4,D,3,Axel,4,D_Axel_4,False,True,,2839333,True
skater_D/cam_3/Axel_5.mp4,D,3,Axel,5,D_Axel_5,False,True,,2351187,True
skater_D/cam_3/Axel_6.mp4,D,3,Axel,6,D_Axel_6,False,True,,2735055,True
skater_D/cam_3/Axel_7.mp4,D,3,Axel,7,D_Axel_7,False,True,,2347507,True
skater_D/cam_3/Axel_8.mp4,D,3,Axel,8,D_Axel_8,False,True,,3006824,True
skater_D/cam_3/Axel_9.mp4,D,3,Axel,9,D_Axel_9,False,True,,2491891,True
skater_D/cam_3/Comb_1.mp4,D,3,Comb,1,D_Comb_1,True,False,,5570764,True
skater_D/cam_3/Comb_2.mp4,D,3,Comb,2,D_Comb_2,True,False,,5900273,True
skater_D/cam_3/Comb_3.mp4,D,3,Comb,3,D_Comb_3,True,False,,5879027,True
skater_D/cam_3/Flip_1.mp4,D,3,Flip,1,D_Flip_1,False,True,,2848154,True
skater_D/cam_3/Flip_10.mp4,D,3,Flip,10,D_Flip_10,False,True,,3467807,True
skater_D/cam_3/Flip_2.mp4,D,3,Flip,2,D_Flip_2,False,True,,3288423,True
skater_D/cam_3/Flip_3.mp4,D,3,Flip,3,D_Flip_3,False,True,,2874791,True
skater_D/cam_3/Flip_4.mp4,D,3,Flip,4,D_Flip_4,False,True,,2882156,True
skater_D/cam_3/Flip_5.mp4,D,3,Flip,5,D_Flip_5,False,True,,2840020,True
skater_D/cam_3/Flip_6.mp4,D,3,Flip,6,D_Flip_6,False,True,,2439870,True
skater_D/cam_3/Flip_7.mp4,D,3,Flip,7,D_Flip_7,False,True,,2805399,True
skater_D/cam_3/Flip_8.mp4,D,3,Flip,8,D_Flip_8,False,True,,2220773,True
skater_D/cam_3/Flip_9.mp4,D,3,Flip,9,D_Flip_9,False,True,,2594793,True
skater_D/cam_3/Loop_1.mp4,D,3,Loop,1,D_Loop_1,False,True,,2880527,True
skater_D/cam_3/Loop_10.mp4,D,3,Loop,10,D_Loop_10,False,True,,2865648,True
skater_D/cam_3/Loop_2.mp4,D,3,Loop,2,D_Loop_2,False,True,,2612189,True
skater_D/cam_3/Loop_3.mp4,D,3,Loop,3,D_Loop_3,False,True,,2327931,True
skater_D/cam_3/Loop_4.mp4,D,3,Loop,4,D_Loop_4,False,True,,2389805,True
skater_D/cam_3/Loop_5.mp4,D,3,Loop,5,D_Loop_5,False,True,,3034270,True
skater_D/cam_3/Loop_6.mp4,D,3,Loop,6,D_Loop_6,False,True,,2832061,True
skater_D/cam_3/Loop_7.mp4,D,3,Loop,7,D_Loop_7,False,True,,3019425,True
skater_D/cam_3/Loop_8.mp4,D,3,Loop,8,D_Loop_8,False,True,,2928056,True
skater_D/cam_3/Loop_9.mp4,D,3,Loop,9,D_Loop_9,False,True,,3023434,True
skater_D/cam_3/Lutz_1.mp4,D,3,Lutz,1,D_Lutz_1,False,True,,2941895,True
skater_D/cam_3/Lutz_10.mp4,D,3,Lutz,10,D_Lutz_10,False,True,,2829435,True
skater_D/cam_3/Lutz_2.mp4,D,3,Lutz,2,D_Lutz_2,False,True,,2778176,True
skater_D/cam_3/Lutz_3.mp4,D,3,Lutz,3,D_Lutz_3,False,True,,2767364,True
skater_D/cam_3/Lutz_4.mp4,D,3,Lutz,4,D_Lutz_4,False,True,,2771174,True
skater_D/cam_3/Lutz_5.mp4,D,3,Lutz,5,D_Lutz_5,False,True,,2847755,True
skater_D/cam_3/Lutz_6.mp4,D,3,Lutz,6,D_Lutz_6,False,True,,3050953,True
skater_D/cam_3/Lutz_7.mp4,D,3,Lutz,7,D_Lutz_7,False,True,,2613420,True
skater_D/cam_3/Lutz_8.mp4,D,3,Lutz,8,D_Lutz_8,False,True,,2593347,True
skater_D/cam_3/Lutz_9.mp4,D,3,Lutz,9,D_Lutz_9,False,True,,2913804,True
skater_D/cam_3/Salchow_1.mp4,D,3,Salchow,1,D_Salchow_1,False,True,,2534345,True
skater_D/cam_3/Salchow_10.mp4,D,3,Salchow,10,D_Salchow_10,False,True,,2833042,True
skater_D/cam_3/Salchow_2.mp4,D,3,Salchow,2,D_Salchow_2,False,True,,2808901,True
skater_D/cam_3/Salchow_3.mp4,D,3,Salchow,3,D_Salchow_3,False,True,,2930159,True
skater_D/cam_3/Salchow_4.mp4,D,3,Salchow,4,D_Salchow_4,False,True,,2732608,True
skater_D/cam_3/Salchow_5.mp4,D,3,Salchow,5,D_Salchow_5,False,True,,2889726,True
skater_D/cam_3/Salchow_6.mp4,D,3,Salchow,6,D_Salchow_6,False,True,,2951446,True
skater_D/cam_3/Salchow_7.mp4,D,3,Salchow,7,D_Salchow_7,False,True,,3266238,True
skater_D/cam_3/Salchow_8.mp4,D,3,Salchow,8,D_Salchow_8,False,True,,2899546,True
skater_D/cam_3/Salchow_9.mp4,D,3,Salchow,9,D_Salchow_9,False,True,,3055195,True
skater_D/cam_3/Toeloop_1.mp4,D,3,Toeloop,1,D_Toeloop_1,False,True,,3002116,True
skater_D/cam_3/Toeloop_10.mp4,D,3,Toeloop,10,D_Toeloop_10,False,True,,2738712,True
skater_D/cam_3/Toeloop_2.mp4,D,3,Toeloop,2,D_Toeloop_2,False,True,,2785505,True
skater_D/cam_3/Toeloop_3.mp4,D,3,Toeloop,3,D_Toeloop_3,False,True,,2619584,True
skater_D/cam_3/Toeloop_4.mp4,D,3,Toeloop,4,D_Toeloop_4,False,True,,2827048,True
skater_D/cam_3/Toeloop_5.mp4,D,3,Toeloop,5,D_Toeloop_5,False,True,,3224323,True
skater_D/cam_3/Toeloop_6.mp4,D,3,Toeloop,6,D_Toeloop_6,False,True,,2467969,True
skater_D/cam_3/Toeloop_7.mp4,D,3,Toeloop,7,D_Toeloop_7,False,True,,2934711,True
skater_D/cam_3/Toeloop_8.mp4,D,3,Toeloop,8,D_Toeloop_8,False,True,,2924368,True
skater_D/cam_3/Toeloop_9.mp4,D,3,Toeloop,9,D_Toeloop_9,False,True,,2821121,True
skater_D/cam_4/Axel_1.mp4,D,4,Axel,1,D_Axel_1,False,True,,2470323,True
skater_D/cam_4/Axel_10.mp4,D,4,Axel,10,D_Axel_10,False,True,,3013871,True
skater_D/cam_4/Axel_2.mp4,D,4,Axel,2,D_Axel_2,False,True,,2907257,True
skater_D/cam_4/Axel_3.mp4,D,4,Axel,3,D_Axel_3,False,True,,2787598,True
skater_D/cam_4/Axel_4.mp4,D,4,Axel,4,D_Axel_4,False,True,,2990244,True
skater_D/cam_4/Axel_5.mp4,D,4,Axel,5,D_Axel_5,False,True,,2628989,True
skater_D/cam_4/Axel_6.mp4,D,4,Axel,6,D_Axel_6,False,True,,2888797,True
skater_D/cam_4/Axel_7.mp4,D,4,Axel,7,D_Axel_7,False,True,,2335502,True
skater_D/cam_4/Axel_8.mp4,D,4,Axel,8,D_Axel_8,False,True,,3035921,True
skater_D/cam_4/Axel_9.mp4,D,4,Axel,9,D_Axel_9,False,True,,2543237,True
skater_D/cam_4/Comb_1.mp4,D,4,Comb,1,D_Comb_1,True,False,,5661971,True
skater_D/cam_4/Comb_2.mp4,D,4,Comb,2,D_Comb_2,True,False,,5792489,True
skater_D/cam_4/Comb_3.mp4,D,4,Comb,3,D_Comb_3,True,False,,5347332,True
skater_D/cam_4/Flip_1.mp4,D,4,Flip,1,D_Flip_1,False,True,,2711089,True
skater_D/cam_4/Flip_10.mp4,D,4,Flip,10,D_Flip_10,False,True,,3026450,True
skater_D/cam_4/Flip_2.mp4,D,4,Flip,2,D_Flip_2,False,True,,2856754,True
skater_D/cam_4/Flip_3.mp4,D,4,Flip,3,D_Flip_3,False,True,,2466160,True
skater_D/cam_4/Flip_4.mp4,D,4,Flip,4,D_Flip_4,False,True,,2954395,True
skater_D/cam_4/Flip_5.mp4,D,4,Flip,5,D_Flip_5,False,True,,2816074,True
skater_D/cam_4/Flip_6.mp4,D,4,Flip,6,D_Flip_6,False,True,,2492679,True
skater_D/cam_4/Flip_7.mp4,D,4,Flip,7,D_Flip_7,False,True,,2871805,True
skater_D/cam_4/Flip_8.mp4,D,4,Flip,8,D_Flip_8,False,True,,2312592,True
skater_D/cam_4/Flip_9.mp4,D,4,Flip,9,D_Flip_9,False,True,,2671993,True
skater_D/cam_4/Loop_1.mp4,D,4,Loop,1,D_Loop_1,False,True,,2964739,True
skater_D/cam_4/Loop_10.mp4,D,4,Loop,10,D_Loop_10,False,True,,3003592,True
skater_D/cam_4/Loop_2.mp4,D,4,Loop,2,D_Loop_2,False,True,,2513421,True
skater_D/cam_4/Loop_3.mp4,D,4,Loop,3,D_Loop_3,False,True,,2333794,True
skater_D/cam_4/Loop_4.mp4,D,4,Loop,4,D_Loop_4,False,True,,2268766,True
skater_D/cam_4/Loop_5.mp4,D,4,Loop,5,D_Loop_5,False,True,,2883329,True
skater_D/cam_4/Loop_6.mp4,D,4,Loop,6,D_Loop_6,False,True,,2834405,True
skater_D/cam_4/Loop_7.mp4,D,4,Loop,7,D_Loop_7,False,True,,3051167,True
skater_D/cam_4/Loop_8.mp4,D,4,Loop,8,D_Loop_8,False,True,,2930510,True
skater_D/cam_4/Loop_9.mp4,D,4,Loop,9,D_Loop_9,False,True,,3325389,True
skater_D/cam_4/Lutz_1.mp4,D,4,Lutz,1,D_Lutz_1,False,True,,2896049,True
skater_D/cam_4/Lutz_10.mp4,D,4,Lutz,10,D_Lutz_10,False,True,,2765586,True
skater_D/cam_4/Lutz_2.mp4,D,4,Lutz,2,D_Lutz_2,False,True,,2991930,True
skater_D/cam_4/Lutz_3.mp4,D,4,Lutz,3,D_Lutz_3,False,True,,2940580,True
skater_D/cam_4/Lutz_4.mp4,D,4,Lutz,4,D_Lutz_4,False,True,,2719907,True
skater_D/cam_4/Lutz_5.mp4,D,4,Lutz,5,D_Lutz_5,False,True,,2762358,True
skater_D/cam_4/Lutz_6.mp4,D,4,Lutz,6,D_Lutz_6,False,True,,3073673,True
skater_D/cam_4/Lutz_7.mp4,D,4,Lutz,7,D_Lutz_7,False,True,,2643258,True
skater_D/cam_4/Lutz_8.mp4,D,4,Lutz,8,D_Lutz_8,False,True,,2632655,True
skater_D/cam_4/Lutz_9.mp4,D,4,Lutz,9,D_Lutz_9,False,True,,3033589,True
skater_D/cam_4/Salchow_1.mp4,D,4,Salchow,1,D_Salchow_1,False,True,,2569650,True
skater_D/cam_4/Salchow_10.mp4,D,4,Salchow,10,D_Salchow_10,False,True,,2896111,True
skater_D/cam_4/Salchow_2.mp4,D,4,Salchow,2,D_Salchow_2,False,True,,2749854,True
skater_D/cam_4/Salchow_3.mp4,D,4,Salchow,3,D_Salchow_3,False,True,,2932650,True
skater_D/cam_4/Salchow_4.mp4,D,4,Salchow,4,D_Salchow_4,False,True,,2777275,True
skater_D/cam_4/Salchow_5.mp4,D,4,Salchow,5,D_Salchow_5,False,True,,2826189,True
skater_D/cam_4/Salchow_6.mp4,D,4,Salchow,6,D_Salchow_6,False,True,,2866236,True
skater_D/cam_4/Salchow_7.mp4,D,4,Salchow,7,D_Salchow_7,False,True,,2973816,True
skater_D/cam_4/Salchow_8.mp4,D,4,Salchow,8,D_Salchow_8,False,True,,3172689,True
skater_D/cam_4/Salchow_9.mp4,D,4,Salchow,9,D_Salchow_9,False,True,,3224754,True
skater_D/cam_4/Toeloop_1.mp4,D,4,Toeloop,1,D_Toeloop_1,False,True,,3139544,True
skater_D/cam_4/Toeloop_10.mp4,D,4,Toeloop,10,D_Toeloop_10,False,True,,2586084,True
skater_D/cam_4/Toeloop_2.mp4,D,4,Toeloop,2,D_Toeloop_2,False,True,,2732594,True
skater_D/cam_4/Toeloop_3.mp4,D,4,Toeloop,3,D_Toeloop_3,False,True,,2498699,True
skater_D/cam_4/Toeloop_4.mp4,D,4,Toeloop,4,D_Toeloop_4,False,True,,2894465,True
skater_D/cam_4/Toeloop_5.mp4,D,4,Toeloop,5,D_Toeloop_5,False,True,,2988341,True
skater_D/cam_4/Toeloop_6.mp4,D,4,Toeloop,6,D_Toeloop_6,False,True,,2319213,True
skater_D/cam_4/Toeloop_7.mp4,D,4,Toeloop,7,D_Toeloop_7,False,True,,3033827,True
skater_D/cam_4/Toeloop_8.mp4,D,4,Toeloop,8,D_Toeloop_8,False,True,,3093949,True
skater_D/cam_4/Toeloop_9.mp4,D,4,Toeloop,9,D_Toeloop_9,False,True,,3067303,True
skater_D/cam_5/Axel_1.mp4,D,5,Axel,1,D_Axel_1,False,True,,2515116,True
skater_D/cam_5/Axel_10.mp4,D,5,Axel,10,D_Axel_10,False,True,,3009386,True
skater_D/cam_5/Axel_2.mp4,D,5,Axel,2,D_Axel_2,False,True,,2848972,True
skater_D/cam_5/Axel_3.mp4,D,5,Axel,3,D_Axel_3,False,True,,2684718,True
skater_D/cam_5/Axel_4.mp4,D,5,Axel,4,D_Axel_4,False,True,,2928026,True
skater_D/cam_5/Axel_5.mp4,D,5,Axel,5,D_Axel_5,False,True,,2475841,True
skater_D/cam_5/Axel_6.mp4,D,5,Axel,6,D_Axel_6,False,True,,2865217,True
skater_D/cam_5/Axel_7.mp4,D,5,Axel,7,D_Axel_7,False,True,,2242903,True
skater_D/cam_5/Axel_8.mp4,D,5,Axel,8,D_Axel_8,False,True,,3024670,True
skater_D/cam_5/Axel_9.mp4,D,5,Axel,9,D_Axel_9,False,True,,2512338,True
skater_D/cam_5/Comb_1.mp4,D,5,Comb,1,D_Comb_1,True,False,,5443205,True
skater_D/cam_5/Comb_2.mp4,D,5,Comb,2,D_Comb_2,True,False,,5704564,True
skater_D/cam_5/Comb_3.mp4,D,5,Comb,3,D_Comb_3,True,False,,5469425,True
skater_D/cam_5/Flip_1.mp4,D,5,Flip,1,D_Flip_1,False,True,,2592104,True
skater_D/cam_5/Flip_10.mp4,D,5,Flip,10,D_Flip_10,False,True,,3233684,True
skater_D/cam_5/Flip_2.mp4,D,5,Flip,2,D_Flip_2,False,True,,2755481,True
skater_D/cam_5/Flip_3.mp4,D,5,Flip,3,D_Flip_3,False,True,,2446418,True
skater_D/cam_5/Flip_4.mp4,D,5,Flip,4,D_Flip_4,False,True,,3141986,True
skater_D/cam_5/Flip_5.mp4,D,5,Flip,5,D_Flip_5,False,True,,2752577,True
skater_D/cam_5/Flip_6.mp4,D,5,Flip,6,D_Flip_6,False,True,,2399175,True
skater_D/cam_5/Flip_7.mp4,D,5,Flip,7,D_Flip_7,False,True,,2832060,True
skater_D/cam_5/Flip_8.mp4,D,5,Flip,8,D_Flip_8,False,True,,2281114,True
skater_D/cam_5/Flip_9.mp4,D,5,Flip,9,D_Flip_9,False,True,,2579516,True
skater_D/cam_5/Loop_1.mp4,D,5,Loop,1,D_Loop_1,False,True,,2865032,True
skater_D/cam_5/Loop_10.mp4,D,5,Loop,10,D_Loop_10,False,True,,2886617,True
skater_D/cam_5/Loop_2.mp4,D,5,Loop,2,D_Loop_2,False,True,,2481595,True
skater_D/cam_5/Loop_3.mp4,D,5,Loop,3,D_Loop_3,False,True,,2302382,True
skater_D/cam_5/Loop_4.mp4,D,5,Loop,4,D_Loop_4,False,True,,2322510,True
skater_D/cam_5/Loop_5.mp4,D,5,Loop,5,D_Loop_5,False,True,,2807084,True
skater_D/cam_5/Loop_6.mp4,D,5,Loop,6,D_Loop_6,False,True,,2709120,True
skater_D/cam_5/Loop_7.mp4,D,5,Loop,7,D_Loop_7,False,True,,2927478,True
skater_D/cam_5/Loop_8.mp4,D,5,Loop,8,D_Loop_8,False,True,,2774857,True
skater_D/cam_5/Loop_9.mp4,D,5,Loop,9,D_Loop_9,False,True,,2923686,True
skater_D/cam_5/Lutz_1.mp4,D,5,Lutz,1,D_Lutz_1,False,True,,2743014,True
skater_D/cam_5/Lutz_10.mp4,D,5,Lutz,10,D_Lutz_10,False,True,,2761604,True
skater_D/cam_5/Lutz_2.mp4,D,5,Lutz,2,D_Lutz_2,False,True,,2902929,True
skater_D/cam_5/Lutz_3.mp4,D,5,Lutz,3,D_Lutz_3,False,True,,2878458,True
skater_D/cam_5/Lutz_4.mp4,D,5,Lutz,4,D_Lutz_4,False,True,,2680695,True
skater_D/cam_5/Lutz_5.mp4,D,5,Lutz,5,D_Lutz_5,False,True,,2679755,True
skater_D/cam_5/Lutz_6.mp4,D,5,Lutz,6,D_Lutz_6,False,True,,2959749,True
skater_D/cam_5/Lutz_7.mp4,D,5,Lutz,7,D_Lutz_7,False,True,,2604366,True
skater_D/cam_5/Lutz_8.mp4,D,5,Lutz,8,D_Lutz_8,False,True,,2641217,True
skater_D/cam_5/Lutz_9.mp4,D,5,Lutz,9,D_Lutz_9,False,True,,3035019,True
skater_D/cam_5/Salchow_1.mp4,D,5,Salchow,1,D_Salchow_1,False,True,,2532697,True
skater_D/cam_5/Salchow_10.mp4,D,5,Salchow,10,D_Salchow_10,False,True,,2812735,True
skater_D/cam_5/Salchow_2.mp4,D,5,Salchow,2,D_Salchow_2,False,True,,2683065,True
skater_D/cam_5/Salchow_3.mp4,D,5,Salchow,3,D_Salchow_3,False,True,,2798926,True
skater_D/cam_5/Salchow_4.mp4,D,5,Salchow,4,D_Salchow_4,False,True,,2672521,True
skater_D/cam_5/Salchow_5.mp4,D,5,Salchow,5,D_Salchow_5,False,True,,2791016,True
skater_D/cam_5/Salchow_6.mp4,D,5,Salchow,6,D_Salchow_6,False,True,,2784099,True
skater_D/cam_5/Salchow_7.mp4,D,5,Salchow,7,D_Salchow_7,False,True,,3108975,True
skater_D/cam_5/Salchow_8.mp4,D,5,Salchow,8,D_Salchow_8,False,True,,3053002,True
skater_D/cam_5/Salchow_9.mp4,D,5,Salchow,9,D_Salchow_9,False,True,,3158082,True
skater_D/cam_5/Toeloop_1.mp4,D,5,Toeloop,1,D_Toeloop_1,False,True,,3220863,True
skater_D/cam_5/Toeloop_10.mp4,D,5,Toeloop,10,D_Toeloop_10,False,True,,2583587,True
skater_D/cam_5/Toeloop_2.mp4,D,5,Toeloop,2,D_Toeloop_2,False,True,,2685746,True
skater_D/cam_5/Toeloop_3.mp4,D,5,Toeloop,3,D_Toeloop_3,False,True,,2417193,True
skater_D/cam_5/Toeloop_4.mp4,D,5,Toeloop,4,D_Toeloop_4,False,True,,2843812,True
skater_D/cam_5/Toeloop_5.mp4,D,5,Toeloop,5,D_Toeloop_5,False,True,,2926003,True
skater_D/cam_5/Toeloop_6.mp4,D,5,Toeloop,6,D_Toeloop_6,False,True,,2327636,True
skater_D/cam_5/Toeloop_7.mp4,D,5,Toeloop,7,D_Toeloop_7,False,True,,2994048,True
skater_D/cam_5/Toeloop_8.mp4,D,5,Toeloop,8,D_Toeloop_8,False,True,,3029748,True
skater_D/cam_5/Toeloop_9.mp4,D,5,Toeloop,9,D_Toeloop_9,False,True,,3214752,True
skater_D/cam_6/Axel_1.mp4,D,6,Axel,1,D_Axel_1,False,True,,2773713,True
skater_D/cam_6/Axel_10.mp4,D,6,Axel,10,D_Axel_10,False,True,,3189783,True
skater_D/cam_6/Axel_2.mp4,D,6,Axel,2,D_Axel_2,False,True,,3104980,True
skater_D/cam_6/Axel_3.mp4,D,6,Axel,3,D_Axel_3,False,True,,3089467,True
skater_D/cam_6/Axel_4.mp4,D,6,Axel,4,D_Axel_4,False,True,,3163808,True
skater_D/cam_6/Axel_5.mp4,D,6,Axel,5,D_Axel_5,False,True,,2847131,True
skater_D/cam_6/Axel_6.mp4,D,6,Axel,6,D_Axel_6,False,True,,3103074,True
skater_D/cam_6/Axel_7.mp4,D,6,Axel,7,D_Axel_7,False,True,,2476047,True
skater_D/cam_6/Axel_8.mp4,D,6,Axel,8,D_Axel_8,False,True,,3153801,True
skater_D/cam_6/Axel_9.mp4,D,6,Axel,9,D_Axel_9,False,True,,2715646,True
skater_D/cam_6/Comb_1.mp4,D,6,Comb,1,D_Comb_1,True,False,,6053165,True
skater_D/cam_6/Comb_2.mp4,D,6,Comb,2,D_Comb_2,True,False,,6488899,True
skater_D/cam_6/Comb_3.mp4,D,6,Comb,3,D_Comb_3,True,False,,5908729,True
skater_D/cam_6/Flip_1.mp4,D,6,Flip,1,D_Flip_1,False,True,,3196261,True
skater_D/cam_6/Flip_10.mp4,D,6,Flip,10,D_Flip_10,False,True,,3179442,True
skater_D/cam_6/Flip_2.mp4,D,6,Flip,2,D_Flip_2,False,True,,3369462,True
skater_D/cam_6/Flip_3.mp4,D,6,Flip,3,D_Flip_3,False,True,,2721645,True
skater_D/cam_6/Flip_4.mp4,D,6,Flip,4,D_Flip_4,False,True,,3421083,True
skater_D/cam_6/Flip_5.mp4,D,6,Flip,5,D_Flip_5,False,True,,2953070,True
skater_D/cam_6/Flip_6.mp4,D,6,Flip,6,D_Flip_6,False,True,,2648243,True
skater_D/cam_6/Flip_7.mp4,D,6,Flip,7,D_Flip_7,False,True,,3392902,True
skater_D/cam_6/Flip_8.mp4,D,6,Flip,8,D_Flip_8,False,True,,2552340,True
skater_D/cam_6/Flip_9.mp4,D,6,Flip,9,D_Flip_9,False,True,,2849080,True
skater_D/cam_6/Loop_1.mp4,D,6,Loop,1,D_Loop_1,False,True,,3173315,True
skater_D/cam_6/Loop_10.mp4,D,6,Loop,10,D_Loop_10,False,True,,3142762,True
skater_D/cam_6/Loop_2.mp4,D,6,Loop,2,D_Loop_2,False,True,,2811557,True
skater_D/cam_6/Loop_3.mp4,D,6,Loop,3,D_Loop_3,False,True,,2515848,True
skater_D/cam_6/Loop_4.mp4,D,6,Loop,4,D_Loop_4,False,True,,2496311,True
skater_D/cam_6/Loop_5.mp4,D,6,Loop,5,D_Loop_5,False,True,,3220813,True
skater_D/cam_6/Loop_6.mp4,D,6,Loop,6,D_Loop_6,False,True,,2987528,True
skater_D/cam_6/Loop_7.mp4,D,6,Loop,7,D_Loop_7,False,True,,3149114,True
skater_D/cam_6/Loop_8.mp4,D,6,Loop,8,D_Loop_8,False,True,,3027885,True
skater_D/cam_6/Loop_9.mp4,D,6,Loop,9,D_Loop_9,False,True,,3147585,True
skater_D/cam_6/Lutz_1.mp4,D,6,Lutz,1,D_Lutz_1,False,True,,2922931,True
skater_D/cam_6/Lutz_10.mp4,D,6,Lutz,10,D_Lutz_10,False,True,,2948693,True
skater_D/cam_6/Lutz_2.mp4,D,6,Lutz,2,D_Lutz_2,False,True,,3334492,True
skater_D/cam_6/Lutz_3.mp4,D,6,Lutz,3,D_Lutz_3,False,True,,3053165,True
skater_D/cam_6/Lutz_4.mp4,D,6,Lutz,4,D_Lutz_4,False,True,,3023167,True
skater_D/cam_6/Lutz_5.mp4,D,6,Lutz,5,D_Lutz_5,False,True,,2922731,True
skater_D/cam_6/Lutz_6.mp4,D,6,Lutz,6,D_Lutz_6,False,True,,3083175,True
skater_D/cam_6/Lutz_7.mp4,D,6,Lutz,7,D_Lutz_7,False,True,,2880445,True
skater_D/cam_6/Lutz_8.mp4,D,6,Lutz,8,D_Lutz_8,False,True,,2780132,True
skater_D/cam_6/Lutz_9.mp4,D,6,Lutz,9,D_Lutz_9,False,True,,3211282,True
skater_D/cam_6/Salchow_1.mp4,D,6,Salchow,1,D_Salchow_1,False,True,,2802058,True
skater_D/cam_6/Salchow_10.mp4,D,6,Salchow,10,D_Salchow_10,False,True,,3072317,True
skater_D/cam_6/Salchow_2.mp4,D,6,Salchow,2,D_Salchow_2,False,True,,2923437,True
skater_D/cam_6/Salchow_3.mp4,D,6,Salchow,3,D_Salchow_3,False,True,,3058012,True
skater_D/cam_6/Salchow_4.mp4,D,6,Salchow,4,D_Salchow_4,False,True,,3030214,True
skater_D/cam_6/Salchow_5.mp4,D,6,Salchow,5,D_Salchow_5,False,True,,3052710,True
skater_D/cam_6/Salchow_6.mp4,D,6,Salchow,6,D_Salchow_6,False,True,,3072812,True
skater_D/cam_6/Salchow_7.mp4,D,6,Salchow,7,D_Salchow_7,False,True,,3103785,True
skater_D/cam_6/Salchow_8.mp4,D,6,Salchow,8,D_Salchow_8,False,True,,3470625,True
skater_D/cam_6/Salchow_9.mp4,D,6,Salchow,9,D_Salchow_9,False,True,,3145647,True
skater_D/cam_6/Toeloop_1.mp4,D,6,Toeloop,1,D_Toeloop_1,False,True,,3194816,True
skater_D/cam_6/Toeloop_10.mp4,D,6,Toeloop,10,D_Toeloop_10,False,True,,2807762,True
skater_D/cam_6/Toeloop_2.mp4,D,6,Toeloop,2,D_Toeloop_2,False,True,,3183605,True
skater_D/cam_6/Toeloop_3.mp4,D,6,Toeloop,3,D_Toeloop_3,False,True,,2797039,True
skater_D/cam_6/Toeloop_4.mp4,D,6,Toeloop,4,D_Toeloop_4,False,True,,3086723,True
skater_D/cam_6/Toeloop_5.mp4,D,6,Toeloop,5,D_Toeloop_5,False,True,,3150360,True
skater_D/cam_6/Toeloop_6.mp4,D,6,Toeloop,6,D_Toeloop_6,False,True,,2622227,True
skater_D/cam_6/Toeloop_7.mp4,D,6,Toeloop,7,D_Toeloop_7,False,True,,3267771,True
skater_D/cam_6/Toeloop_8.mp4,D,6,Toeloop,8,D_Toeloop_8,False,True,,3251845,True
skater_D/cam_6/Toeloop_9.mp4,D,6,Toeloop,9,D_Toeloop_9,False,True,,3416405,True
skater_D/cam_7/Axel_1.mp4,D,7,Axel,1,D_Axel_1,False,True,,2641125,True
skater_D/cam_7/Axel_10.mp4,D,7,Axel,10,D_Axel_10,False,True,,3038647,True
skater_D/cam_7/Axel_2.mp4,D,7,Axel,2,D_Axel_2,False,True,,2818084,True
skater_D/cam_7/Axel_3.mp4,D,7,Axel,3,D_Axel_3,False,True,,2572670,True
skater_D/cam_7/Axel_4.mp4,D,7,Axel,4,D_Axel_4,False,True,,2975245,True
skater_D/cam_7/Axel_5.mp4,D,7,Axel,5,D_Axel_5,False,True,,2820234,True
skater_D/cam_7/Axel_6.mp4,D,7,Axel,6,D_Axel_6,False,True,,2964554,True
skater_D/cam_7/Axel_7.mp4,D,7,Axel,7,D_Axel_7,False,True,,2337137,True
skater_D/cam_7/Axel_8.mp4,D,7,Axel,8,D_Axel_8,False,True,,2978566,True
skater_D/cam_7/Axel_9.mp4,D,7,Axel,9,D_Axel_9,False,True,,2661704,True
skater_D/cam_7/Comb_1.mp4,D,7,Comb,1,D_Comb_1,True,False,,5673334,True
skater_D/cam_7/Comb_2.mp4,D,7,Comb,2,D_Comb_2,True,False,,5616076,True
skater_D/cam_7/Comb_3.mp4,D,7,Comb,3,D_Comb_3,True,False,,5311791,True
skater_D/cam_7/Flip_1.mp4,D,7,Flip,1,D_Flip_1,False,True,,2642612,True
skater_D/cam_7/Flip_10.mp4,D,7,Flip,10,D_Flip_10,False,True,,2981010,True
skater_D/cam_7/Flip_2.mp4,D,7,Flip,2,D_Flip_2,False,True,,2749790,True
skater_D/cam_7/Flip_3.mp4,D,7,Flip,3,D_Flip_3,False,True,,2530600,True
skater_D/cam_7/Flip_4.mp4,D,7,Flip,4,D_Flip_4,False,True,,3014632,True
skater_D/cam_7/Flip_5.mp4,D,7,Flip,5,D_Flip_5,False,True,,2931370,True
skater_D/cam_7/Flip_6.mp4,D,7,Flip,6,D_Flip_6,False,True,,2554257,True
skater_D/cam_7/Flip_7.mp4,D,7,Flip,7,D_Flip_7,False,True,,3020155,True
skater_D/cam_7/Flip_8.mp4,D,7,Flip,8,D_Flip_8,False,True,,2371259,True
skater_D/cam_7/Flip_9.mp4,D,7,Flip,9,D_Flip_9,False,True,,2833200,True
skater_D/cam_7/Loop_1.mp4,D,7,Loop,1,D_Loop_1,False,True,,2968157,True
skater_D/cam_7/Loop_10.mp4,D,7,Loop,10,D_Loop_10,False,True,,2978780,True
skater_D/cam_7/Loop_2.mp4,D,7,Loop,2,D_Loop_2,False,True,,2631575,True
skater_D/cam_7/Loop_3.mp4,D,7,Loop,3,D_Loop_3,False,True,,2496519,True
skater_D/cam_7/Loop_4.mp4,D,7,Loop,4,D_Loop_4,False,True,,2439466,True
skater_D/cam_7/Loop_5.mp4,D,7,Loop,5,D_Loop_5,False,True,,2732439,True
skater_D/cam_7/Loop_6.mp4,D,7,Loop,6,D_Loop_6,False,True,,2734611,True
skater_D/cam_7/Loop_7.mp4,D,7,Loop,7,D_Loop_7,False,True,,2935212,True
skater_D/cam_7/Loop_8.mp4,D,7,Loop,8,D_Loop_8,False,True,,2826214,True
skater_D/cam_7/Loop_9.mp4,D,7,Loop,9,D_Loop_9,False,True,,2915051,True
skater_D/cam_7/Lutz_1.mp4,D,7,Lutz,1,D_Lutz_1,False,True,,2630871,True
skater_D/cam_7/Lutz_10.mp4,D,7,Lutz,10,D_Lutz_10,False,True,,2591697,True
skater_D/cam_7/Lutz_2.mp4,D,7,Lutz,2,D_Lutz_2,False,True,,2880647,True
skater_D/cam_7/Lutz_3.mp4,D,7,Lutz,3,D_Lutz_3,False,True,,2743805,True
skater_D/cam_7/Lutz_4.mp4,D,7,Lutz,4,D_Lutz_4,False,True,,2733236,True
skater_D/cam_7/Lutz_5.mp4,D,7,Lutz,5,D_Lutz_5,False,True,,2544427,True
skater_D/cam_7/Lutz_6.mp4,D,7,Lutz,6,D_Lutz_6,False,True,,2984945,True
skater_D/cam_7/Lutz_7.mp4,D,7,Lutz,7,D_Lutz_7,False,True,,2706395,True
skater_D/cam_7/Lutz_8.mp4,D,7,Lutz,8,D_Lutz_8,False,True,,2649371,True
skater_D/cam_7/Lutz_9.mp4,D,7,Lutz,9,D_Lutz_9,False,True,,2860784,True
skater_D/cam_7/Salchow_1.mp4,D,7,Salchow,1,D_Salchow_1,False,True,,2741141,True
skater_D/cam_7/Salchow_10.mp4,D,7,Salchow,10,D_Salchow_10,False,True,,2971148,True
skater_D/cam_7/Salchow_2.mp4,D,7,Salchow,2,D_Salchow_2,False,True,,2713339,True
skater_D/cam_7/Salchow_3.mp4,D,7,Salchow,3,D_Salchow_3,False,True,,2843277,True
skater_D/cam_7/Salchow_4.mp4,D,7,Salchow,4,D_Salchow_4,False,True,,2826787,True
skater_D/cam_7/Salchow_5.mp4,D,7,Salchow,5,D_Salchow_5,False,True,,2889968,True
skater_D/cam_7/Salchow_6.mp4,D,7,Salchow,6,D_Salchow_6,False,True,,2864113,True
skater_D/cam_7/Salchow_7.mp4,D,7,Salchow,7,D_Salchow_7,False,True,,2994818,True
skater_D/cam_7/Salchow_8.mp4,D,7,Salchow,8,D_Salchow_8,False,True,,2878977,True
skater_D/cam_7/Salchow_9.mp4,D,7,Salchow,9,D_Salchow_9,False,True,,2866588,True
skater_D/cam_7/Toeloop_1.mp4,D,7,Toeloop,1,D_Toeloop_1,False,True,,2908723,True
skater_D/cam_7/Toeloop_10.mp4,D,7,Toeloop,10,D_Toeloop_10,False,True,,2531912,True
skater_D/cam_7/Toeloop_2.mp4,D,7,Toeloop,2,D_Toeloop_2,False,True,,2591541,True
skater_D/cam_7/Toeloop_3.mp4,D,7,Toeloop,3,D_Toeloop_3,False,True,,2389204,True
skater_D/cam_7/Toeloop_4.mp4,D,7,Toeloop,4,D_Toeloop_4,False,True,,2821866,True
skater_D/cam_7/Toeloop_5.mp4,D,7,Toeloop,5,D_Toeloop_5,False,True,,2847512,True
skater_D/cam_7/Toeloop_6.mp4,D,7,Toeloop,6,D_Toeloop_6,False,True,,2329677,True
skater_D/cam_7/Toeloop_7.mp4,D,7,Toeloop,7,D_Toeloop_7,False,True,,2971133,True
skater_D/cam_7/Toeloop_8.mp4,D,7,Toeloop,8,D_Toeloop_8,False,True,,3043653,True
skater_D/cam_7/Toeloop_9.mp4,D,7,Toeloop,9,D_Toeloop_9,False,True,,2925012,True
skater_D/cam_8/Axel_1.mp4,D,8,Axel,1,D_Axel_1,False,True,,2221681,True
skater_D/cam_8/Axel_10.mp4,D,8,Axel,10,D_Axel_10,False,True,,2722941,True
skater_D/cam_8/Axel_2.mp4,D,8,Axel,2,D_Axel_2,False,True,,2421922,True
skater_D/cam_8/Axel_3.mp4,D,8,Axel,3,D_Axel_3,False,True,,2305931,True
skater_D/cam_8/Axel_4.mp4,D,8,Axel,4,D_Axel_4,False,True,,2763818,True
skater_D/cam_8/Axel_5.mp4,D,8,Axel,5,D_Axel_5,False,True,,2410001,True
skater_D/cam_8/Axel_6.mp4,D,8,Axel,6,D_Axel_6,False,True,,2536261,True
skater_D/cam_8/Axel_7.mp4,D,8,Axel,7,D_Axel_7,False,True,,1888459,True
skater_D/cam_8/Axel_8.mp4,D,8,Axel,8,D_Axel_8,False,True,,2676375,True
skater_D/cam_8/Axel_9.mp4,D,8,Axel,9,D_Axel_9,False,True,,2249689,True
skater_D/cam_8/Comb_1.mp4,D,8,Comb,1,D_Comb_1,True,False,,4894749,True
skater_D/cam_8/Comb_2.mp4,D,8,Comb,2,D_Comb_2,True,False,,5138068,True
skater_D/cam_8/Comb_3.mp4,D,8,Comb,3,D_Comb_3,True,False,,4693384,True
skater_D/cam_8/Flip_1.mp4,D,8,Flip,1,D_Flip_1,False,True,,2327567,True
skater_D/cam_8/Flip_10.mp4,D,8,Flip,10,D_Flip_10,False,True,,2806263,True
skater_D/cam_8/Flip_2.mp4,D,8,Flip,2,D_Flip_2,False,True,,2546182,True
skater_D/cam_8/Flip_3.mp4,D,8,Flip,3,D_Flip_3,False,True,,2162999,True
skater_D/cam_8/Flip_4.mp4,D,8,Flip,4,D_Flip_4,False,True,,2765833,True
skater_D/cam_8/Flip_5.mp4,D,8,Flip,5,D_Flip_5,False,True,,2648167,True
skater_D/cam_8/Flip_6.mp4,D,8,Flip,6,D_Flip_6,False,True,,2154624,True
skater_D/cam_8/Flip_7.mp4,D,8,Flip,7,D_Flip_7,False,True,,2694470,True
skater_D/cam_8/Flip_8.mp4,D,8,Flip,8,D_Flip_8,False,True,,2020973,True
skater_D/cam_8/Flip_9.mp4,D,8,Flip,9,D_Flip_9,False,True,,2531772,True
skater_D/cam_8/Loop_1.mp4,D,8,Loop,1,D_Loop_1,False,True,,2615191,True
skater_D/cam_8/Loop_10.mp4,D,8,Loop,10,D_Loop_10,False,True,,2669990,True
skater_D/cam_8/Loop_2.mp4,D,8,Loop,2,D_Loop_2,False,True,,2177777,True
skater_D/cam_8/Loop_3.mp4,D,8,Loop,3,D_Loop_3,False,True,,2103765,True
skater_D/cam_8/Loop_4.mp4,D,8,Loop,4,D_Loop_4,False,True,,2026946,True
skater_D/cam_8/Loop_5.mp4,D,8,Loop,5,D_Loop_5,False,True,,2518439,True
skater_D/cam_8/Loop_6.mp4,D,8,Loop,6,D_Loop_6,False,True,,2373286,True
skater_D/cam_8/Loop_7.mp4,D,8,Loop,7,D_Loop_7,False,True,,2801358,True
skater_D/cam_8/Loop_8.mp4,D,8,Loop,8,D_Loop_8,False,True,,2519244,True
skater_D/cam_8/Loop_9.mp4,D,8,Loop,9,D_Loop_9,False,True,,2767561,True
skater_D/cam_8/Lutz_1.mp4,D,8,Lutz,1,D_Lutz_1,False,True,,2337379,True
skater_D/cam_8/Lutz_10.mp4,D,8,Lutz,10,D_Lutz_10,False,True,,2194491,True
skater_D/cam_8/Lutz_2.mp4,D,8,Lutz,2,D_Lutz_2,False,True,,2652179,True
skater_D/cam_8/Lutz_3.mp4,D,8,Lutz,3,D_Lutz_3,False,True,,2426497,True
skater_D/cam_8/Lutz_4.mp4,D,8,Lutz,4,D_Lutz_4,False,True,,2412884,True
skater_D/cam_8/Lutz_5.mp4,D,8,Lutz,5,D_Lutz_5,False,True,,2090259,True
skater_D/cam_8/Lutz_6.mp4,D,8,Lutz,6,D_Lutz_6,False,True,,2762384,True
skater_D/cam_8/Lutz_7.mp4,D,8,Lutz,7,D_Lutz_7,False,True,,2372528,True
skater_D/cam_8/Lutz_8.mp4,D,8,Lutz,8,D_Lutz_8,False,True,,2230920,True
skater_D/cam_8/Lutz_9.mp4,D,8,Lutz,9,D_Lutz_9,False,True,,2641106,True
skater_D/cam_8/Salchow_1.mp4,D,8,Salchow,1,D_Salchow_1,False,True,,2365815,True
skater_D/cam_8/Salchow_10.mp4,D,8,Salchow,10,D_Salchow_10,False,True,,2626063,True
skater_D/cam_8/Salchow_2.mp4,D,8,Salchow,2,D_Salchow_2,False,True,,2354973,True
skater_D/cam_8/Salchow_3.mp4,D,8,Salchow,3,D_Salchow_3,False,True,,2618517,True
skater_D/cam_8/Salchow_4.mp4,D,8,Salchow,4,D_Salchow_4,False,True,,2565028,True
skater_D/cam_8/Salchow_5.mp4,D,8,Salchow,5,D_Salchow_5,False,True,,2565921,True
skater_D/cam_8/Salchow_6.mp4,D,8,Salchow,6,D_Salchow_6,False,True,,2583905,True
skater_D/cam_8/Salchow_7.mp4,D,8,Salchow,7,D_Salchow_7,False,True,,2820659,True
skater_D/cam_8/Salchow_8.mp4,D,8,Salchow,8,D_Salchow_8,False,True,,2741743,True
skater_D/cam_8/Salchow_9.mp4,D,8,Salchow,9,D_Salchow_9,False,True,,2629576,True
skater_D/cam_8/Toeloop_1.mp4,D,8,Toeloop,1,D_Toeloop_1,False,True,,2613758,True
skater_D/cam_8/Toeloop_10.mp4,D,8,Toeloop,10,D_Toeloop_10,False,True,,2114904,True
skater_D/cam_8/Toeloop_2.mp4,D,8,Toeloop,2,D_Toeloop_2,False,True,,2437454,True
skater_D/cam_8/Toeloop_3.mp4,D,8,Toeloop,3,D_Toeloop_3,False,True,,1962782,True
skater_D/cam_8/Toeloop_4.mp4,D,8,Toeloop,4,D_Toeloop_4,False,True,,2499814,True
skater_D/cam_8/Toeloop_5.mp4,D,8,Toeloop,5,D_Toeloop_5,False,True,,2523626,True
skater_D/cam_8/Toeloop_6.mp4,D,8,Toeloop,6,D_Toeloop_6,False,True,,1906738,True
skater_D/cam_8/Toeloop_7.mp4,D,8,Toeloop,7,D_Toeloop_7,False,True,,2767168,True
skater_D/cam_8/Toeloop_8.mp4,D,8,Toeloop,8,D_Toeloop_8,False,True,,2802940,True
skater_D/cam_8/Toeloop_9.mp4,D,8,Toeloop,9,D_Toeloop_9,False,True,,2778461,True
skater_D/cam_9/Axel_1.mp4,D,9,Axel,1,D_Axel_1,False,True,,2390662,True
skater_D/cam_9/Axel_10.mp4,D,9,Axel,10,D_Axel_10,False,True,,2920401,True
skater_D/cam_9/Axel_2.mp4,D,9,Axel,2,D_Axel_2,False,True,,2634936,True
skater_D/cam_9/Axel_3.mp4,D,9,Axel,3,D_Axel_3,False,True,,2334040,True
skater_D/cam_9/Axel_4.mp4,D,9,Axel,4,D_Axel_4,False,True,,2765095,True
skater_D/cam_9/Axel_5.mp4,D,9,Axel,5,D_Axel_5,False,True,,2486702,True
skater_D/cam_9/Axel_6.mp4,D,9,Axel,6,D_Axel_6,False,True,,2722198,True
skater_D/cam_9/Axel_7.mp4,D,9,Axel,7,D_Axel_7,False,True,,2270662,True
skater_D/cam_9/Axel_8.mp4,D,9,Axel,8,D_Axel_8,False,True,,2769367,True
skater_D/cam_9/Axel_9.mp4,D,9,Axel,9,D_Axel_9,False,True,,2510286,True
skater_D/cam_9/Comb_1.mp4,D,9,Comb,1,D_Comb_1,True,False,,5345127,True
skater_D/cam_9/Comb_2.mp4,D,9,Comb,2,D_Comb_2,True,False,,5297217,True
skater_D/cam_9/Comb_3.mp4,D,9,Comb,3,D_Comb_3,True,False,,5158685,True
skater_D/cam_9/Flip_1.mp4,D,9,Flip,1,D_Flip_1,False,True,,2523657,True
skater_D/cam_9/Flip_10.mp4,D,9,Flip,10,D_Flip_10,False,True,,2982481,True
skater_D/cam_9/Flip_2.mp4,D,9,Flip,2,D_Flip_2,False,True,,2699551,True
skater_D/cam_9/Flip_3.mp4,D,9,Flip,3,D_Flip_3,False,True,,2437472,True
skater_D/cam_9/Flip_4.mp4,D,9,Flip,4,D_Flip_4,False,True,,3001917,True
skater_D/cam_9/Flip_5.mp4,D,9,Flip,5,D_Flip_5,False,True,,2922451,True
skater_D/cam_9/Flip_6.mp4,D,9,Flip,6,D_Flip_6,False,True,,2428886,True
skater_D/cam_9/Flip_7.mp4,D,9,Flip,7,D_Flip_7,False,True,,2888450,True
skater_D/cam_9/Flip_8.mp4,D,9,Flip,8,D_Flip_8,False,True,,2262890,True
skater_D/cam_9/Flip_9.mp4,D,9,Flip,9,D_Flip_9,False,True,,2706099,True
skater_D/cam_9/Loop_1.mp4,D,9,Loop,1,D_Loop_1,False,True,,2787917,True
skater_D/cam_9/Loop_10.mp4,D,9,Loop,10,D_Loop_10,False,True,,2884068,True
skater_D/cam_9/Loop_2.mp4,D,9,Loop,2,D_Loop_2,False,True,,2475617,True
skater_D/cam_9/Loop_3.mp4,D,9,Loop,3,D_Loop_3,False,True,,2209066,True
skater_D/cam_9/Loop_4.mp4,D,9,Loop,4,D_Loop_4,False,True,,2227203,True
skater_D/cam_9/Loop_5.mp4,D,9,Loop,5,D_Loop_5,False,True,,2712212,True
skater_D/cam_9/Loop_6.mp4,D,9,Loop,6,D_Loop_6,False,True,,2611729,True
skater_D/cam_9/Loop_7.mp4,D,9,Loop,7,D_Loop_7,False,True,,2890702,True
skater_D/cam_9/Loop_8.mp4,D,9,Loop,8,D_Loop_8,False,True,,2685301,True
skater_D/cam_9/Loop_9.mp4,D,9,Loop,9,D_Loop_9,False,True,,2873156,True
skater_D/cam_9/Lutz_1.mp4,D,9,Lutz,1,D_Lutz_1,False,True,,2502798,True
skater_D/cam_9/Lutz_10.mp4,D,9,Lutz,10,D_Lutz_10,False,True,,2297368,True
skater_D/cam_9/Lutz_2.mp4,D,9,Lutz,2,D_Lutz_2,False,True,,2712914,True
skater_D/cam_9/Lutz_3.mp4,D,9,Lutz,3,D_Lutz_3,False,True,,2467205,True
skater_D/cam_9/Lutz_4.mp4,D,9,Lutz,4,D_Lutz_4,False,True,,2502745,True
skater_D/cam_9/Lutz_5.mp4,D,9,Lutz,5,D_Lutz_5,False,True,,2271329,True
skater_D/cam_9/Lutz_6.mp4,D,9,Lutz,6,D_Lutz_6,False,True,,2767719,True
skater_D/cam_9/Lutz_7.mp4,D,9,Lutz,7,D_Lutz_7,False,True,,2455501,True
skater_D/cam_9/Lutz_8.mp4,D,9,Lutz,8,D_Lutz_8,False,True,,2381797,True
skater_D/cam_9/Lutz_9.mp4,D,9,Lutz,9,D_Lutz_9,False,True,,2652634,True
skater_D/cam_9/Salchow_1.mp4,D,9,Salchow,1,D_Salchow_1,False,True,,2558763,True
skater_D/cam_9/Salchow_10.mp4,D,9,Salchow,10,D_Salchow_10,False,True,,2825783,True
skater_D/cam_9/Salchow_2.mp4,D,9,Salchow,2,D_Salchow_2,False,True,,2630730,True
skater_D/cam_9/Salchow_3.mp4,D,9,Salchow,3,D_Salchow_3,False,True,,2751895,True
skater_D/cam_9/Salchow_4.mp4,D,9,Salchow,4,D_Salchow_4,False,True,,2729762,True
skater_D/cam_9/Salchow_5.mp4,D,9,Salchow,5,D_Salchow_5,False,True,,2780186,True
skater_D/cam_9/Salchow_6.mp4,D,9,Salchow,6,D_Salchow_6,False,True,,2771282,True
skater_D/cam_9/Salchow_7.mp4,D,9,Salchow,7,D_Salchow_7,False,True,,2892816,True
skater_D/cam_9/Salchow_8.mp4,D,9,Salchow,8,D_Salchow_8,False,True,,2671318,True
skater_D/cam_9/Salchow_9.mp4,D,9,Salchow,9,D_Salchow_9,False,True,,2749950,True
skater_D/cam_9/Toeloop_1.mp4,D,9,Toeloop,1,D_Toeloop_1,False,True,,2772504,True
skater_D/cam_9/Toeloop_10.mp4,D,9,Toeloop,10,D_Toeloop_10,False,True,,2420932,True
skater_D/cam_9/Toeloop_2.mp4,D,9,Toeloop,2,D_Toeloop_2,False,True,,2532481,True
skater_D/cam_9/Toeloop_3.mp4,D,9,Toeloop,3,D_Toeloop_3,False,True,,2304790,True
skater_D/cam_9/Toeloop_4.mp4,D,9,Toeloop,4,D_Toeloop_4,False,True,,2695735,True
skater_D/cam_9/Toeloop_5.mp4,D,9,Toeloop,5,D_Toeloop_5,False,True,,2642221,True
skater_D/cam_9/Toeloop_6.mp4,D,9,Toeloop,6,D_Toeloop_6,False,True,,2250415,True
skater_D/cam_9/Toeloop_7.mp4,D,9,Toeloop,7,D_Toeloop_7,False,True,,2808220,True
skater_D/cam_9/Toeloop_8.mp4,D,9,Toeloop,8,D_Toeloop_8,False,True,,2909087,True
skater_D/cam_9/Toeloop_9.mp4,D,9,Toeloop,9,D_Toeloop_9,False,True,,2689496,True
